po_exists,po_approved,grn_exists,vendor_approved,invoice_po_amount_ratio,duplicate_invoice,bank_account_changed,new_vendor,vendor_age_days,past_genuine_payments,amount_vs_vendor_avg,unusual_time,suspicious_channel,payments_last_24h,amount_last_24h,possible_split_payment,document_quality_score,is_fraud
1,1,1,1,1.0126,0,1,0,1305,46,0.7699,0,0,0,11203.53,0,0.8931,0
1,1,0,1,0.9686,0,1,0,3071,51,1.1984,0,0,2,4654.29,0,0.8816,0
1,1,0,1,1.0193,0,0,0,3580,125,1.0758,0,0,1,18373.69,0,0.9796,0
1,1,1,1,0.9821,0,0,0,674,192,1.4192,0,0,1,21219.63,0,0.8245,0
1,0,0,1,1.0104,0,0,0,493,72,1.0398,0,0,0,29661.02,0,0.9478,0
1,1,1,1,0.9899,0,0,0,1475,6,0.9709,0,0,3,18928.87,0,0.8278,0
1,1,1,1,1.064,0,1,0,1071,119,1.1476,0,0,0,1686.22,0,0.801,0
1,1,1,1,0.9218,0,0,0,2275,149,0.9915,0,0,3,24827.08,0,0.8831,0
1,1,1,1,1.0402,0,0,1,170,0,0.6593,0,0,2,31812.3,0,0.8705,0
1,1,1,1,0.9786,0,0,0,2785,65,1.1054,0,0,1,13390.27,0,0.9059,0
1,1,1,1,0.94,0,0,0,3201,157,0.9359,0,0,2,7946.13,0,0.8082,0
1,1,1,1,1.0849,0,0,0,644,166,0.7806,0,0,1,11354.98,0,0.9946,0
1,1,1,1,1.0824,0,0,0,3063,71,0.7593,0,0,0,5378.08,0,0.9298,0
1,1,1,1,1.0537,0,0,0,3239,91,1.0356,0,0,2,17824.52,0,0.7677,0
1,1,1,1,0.9405,0,0,1,62,0,1.5541,0,0,1,19577.45,0,0.9667,0
1,1,1,1,0.9927,0,0,0,2394,178,1.1104,0,0,3,8937.49,0,0.8362,0
0,0,1,1,1.1134,1,0,0,752,30,2.6275,1,1,6,19369.48,1,1.0,1
1,1,1,1,1.0278,0,0,1,122,3,0.7263,0,0,0,52300.97,0,0.8338,0
1,1,1,1,1.0184,0,0,0,2642,20,0.8981,0,1,1,19788.29,0,0.7039,0
1,1,1,0,0.9649,0,0,1,70,5,0.718,0,0,0,15086.63,1,0.9251,0
1,1,1,1,1.0126,0,0,1,55,4,1.1507,0,0,2,3920.36,0,1.0,0
1,0,1,1,0.9721,0,0,0,2004,46,1.2085,0,0,3,4885.48,0,0.7567,0
1,1,1,1,1.0096,0,0,0,534,200,0.5924,0,0,1,27279.17,1,0.746,0
1,1,1,1,1.0838,0,0,0,2856,81,0.6809,0,0,1,10854.72,0,0.9445,0
0,0,1,1,1.0933,0,0,0,1772,6,1.1896,0,0,0,20143.5,0,0.6691,0
1,1,1,1,0.9838,0,0,0,3363,120,0.8043,0,0,0,41383.48,0,0.9878,0
1,1,1,1,1.1358,0,1,1,7,49,1.264,1,1,2,9221.29,0,0.6401,1
1,1,1,1,1.0451,0,0,0,3550,54,0.473,0,0,2,27292.72,1,0.8522,0
1,1,1,1,1.0924,0,0,0,1216,106,0.9548,0,0,1,17391.77,0,0.9413,0
1,1,1,1,0.9371,0,0,0,2644,54,0.7885,0,0,1,10854.01,0,0.9248,0
0,0,0,1,1.0206,0,0,0,1758,6,1.2625,0,0,1,11972.86,0,0.9034,0
1,1,1,1,1.0596,0,0,0,1890,121,0.9996,1,0,0,56190.42,0,0.8673,0
1,1,1,1,1.047,0,0,0,467,32,0.7839,0,0,2,31054.26,0,0.8465,0
1,1,1,1,1.0281,0,0,0,2004,84,1.0058,0,0,2,4105.59,0,0.9055,0
0,0,1,1,1.0927,0,0,0,3528,109,1.0612,0,0,3,10071.86,0,1.0,0
1,1,1,1,0.9208,0,0,0,546,52,1.0646,0,0,0,5379.8,0,0.8455,0
1,1,1,1,0.9619,0,0,1,40,1,0.9622,1,0,0,9466.75,0,0.8956,0
1,1,1,1,1.0261,0,0,0,2498,105,0.9264,0,0,2,1035.26,0,0.9253,0
1,1,1,1,0.997,0,0,0,1539,54,1.4454,0,1,2,17287.99,0,0.7662,0
1,1,1,0,0.9424,0,0,0,3178,94,1.0305,0,0,1,8698.74,0,0.937,0
1,1,0,0,0.9754,0,0,0,2602,135,1.1483,0,0,1,1623.77,0,0.6908,0
1,1,1,1,1.0278,0,0,0,2672,50,1.384,0,1,1,11954.65,0,0.7853,0
1,1,0,1,0.9498,0,0,0,999,39,0.948,0,0,1,60278.88,0,0.8521,0
1,1,1,1,0.9936,0,0,0,520,104,0.4306,0,0,2,17488.25,0,0.9349,0
1,1,1,1,1.0909,0,0,0,3392,193,0.9671,0,0,3,10743.62,0,0.8688,0
1,1,1,1,1.0748,0,0,0,1218,136,1.114,0,0,1,10525.63,0,0.7125,0
1,1,1,1,1.0487,0,0,0,485,87,0.8055,0,0,3,9105.57,0,0.8477,0
1,1,1,1,0.9951,0,0,0,454,25,1.5202,0,0,0,6645.41,0,0.8711,0
1,1,1,1,1.0324,0,0,0,3219,128,1.559,0,0,0,5022.57,0,0.6824,0
1,1,1,1,1.1023,0,0,0,1572,102,1.1308,0,0,0,31824.89,0,0.9165,0
0,0,1,1,1.0285,0,0,0,3496,93,1.0504,0,0,1,5471.8,0,0.9722,0
1,1,1,1,1.0087,0,0,0,3589,80,0.2317,0,0,3,2680.89,0,0.8836,0
1,1,1,1,1.0142,0,0,0,1450,39,0.6278,0,0,1,19863.54,0,0.8355,0
1,1,1,1,1.0298,0,0,0,1177,21,0.7003,0,0,3,22056.43,0,1.0,0
0,0,1,1,1.0246,0,0,0,464,54,1.0287,0,0,1,45062.19,0,0.7955,0
1,1,0,1,1.2062,0,1,0,342,47,2.7857,0,0,7,8344.27,0,0.5729,1
1,1,1,1,0.8926,0,0,0,1540,198,0.5455,0,0,3,6779.03,0,0.972,0
1,1,1,0,0.9297,0,0,0,752,24,0.8352,1,0,1,3550.86,0,0.8028,0
1,1,1,0,0.9804,0,0,0,674,91,0.4463,0,0,0,10643.77,0,0.8724,0
1,1,1,1,0.9924,0,0,1,40,1,0.7455,0,0,1,540.65,0,0.7648,0
1,1,1,1,0.9913,0,0,0,909,175,0.5901,0,0,2,4458.17,0,0.8693,0
1,1,1,1,1.021,0,0,0,1237,121,0.9475,0,0,3,21614.14,0,0.8213,0
1,1,1,1,0.9656,0,0,0,352,70,1.2099,0,0,2,6469.96,1,0.7881,0
1,1,1,1,1.0298,0,0,0,1782,82,0.9516,0,0,2,850.89,0,0.888,0
1,1,1,1,1.0074,0,0,0,2982,25,1.0833,0,0,2,5926.2,0,0.6796,0
1,1,1,1,0.9599,0,0,0,3119,155,0.7922,0,0,3,134.87,0,0.8402,0
1,1,1,1,1.0847,0,0,0,1407,112,1.0058,0,0,0,28121.44,0,0.9824,0
1,1,1,1,1.0473,0,0,0,2467,108,0.7305,0,0,3,15852.31,0,0.9004,0
1,1,1,1,1.0026,0,0,0,381,150,0.6496,0,0,1,30770.1,0,0.9426,0
1,1,0,1,1.0393,0,0,0,1994,20,0.7739,0,0,1,984.43,0,0.9896,0
1,1,0,0,1.053,0,0,0,3260,37,0.9487,0,0,0,10656.81,0,0.9461,0
1,1,1,1,1.0627,0,0,0,2355,103,0.8096,0,0,0,6437.67,0,0.8516,0
1,1,1,1,0.9786,0,0,0,1349,16,0.824,0,0,1,21665.74,0,0.9466,0
1,1,1,1,0.9484,0,0,0,655,114,1.0861,0,0,0,3998.82,0,0.9328,0
1,1,0,1,1.0983,1,0,1,16,1,1.5137,0,0,2,898.86,0,0.4602,1
1,1,1,1,1.0084,0,0,0,462,109,0.9418,0,0,1,5780.51,0,0.7199,0
1,1,1,1,1.0696,0,0,0,839,110,0.5585,0,0,0,944.53,0,0.7336,0
1,1,1,1,1.0392,0,0,0,2568,64,0.8384,0,0,1,1222.17,0,0.6909,0
1,1,1,1,1.0592,0,0,0,2357,93,1.4857,0,0,0,3319.32,0,0.7063,0
1,0,1,1,1.0299,0,0,0,2534,62,0.4565,0,0,2,19978.55,0,0.9124,0
1,1,1,1,0.9323,0,0,0,2694,29,1.5268,0,0,3,13837.96,0,1.0,0
1,1,1,1,1.0065,0,0,0,3311,96,1.3117,0,0,1,39940.83,0,0.8571,0
0,0,1,1,0.9979,0,0,1,126,2,1.5471,0,0,0,49883.26,0,0.7322,0
1,1,1,1,0.9566,0,0,0,1425,18,1.2871,0,0,3,40403.47,0,0.7984,0
1,1,1,1,0.96,0,0,0,2565,197,0.5797,0,0,0,2605.33,0,1.0,0
1,1,1,1,0.979,0,0,1,153,1,1.8373,0,0,3,35504.03,0,0.8852,0
1,1,1,1,0.9938,0,0,1,40,5,1.1706,0,0,2,26284.85,0,0.7531,0
1,1,1,1,1.0377,0,0,0,601,136,0.7475,0,1,3,954.98,0,0.9799,0
1,1,1,1,1.0068,0,0,0,1662,184,1.5212,0,0,2,19752.3,0,0.7809,0
1,1,1,1,0.9268,0,0,0,1909,134,0.637,0,0,1,22910.2,0,0.9787,0
1,1,1,1,1.0211,0,0,0,1848,79,1.1199,1,0,1,16778.84,0,0.9034,0
1,1,0,1,1.0634,0,0,0,1504,75,0.9785,0,0,2,22753.5,0,1.0,0
0,0,1,1,0.9359,0,0,0,2839,176,0.7477,0,0,3,1028.16,0,0.907,0
0,0,1,1,1.0556,0,0,0,1756,152,0.9987,0,0,3,91151.18,0,0.7586,0
1,1,1,1,1.0172,0,0,0,2773,109,0.8201,0,0,2,9536.28,0,0.9247,0
1,1,1,1,0.9394,0,0,0,684,51,1.2299,0,0,3,4908.38,0,0.9293,0
1,1,1,1,0.9868,0,0,0,1312,113,0.7396,0,0,0,49351.09,0,0.7956,0
1,1,1,1,1.0196,0,0,0,1219,70,1.4283,0,0,0,15188.83,0,0.8878,0
1,1,1,1,0.9269,0,0,0,2797,193,1.1505,0,0,3,23455.75,0,1.0,0
1,1,1,0,0.954,0,0,0,210,10,1.3582,1,0,1,19027.27,0,0.9564,0
1,1,1,1,0.9638,0,0,0,2912,192,0.7009,0,0,3,5743.69,0,0.8338,0
1,1,1,1,0.9762,0,0,0,1510,9,1.0254,0,0,0,13477.53,0,0.6897,0
1,1,1,1,0.9846,0,0,0,1065,95,1.153,0,0,3,7463.55,0,0.8903,0
0,0,0,1,1.1519,0,0,0,1880,8,1.1175,1,0,2,74220.73,0,0.6259,1
1,1,0,1,0.984,0,0,0,2494,69,0.6932,0,0,2,22966.52,0,0.6983,0
1,1,1,1,1.0498,0,0,1,75,3,0.8101,0,0,1,3397.0,0,0.9195,0
1,1,1,1,1.001,0,0,0,1098,82,0.8218,0,0,1,34546.54,0,0.7603,0
1,1,1,1,1.0636,0,0,0,2564,11,1.0869,0,0,3,12427.17,0,0.8665,0
1,1,1,1,1.0202,0,0,0,2329,34,0.5892,0,0,3,35522.74,0,0.7376,0
1,1,0,1,0.9833,0,0,0,1501,79,0.9046,0,0,3,41148.41,0,1.0,0
1,0,0,1,1.0737,0,1,0,2105,26,0.852,0,0,2,13633.07,0,0.9265,0
1,1,1,1,0.905,0,0,0,3538,164,0.911,0,0,1,13031.23,0,0.8602,0
1,1,1,1,1.0403,0,0,0,1045,198,0.9614,0,0,0,2807.22,0,0.8186,0
1,1,0,1,1.0144,0,0,0,3518,73,0.7739,0,0,2,41278.85,0,0.9451,0
1,1,1,1,1.0986,0,0,0,1525,150,0.8464,0,0,1,11572.12,0,0.937,0
1,1,1,1,0.9837,0,0,0,500,165,0.7369,0,0,3,50559.39,0,0.8042,0
1,1,1,1,1.0784,0,0,0,3205,152,0.2,0,0,3,1324.24,0,0.9813,0
1,1,1,1,0.9475,0,0,0,323,143,0.9397,0,0,1,7807.62,0,0.8149,0
1,1,1,1,0.9389,0,0,0,3344,23,0.9768,0,0,1,3911.11,0,0.7265,0
1,1,1,1,1.0,0,0,0,201,183,0.6009,0,0,0,2609.34,0,1.0,0
1,1,1,1,0.9637,0,0,0,608,137,0.9897,0,0,3,16018.09,0,0.8305,0
1,1,1,1,0.9682,0,0,0,3315,195,0.9934,0,1,3,4105.53,0,0.948,0
1,1,1,1,0.9806,0,0,0,275,126,0.7356,0,0,0,10037.99,0,0.8312,0
1,1,1,1,0.9307,0,0,0,2400,115,1.1182,0,0,3,15812.37,0,0.8094,0
1,1,1,1,1.0042,0,0,0,827,167,1.4963,0,0,3,20543.41,0,0.7019,0
1,1,1,1,1.0202,0,0,0,1163,188,0.9092,0,0,3,5867.33,0,0.8382,0
1,1,1,1,1.0255,0,0,1,55,0,1.2185,0,0,2,39230.45,1,1.0,0
1,1,1,1,0.955,0,0,0,2852,20,1.1108,0,0,1,7466.8,0,0.6882,0
1,1,1,0,0.9623,0,0,0,2995,65,1.2841,0,0,1,22829.17,0,0.8295,0
1,1,1,1,1.0388,0,0,0,1821,71,1.129,0,0,1,35528.59,0,0.7729,0
1,1,1,1,0.9126,0,0,0,3577,9,0.7313,0,0,0,17421.61,0,0.9197,0
1,1,1,1,0.9668,0,0,0,2548,58,0.3153,0,0,1,8594.99,0,0.8977,0
1,1,1,1,1.0407,0,0,0,855,83,0.8777,0,0,2,2337.82,0,1.0,0
0,0,1,1,1.0761,0,0,0,1229,186,1.3607,0,0,1,81252.62,0,0.9236,0
1,1,1,1,1.0176,0,0,0,807,140,1.2932,0,0,1,8781.54,0,0.9745,0
1,1,1,1,1.0334,0,0,0,3523,6,1.0391,0,0,1,1444.19,0,0.8931,0
1,1,1,1,1.0185,0,0,0,1537,72,0.8113,1,0,0,28360.56,0,0.9233,0
1,1,1,1,0.9718,0,0,0,1788,97,0.8876,0,0,3,22589.94,0,1.0,0
1,1,1,1,1.0331,0,0,0,2603,127,0.9877,0,0,2,3021.63,0,0.874,0
0,0,1,1,1.0965,0,0,0,1374,52,1.3433,0,0,2,12217.27,0,0.8962,0
1,1,1,1,0.9541,0,0,0,2704,191,0.7994,0,0,3,6961.58,0,0.7737,0
1,1,1,1,1.0106,0,0,0,2298,64,0.7426,0,0,2,25349.52,0,0.7749,0
1,1,1,1,1.1052,0,0,1,177,1,0.864,0,0,2,3893.0,0,0.7872,0
1,1,1,1,0.9752,0,0,0,1853,167,0.9186,0,0,2,6073.53,0,0.8299,0
1,1,1,1,1.0203,0,0,0,3633,110,0.8954,0,0,0,5911.48,1,0.8111,0
1,1,1,1,0.9578,0,0,0,1226,184,0.9091,0,0,2,5836.69,0,0.9028,0
1,1,0,0,1.0295,0,0,1,137,5,1.2634,0,0,1,9590.46,0,0.7662,0
1,1,1,1,1.0527,0,0,0,1251,196,1.2307,0,0,2,27365.07,0,0.8262,0
1,1,1,1,1.005,0,0,0,2425,135,0.6989,0,0,3,19479.75,0,0.6034,0
1,1,1,0,0.9719,0,0,0,2334,111,0.9436,0,0,2,832.77,0,0.9164,0
1,1,0,1,0.9735,0,0,0,1782,25,0.4812,0,0,3,882.0,0,0.8207,0
1,1,1,1,0.9915,0,0,0,3147,30,0.6476,0,0,3,2133.72,0,1.0,0
1,1,1,1,1.006,0,0,0,1397,157,0.663,0,0,0,9004.86,0,0.8017,0
1,1,1,1,1.0184,0,0,0,617,150,1.1573,0,0,1,7502.7,0,0.9247,0
1,1,1,1,0.9462,0,0,0,398,10,1.2859,0,0,2,3917.01,0,0.9462,0
1,1,0,1,0.9505,0,0,0,1066,48,1.3738,1,0,1,17428.1,0,0.7731,0
1,1,1,1,1.0033,0,0,0,876,163,1.6,0,0,3,3052.65,0,1.0,0
1,1,1,1,0.988,0,0,0,3519,117,1.3964,0,0,0,28382.54,0,0.7431,0
1,1,1,1,0.9531,0,0,0,2055,55,1.3289,0,0,1,34746.96,0,0.8464,0
1,1,1,1,0.9466,0,0,0,1546,177,1.1083,0,0,2,2755.74,0,1.0,0
1,1,1,1,0.9855,0,0,0,365,105,1.508,0,0,2,7807.48,0,0.919,0
1,1,0,1,1.0259,0,0,0,1132,123,0.8134,0,0,1,34676.93,0,0.9058,0
1,1,1,1,1.0015,0,0,1,63,5,1.1316,0,0,0,40375.98,0,0.8414,0
1,1,1,1,0.9754,0,0,0,2858,18,0.6796,0,0,3,4421.04,0,0.819,0
1,1,1,1,0.9436,0,0,0,1720,183,1.2489,0,0,2,4884.5,0,0.7388,0
1,1,1,1,1.0588,0,0,0,1500,103,1.0978,0,0,1,9254.77,0,0.8907,0
1,1,1,1,1.0186,0,0,0,2159,143,0.3905,0,0,3,12554.14,0,0.8636,0
1,1,1,1,0.9303,0,0,0,3162,109,1.2191,0,0,2,15034.64,0,0.9605,0
0,0,0,1,1.0988,0,0,0,676,37,0.532,0,0,1,22373.43,0,0.2975,1
1,1,1,1,1.0852,0,0,0,640,79,0.8991,0,0,0,28700.45,0,0.7362,0
1,1,1,1,0.9406,0,0,1,129,1,0.894,0,0,1,917.61,0,0.9253,0
1,1,1,1,1.0434,0,0,0,605,176,1.179,0,0,3,78107.6,0,0.9697,0
1,1,1,1,0.962,0,0,0,997,95,1.6612,0,0,3,6924.76,0,0.7529,0
1,1,1,1,0.9159,0,0,0,2448,167,0.8773,0,1,2,8669.98,0,0.7743,0
0,0,1,1,1.0529,0,0,0,2312,43,0.7614,0,0,1,10533.56,0,0.8376,0
1,1,1,1,0.9916,0,0,1,107,4,0.4337,0,0,2,16053.22,0,0.8912,0
1,1,1,1,0.9689,0,1,1,38,10,2.0175,1,1,7,32907.08,0,0.5163,1
1,0,1,1,1.0122,0,0,1,46,3,0.8306,0,0,3,24347.31,1,0.7499,0
1,1,1,1,1.0071,0,0,0,706,57,0.3255,0,0,1,3135.39,0,0.7658,0
1,1,1,1,0.9817,0,0,0,1376,130,1.3767,1,0,0,3266.84,0,0.9844,0
1,1,1,1,1.0091,0,0,0,1027,104,0.6622,0,0,0,8415.86,0,0.7128,0
1,1,0,1,0.9809,0,0,0,2984,177,0.2724,0,0,1,16213.31,0,0.8672,0
0,0,1,1,0.9809,0,0,0,3435,90,0.7489,0,0,2,6509.51,0,0.9897,0
1,1,1,1,1.0385,0,1,0,484,21,1.1546,0,0,0,59418.91,0,0.8593,0
1,1,1,1,0.9119,0,0,0,1308,142,0.4877,0,0,1,21999.8,0,0.9694,0
1,0,1,1,1.0272,0,0,0,2660,8,0.582,0,0,3,35869.39,0,0.9205,0
1,1,1,1,0.9763,0,0,0,1584,101,0.9038,0,0,1,9410.37,0,0.8572,0
1,1,1,1,0.9517,0,0,1,127,4,1.2044,0,0,2,15706.84,0,0.7911,0
0,0,1,1,0.9647,0,0,0,2543,23,1.2416,0,0,0,5133.39,1,0.9534,0
1,1,1,1,1.0564,0,0,0,1332,46,1.0924,0,0,0,20252.24,0,0.9325,0
1,1,1,1,1.0509,0,0,0,266,91,0.9234,0,0,0,2982.09,0,0.8681,0
1,1,1,1,1.0242,0,0,0,3069,183,1.0997,0,0,3,5902.01,0,0.944,0
1,1,1,1,1.0258,0,0,0,2373,145,0.8708,0,0,2,37515.49,0,0.8039,0
1,1,1,1,1.0356,0,0,0,3089,44,0.8567,0,0,2,7086.37,0,0.582,0
0,0,1,1,0.9837,0,0,0,1146,136,0.9131,0,0,3,18804.51,0,0.9769,0
1,1,1,1,0.9627,0,0,0,1623,122,0.7679,0,0,0,15807.9,0,0.8165,0
1,1,1,1,0.9036,0,0,0,720,151,1.239,0,0,1,7339.89,0,0.9377,0
1,1,1,1,1.0237,0,0,0,1694,173,0.9504,0,0,0,15603.33,0,0.8796,0
1,1,1,1,0.9142,0,0,0,2022,74,1.3791,0,0,3,2263.17,0,0.838,0
1,1,1,1,0.9995,0,0,0,2244,83,1.5938,0,0,2,7585.42,0,0.7267,0
1,1,1,1,1.0865,0,0,0,1995,15,1.6989,0,0,0,3195.17,0,0.751,0
1,1,1,1,0.9928,0,0,0,1377,23,1.3944,0,0,1,12552.27,0,0.9238,0
1,1,1,1,0.9799,0,0,1,119,4,0.8526,0,0,2,5846.07,0,1.0,0
1,1,1,1,1.05,0,0,0,2667,27,1.1216,0,0,0,6922.17,0,0.7585,0
1,1,1,1,1.0727,0,0,0,2769,28,1.0239,0,0,3,10593.55,0,0.7251,0
1,1,1,1,0.9336,0,0,1,162,4,1.1725,0,0,2,17194.92,0,1.0,0
1,1,1,0,1.0347,0,0,0,2742,139,0.99,0,0,1,22297.37,0,0.8137,0
1,1,0,1,1.0265,0,0,1,84,0,0.7239,0,0,1,5111.25,0,0.8344,0
1,1,1,1,1.0117,0,0,0,3532,145,0.9619,0,0,1,3269.87,0,0.7762,0
1,1,1,1,0.9772,0,0,0,870,47,1.3391,0,0,3,14811.72,0,0.808,0
1,1,1,1,1.012,0,0,0,1429,99,1.0999,0,0,3,5011.04,0,1.0,0
1,1,1,1,1.0478,0,0,0,2144,119,0.8977,0,0,2,25110.11,0,0.9165,0
1,1,1,1,1.0026,0,0,1,95,0,0.6366,0,0,0,18151.51,0,0.771,0
1,1,1,1,1.0978,0,0,0,3184,198,1.0839,0,0,1,23496.13,0,0.7753,0
1,1,1,1,0.9359,0,0,0,583,193,1.2022,0,0,3,15107.3,0,0.8099,0
1,1,1,1,1.0226,0,0,0,2576,113,0.6784,0,0,0,2718.23,0,0.9106,0
1,1,1,1,1.0162,0,0,0,3290,183,1.0353,0,0,0,7109.41,0,0.8558,0
1,1,1,1,1.0118,0,0,0,3044,73,0.9946,1,1,3,81404.36,0,0.7201,0
1,1,1,1,0.9726,0,0,0,3621,52,0.8171,0,0,2,6348.49,0,0.8289,0
1,1,1,1,1.0662,0,0,0,660,197,0.8894,0,0,1,25899.02,0,0.8636,0
1,1,1,1,0.9682,0,0,0,1618,66,1.1783,0,0,3,10878.75,0,0.7728,0
1,1,1,1,0.933,0,0,0,2638,65,0.4032,0,1,2,30438.54,0,0.9273,0
1,1,1,1,1.0334,0,0,0,1431,81,0.5773,0,0,0,137.96,0,0.9212,0
1,1,1,1,1.0159,0,0,0,772,100,0.583,0,0,0,35534.52,0,0.5372,0
1,1,1,1,1.0071,0,0,0,1002,16,1.3257,0,0,1,11256.28,0,0.8406,0
1,1,1,1,0.9731,0,0,0,3022,150,1.063,0,0,3,47903.14,0,0.794,0
1,1,1,1,1.0628,0,0,0,2155,40,1.1816,0,0,1,196.84,0,0.9146,0
1,1,1,1,1.0212,0,0,0,395,44,1.0643,0,0,0,6662.84,0,0.9941,0
0,0,1,1,0.9837,0,0,1,74,1,0.7503,0,0,2,11922.75,0,0.8329,0
0,0,1,1,1.0486,0,0,0,2897,196,1.0697,0,0,1,10096.27,0,0.825,0
1,1,1,0,1.025,0,0,0,2013,195,0.654,0,0,2,15654.19,0,0.942,0
1,1,1,1,1.0535,0,0,0,1577,27,0.6134,0,0,2,908.46,0,0.8073,0
1,1,0,1,0.9946,0,0,0,689,170,1.2801,0,0,1,10466.89,0,0.8309,0
1,1,1,1,1.0811,0,0,0,3258,122,1.0551,0,0,1,36063.99,0,0.9325,0
1,1,0,1,0.99,1,0,0,2373,126,1.2651,0,0,2,7580.6,0,0.9311,0
1,1,1,1,0.9848,0,0,0,1819,71,1.4246,0,0,1,15904.28,0,0.9596,0
1,1,0,1,0.9293,0,0,1,96,1,1.3139,0,0,0,4613.17,0,0.5849,0
1,1,1,0,0.9539,0,0,0,1365,111,1.0619,0,0,1,12148.78,0,0.8656,0
1,1,1,1,1.0553,0,0,0,646,173,0.5081,0,0,1,2547.89,0,0.7949,0
1,0,1,1,1.023,0,1,0,2841,88,1.1719,0,0,2,9070.79,0,0.7154,0
1,1,1,1,1.0101,0,0,0,227,141,1.1612,0,0,3,116.45,0,0.8105,0
1,1,1,1,1.0622,0,0,0,3482,40,1.1116,0,0,3,7950.5,0,0.7824,0
1,0,1,1,1.0459,0,0,0,2404,11,0.7266,0,0,1,9768.06,0,0.7572,0
1,1,1,1,0.9756,0,0,0,2450,138,1.1278,0,0,0,6832.76,0,0.9084,0
1,1,1,1,0.8844,0,0,0,1335,122,1.2619,0,0,2,21027.92,0,0.7956,0
1,1,0,0,1.0515,0,0,0,3604,111,1.2216,0,0,1,12056.63,0,0.8137,0
1,1,1,1,0.9866,0,0,0,570,128,0.5693,0,0,1,16.22,0,0.9882,0
0,0,0,1,1.0662,0,0,0,784,38,1.5446,1,0,1,51616.1,0,0.6232,0
1,1,1,1,0.9801,0,0,0,2646,67,0.5915,0,0,2,6619.09,0,0.7565,0
1,1,1,1,1.0511,0,0,0,3430,98,0.8929,0,0,1,17620.02,0,0.8651,0
1,1,1,1,1.026,0,0,0,1493,51,0.8518,0,0,0,2900.06,0,0.7877,0
1,1,1,1,1.0388,0,0,0,967,41,0.8927,0,0,3,3048.09,0,0.9087,0
1,1,1,1,1.0512,0,0,0,276,125,1.0862,0,0,0,14813.77,0,0.7887,0
1,1,1,1,1.0224,0,1,0,534,120,0.797,0,0,2,5478.3,0,0.6801,0
1,1,1,0,1.057,0,0,0,1714,141,1.4112,0,0,1,34963.19,0,0.8789,0
1,1,1,1,0.9935,0,0,0,2830,24,0.7921,0,0,2,35382.42,0,0.8041,0
1,1,1,1,0.9917,0,0,0,2278,36,1.1502,0,0,3,3176.09,0,0.9158,0
1,1,1,1,1.0012,0,0,0,3372,125,0.8523,0,0,3,7194.53,0,0.735,0
1,1,0,1,0.9574,0,0,0,1837,13,1.1157,0,0,3,4971.41,0,0.7848,0
1,1,1,1,1.007,0,0,0,270,31,0.7848,0,0,1,5295.76,0,0.7151,0
1,1,1,1,0.9834,0,0,0,1372,92,1.4009,0,0,1,8578.0,0,0.9251,0
1,1,1,1,0.9976,0,0,0,197,187,1.1198,0,0,3,18811.08,0,0.8995,0
1,1,1,1,1.004,0,0,0,885,39,0.7853,0,0,2,156.73,0,0.6878,0
1,1,1,1,1.0376,0,0,1,70,3,1.4746,0,0,3,27433.16,0,0.9555,0
1,1,1,1,0.9415,0,0,0,1696,108,0.9196,0,0,0,5746.11,0,0.8301,0
1,1,1,1,1.0939,0,0,0,739,52,0.6901,0,0,1,39416.09,0,1.0,0
1,1,1,1,0.9678,0,0,0,2286,45,0.9906,0,0,0,7050.16,0,0.9291,0
1,1,1,1,0.9331,0,0,0,1509,33,0.7807,0,0,0,2687.99,0,0.8478,0
1,1,1,1,0.9781,0,0,0,1234,103,1.0821,0,0,2,28940.71,0,0.8743,0
1,1,1,1,0.9443,0,0,1,74,1,1.0297,0,0,2,10480.51,0,0.9475,0
1,1,1,0,1.1793,0,1,1,16,2,1.7943,1,0,13,100063.48,1,0.2662,1
1,1,1,1,1.0382,0,0,0,3363,10,0.7859,0,0,3,959.16,0,0.773,0
0,0,1,1,1.0491,0,0,0,269,123,0.5813,0,0,1,5323.59,0,0.8228,0
1,1,1,1,0.9786,0,0,0,2671,189,1.1564,0,0,1,10558.81,0,0.9041,0
1,1,1,1,0.9339,0,0,0,3237,30,1.461,0,0,1,3730.48,0,0.8782,0
1,1,1,1,1.1284,0,0,0,2256,177,0.5937,0,0,2,5285.24,0,0.9008,0
1,1,1,1,1.0439,0,0,0,2209,146,0.7959,0,0,0,16271.46,0,0.8407,0
1,1,1,1,0.974,0,0,0,3526,47,1.1089,0,0,1,7322.38,0,0.9755,0
1,1,1,1,0.9363,0,0,0,982,68,0.709,0,0,0,3537.18,0,0.8633,0
1,1,1,1,0.9959,0,0,0,773,33,0.9608,0,0,1,1327.24,0,0.9479,0
1,1,0,1,1.0318,0,0,0,788,121,1.1001,0,0,2,3662.7,0,0.9356,0
1,1,1,1,1.0733,0,0,0,1680,155,0.6405,0,0,0,1713.47,0,0.9435,0
1,1,1,1,0.8944,0,0,0,2833,170,0.8422,0,0,1,18027.42,0,0.726,0
1,1,1,1,0.9534,0,0,0,3359,106,0.8508,0,0,3,10521.46,0,0.803,0
1,1,1,1,0.9853,0,0,0,1322,28,1.1591,0,0,1,2086.85,0,0.9325,0
1,1,1,1,0.9999,0,0,0,2497,59,0.7154,0,1,3,23864.57,0,1.0,0
1,1,0,1,0.931,0,0,0,2068,6,0.8193,0,0,1,2065.92,0,0.8968,0
1,1,1,1,1.0069,0,0,0,3392,146,0.9517,0,0,0,23646.54,0,0.7805,0
1,1,1,1,0.9926,0,0,0,2219,173,1.1576,0,1,2,8946.32,0,0.9369,0
1,1,1,1,0.9554,0,0,0,2080,43,0.6623,0,0,0,17877.96,0,0.7919,0
1,1,0,1,2.1928,0,1,0,236,49,1.5722,0,0,2,6277.28,0,0.2809,1
1,1,1,1,0.9906,0,0,0,2524,163,1.2328,0,0,3,572.56,0,0.7345,0
1,1,1,1,1.0684,0,0,0,952,194,1.929,0,0,2,38890.41,0,0.8251,0
1,1,1,1,0.9599,0,0,0,2880,23,1.0136,0,0,3,11221.2,0,0.7766,0
1,1,1,1,0.9783,0,0,0,3391,26,1.1568,0,0,0,9566.68,0,1.0,0
1,1,1,1,0.9551,0,0,0,2355,81,1.0972,0,0,3,20514.89,0,0.9608,0
1,1,1,1,0.9735,0,0,0,277,145,1.4403,0,0,0,12743.1,0,1.0,0
1,1,1,1,0.9721,0,1,0,2048,68,0.7711,0,1,0,104.97,0,0.9104,0
1,1,1,0,0.9886,0,0,0,1757,180,0.9893,0,0,0,15698.97,0,0.7932,0
1,1,0,1,0.986,0,0,0,1708,104,1.0338,0,0,1,1185.75,0,0.8574,0
1,1,0,1,0.9977,0,0,0,2550,53,1.5325,0,0,1,2876.82,0,0.6592,0
1,1,1,1,0.9003,0,0,0,879,52,1.2182,0,0,3,34294.71,0,0.7395,0
1,1,1,1,0.9478,0,0,0,2450,107,0.7909,0,0,2,6688.04,0,0.8623,0
1,1,1,1,1.0552,0,0,0,3358,168,1.014,0,0,2,24536.28,0,0.793,0
1,1,1,1,0.9273,0,0,0,1224,11,0.382,0,1,3,3427.03,0,0.763,0
1,1,1,1,0.9523,0,0,0,506,52,1.7535,0,0,2,26123.98,0,0.9018,0
1,1,1,1,0.9636,0,0,0,937,75,1.0882,0,0,3,33435.7,0,0.7988,0
1,1,1,1,1.0484,0,0,0,3080,33,1.6444,0,0,3,46440.51,0,0.916,0
1,1,1,0,0.9967,0,0,0,1805,170,1.1741,0,0,2,354.24,0,0.8152,0
1,1,0,1,0.9981,0,0,0,3381,141,1.588,0,0,0,20141.89,0,0.8409,0
1,1,1,1,0.9746,0,0,0,505,99,0.8536,0,0,2,12896.26,0,0.8013,0
1,1,1,1,0.9485,0,0,0,185,175,0.7212,0,0,3,16848.53,0,0.9743,0
1,1,1,1,0.9807,0,0,0,648,43,1.2585,0,0,1,19676.37,0,0.7151,0
1,1,1,1,1.0248,0,0,1,61,3,1.1522,0,0,3,19431.4,0,0.8902,0
1,1,1,1,0.9983,0,0,1,77,5,0.7971,0,0,2,943.84,0,0.7054,0
1,1,0,1,0.9219,0,0,0,3556,85,1.2688,0,0,2,6530.48,0,1.0,0
1,1,1,1,0.9436,0,0,0,3477,64,0.3884,0,0,0,35513.14,0,0.8472,0
1,1,1,1,1.0337,0,0,0,3226,145,1.1423,0,0,0,2518.55,0,0.8717,0
1,1,1,1,0.9867,0,0,0,1635,194,1.1649,0,0,3,12894.81,0,0.7337,0
1,1,1,1,1.0459,0,0,0,466,113,1.047,0,0,1,19728.17,0,1.0,0
0,0,0,1,1.0388,0,0,0,3124,121,1.0388,0,0,3,8316.9,0,0.9581,0
1,1,1,1,0.9628,0,0,0,2588,11,0.5322,0,0,0,10281.78,0,0.884,0
1,1,1,1,1.0473,0,1,0,3,2,1.4739,0,1,6,8952.38,1,0.6691,1
1,1,1,1,0.9511,0,0,0,1629,173,1.3868,0,0,1,6472.53,0,0.8771,0
1,1,1,1,1.0613,0,0,0,3615,47,0.632,0,0,3,18044.09,0,0.9659,0
1,1,1,1,1.0899,0,0,0,2417,30,1.0248,0,0,0,3524.65,1,0.898,0
1,1,1,1,1.0155,0,0,0,1738,175,0.9269,0,0,0,1680.68,0,0.7095,0
1,1,1,1,1.005,0,0,0,2954,135,0.995,0,0,3,1132.39,0,1.0,0
1,1,1,1,1.0542,0,0,0,2315,81,1.3303,0,0,0,11235.55,1,0.7506,0
0,0,1,1,0.7654,1,1,1,4,0,5.2823,0,0,7,81130.88,0,0.7453,1
1,1,1,1,1.1796,0,0,0,212,4,1.2247,0,1,4,72353.84,0,0.5408,1
1,1,1,1,0.9886,0,0,0,2034,48,1.0569,0,0,3,4652.26,0,0.8216,0
1,1,1,1,1.0753,0,0,0,1903,95,0.8878,0,0,0,7550.45,0,0.8079,0
1,1,0,1,1.0065,0,0,0,2593,86,1.4322,0,0,1,18912.29,0,0.7282,0
1,1,1,1,0.9483,0,0,0,860,68,1.0231,0,0,3,1500.82,0,0.8391,0
0,0,1,1,0.9453,0,0,0,2550,51,1.2573,0,0,3,755.76,0,0.7599,0
1,1,1,1,0.9403,0,0,0,249,155,1.2556,0,0,2,14247.8,0,0.7532,0
1,1,1,1,1.0924,0,1,0,1906,133,0.6217,0,0,0,31644.5,0,0.7753,0
1,1,1,1,0.9608,0,0,0,2336,151,1.0951,0,0,1,27032.75,1,0.8208,0
1,1,0,0,1.582,0,0,0,670,39,1.7015,0,1,4,58393.29,0,0.7874,1
1,1,1,1,0.9187,0,0,0,2646,164,1.2172,0,0,0,10436.38,0,0.8535,0
1,1,1,1,0.9542,0,0,0,801,26,1.1298,0,0,2,50026.35,0,0.8926,0
1,1,1,1,0.9915,0,0,0,1424,88,0.6958,0,0,3,66886.13,0,0.7046,0
1,1,1,1,1.0206,0,0,0,2731,134,0.5634,0,0,3,6950.4,0,0.911,0
1,1,1,1,1.0187,0,0,0,1451,86,1.24,1,0,3,3015.22,0,0.7391,0
1,1,1,1,1.0181,0,0,0,1097,87,1.0912,0,0,1,13575.59,0,0.7848,0
1,1,1,1,0.9562,0,0,0,1438,171,1.1831,0,1,1,9770.2,0,0.8566,0
1,0,1,1,0.9623,0,1,1,67,2,2.0483,1,0,6,21395.33,0,0.583,1
1,1,1,1,0.987,0,0,0,1366,69,0.9293,0,0,0,2402.54,0,0.8036,0
1,1,1,1,1.0567,0,0,0,1523,102,1.1558,0,0,1,2906.65,0,0.8112,0
1,1,1,1,1.0058,0,0,0,2420,57,0.5783,0,0,1,11009.22,0,0.9225,0
1,1,1,1,0.9908,0,0,1,135,0,0.6421,0,0,0,29815.2,0,0.997,0
0,0,0,1,1.316,0,0,0,1484,6,1.2991,0,0,5,65358.88,0,0.5612,1
0,0,1,1,1.0261,0,0,0,2125,52,1.0934,0,0,3,9312.52,0,0.8337,0
1,1,1,1,0.9402,0,0,0,784,32,1.1487,0,0,1,12476.91,0,0.8452,0
1,1,1,1,1.1018,0,0,0,3087,93,0.9473,0,0,3,7023.39,0,0.6227,0
1,1,1,1,1.066,0,0,0,1682,5,0.8522,0,0,1,2810.92,0,0.8187,0
1,1,1,1,1.0417,0,0,0,835,66,1.4493,0,0,1,46729.23,0,0.9847,0
1,1,1,1,0.895,0,0,0,3031,57,0.526,0,0,3,14616.38,0,0.9838,0
1,1,1,1,1.6477,0,0,0,1453,42,1.3619,1,0,7,23835.11,0,0.6012,1
1,1,1,1,0.9826,0,0,0,2408,168,0.7411,0,0,2,5105.31,0,0.938,0
1,1,1,1,1.0005,0,0,0,523,43,1.0266,0,0,3,14097.94,0,0.8339,0
1,1,1,1,1.0612,0,0,0,3626,80,1.8201,0,0,1,7849.51,0,0.8683,0
1,1,1,1,1.0023,0,0,0,2452,167,1.2156,0,0,2,26851.75,0,0.7973,0
0,0,1,1,0.9642,0,0,0,3622,198,0.6539,0,0,0,3320.33,0,0.7253,0
1,1,1,1,1.0207,0,0,0,2104,100,1.905,0,0,1,32568.43,0,0.8446,0
1,1,1,0,1.0108,0,0,0,2387,145,1.1363,0,0,1,3078.86,0,0.9465,0
1,1,1,1,1.0646,0,0,1,79,1,0.9804,1,0,3,1609.12,0,0.8964,0
1,1,1,1,0.9663,0,0,0,1255,29,1.1612,0,0,3,291.61,0,0.8,0
1,1,1,1,1.0897,0,0,0,892,4,1.5998,1,1,1,2137.26,0,0.63,1
1,1,1,1,1.0235,0,0,0,2945,123,0.7782,0,0,2,3618.95,0,0.6554,0
1,1,1,1,1.0971,0,0,1,58,3,1.0765,0,0,1,25215.37,0,0.8774,0
1,1,1,1,0.9654,0,0,0,3519,140,1.2617,0,0,3,30202.43,0,0.9724,0
1,1,1,1,1.0447,0,0,1,78,5,1.1414,0,0,1,38597.9,0,0.6791,0
1,1,1,1,0.8505,0,0,0,3466,46,1.2708,0,0,2,1444.16,0,0.7053,0
1,1,1,1,1.0482,0,0,0,1872,44,0.7252,0,0,0,476.52,0,0.8174,0
1,1,1,1,0.9703,0,0,0,2540,74,1.7293,0,0,3,126.6,0,0.8377,0
1,1,1,1,0.9438,0,0,0,1199,193,1.1503,0,0,3,12899.9,0,0.8089,0
1,1,1,1,1.0446,0,0,0,2604,198,1.1161,0,0,0,4534.31,0,0.7954,0
1,1,1,1,1.0522,0,0,1,66,2,0.4835,0,0,3,17597.52,0,0.8343,0
1,1,1,1,0.9257,0,0,0,2566,109,1.0101,0,0,0,42764.55,0,0.8662,0
1,1,1,1,1.0109,0,0,0,1497,146,0.853,0,0,2,9865.67,0,0.9101,0
1,1,1,1,0.904,0,0,0,2814,24,0.6781,0,0,0,13885.37,0,0.6892,0
1,1,1,1,0.9769,0,0,1,133,3,1.308,0,1,3,520.06,0,0.6716,0
1,1,1,1,1.0485,0,0,0,1825,142,1.2263,0,0,3,1831.22,0,0.857,0
1,1,1,1,0.9224,0,0,0,1211,67,1.1126,0,0,3,850.32,0,0.8203,0
1,1,1,1,1.013,0,0,0,321,197,1.0932,0,0,0,17741.17,0,0.8511,0
1,1,1,1,0.9518,0,0,0,3555,47,0.5789,0,0,3,22841.34,0,0.8366,0
1,1,1,1,1.0232,0,0,0,2675,145,1.6602,0,0,0,12499.84,0,0.7761,0
1,1,1,1,1.0791,0,0,0,2550,120,1.0628,0,0,2,17373.86,0,0.8109,0
1,1,1,1,1.0753,0,0,0,2556,132,1.1268,0,0,1,25442.59,0,0.8941,0
1,1,1,1,0.9572,0,0,1,40,5,0.9477,0,0,1,3644.47,0,0.8852,0
0,0,1,1,0.9752,0,0,0,1558,179,1.1757,0,0,1,21326.23,0,0.6721,0
1,1,1,0,1.0311,0,0,0,448,100,1.2839,0,0,0,9322.32,0,0.947,0
1,1,1,1,0.9588,0,0,0,1008,143,0.8238,0,0,2,4565.4,0,0.8565,0
1,1,1,1,0.9756,0,0,0,505,132,1.0489,0,0,3,20174.36,0,0.8671,0
1,1,1,1,1.1158,0,0,0,327,121,1.3413,0,0,3,1296.77,0,0.6797,0
0,0,1,1,1.004,0,0,0,1765,6,0.9514,0,0,1,4717.57,0,0.688,0
1,1,0,1,1.0214,1,0,0,1685,36,2.0482,1,0,7,13107.44,0,0.5496,1
1,1,1,1,0.9531,0,0,0,1782,96,0.605,0,0,3,1767.79,0,0.8329,0
1,1,1,1,1.0615,0,0,0,2775,144,1.32,0,0,1,28199.61,0,0.8232,0
1,1,1,1,0.9668,0,0,0,3638,144,0.7408,0,0,2,42389.83,0,0.8943,0
1,1,1,0,0.9434,0,1,1,93,0,0.7534,0,0,1,5268.66,0,0.8331,0
1,1,1,1,1.1836,0,0,0,83,0,2.4278,1,1,4,20812.36,0,0.4793,1
1,1,1,1,0.9588,0,0,1,59,2,1.1737,0,0,2,3641.58,0,0.9098,0
1,1,1,1,1.0501,0,0,0,766,58,1.3233,1,0,1,33577.93,0,0.8499,0
1,1,1,1,0.989,0,0,0,1957,81,1.1795,0,0,3,6253.87,0,0.987,0
1,1,1,1,0.9462,0,0,1,74,2,1.1554,0,0,1,16140.12,0,0.7611,0
1,1,1,1,0.973,0,0,0,3060,29,1.0925,0,0,2,8761.93,0,0.7371,0
1,1,1,1,1.0017,0,0,0,431,177,0.8559,0,0,0,10959.17,0,0.8515,0
1,1,1,1,1.0472,0,0,0,2873,126,1.4005,0,0,1,1697.72,0,0.8691,0
1,1,1,1,1.041,0,0,0,389,45,1.2178,0,0,3,23923.08,0,0.877,0
1,1,1,1,0.8502,1,0,0,1669,38,2.1334,0,0,11,50000.0,1,0.9867,1
1,1,1,1,1.0665,0,0,0,2432,186,1.1424,0,0,0,9543.61,0,0.8003,0
1,1,1,1,0.85,0,0,0,3501,134,1.1179,0,0,3,33765.87,0,0.8416,0
1,1,1,1,0.9801,0,0,0,2358,159,1.1839,0,0,2,13084.93,0,1.0,0
1,1,1,1,1.0088,0,0,0,2548,105,1.271,0,0,2,6500.8,0,0.9171,0
1,1,1,1,0.9129,0,0,0,1193,33,1.2149,0,1,1,15137.67,0,0.9684,0
1,1,1,1,1.0318,0,0,0,3600,115,1.1501,0,0,2,7342.46,0,0.8231,0
1,1,1,1,1.028,0,0,0,2855,200,0.4977,0,0,2,20280.7,0,0.8206,0
1,1,1,1,1.0435,0,0,0,1251,148,0.9821,0,0,2,3961.58,0,0.8151,0
1,1,1,1,0.9705,0,0,0,2350,155,1.3544,0,0,3,54106.26,0,0.7822,0
1,1,1,1,1.0095,0,0,0,1491,163,0.7649,0,1,3,702.93,0,0.9177,0
1,1,1,1,0.9522,0,0,0,2320,198,1.3247,0,0,2,3212.43,0,0.9622,0
1,1,1,1,1.0572,0,0,0,831,84,0.5353,0,0,3,17817.69,0,0.9835,0
1,1,1,1,1.0138,0,0,0,1773,191,1.2228,0,0,2,18512.1,0,0.9131,0
1,1,1,1,1.0267,0,0,0,3133,60,1.4093,0,0,1,36161.98,0,0.8005,0
0,0,1,1,0.9364,0,0,0,842,13,1.1067,0,0,0,1121.42,0,0.9903,0
1,1,1,1,1.0447,0,0,0,2231,85,0.9394,0,0,0,7185.57,0,0.9513,0
1,1,1,1,0.9826,0,0,0,2558,179,1.1301,0,0,3,5304.16,0,0.9505,0
1,1,1,1,0.9745,0,0,0,762,110,1.1318,0,0,0,19512.45,0,0.703,0
1,1,1,1,1.0448,0,0,0,2863,124,1.264,0,0,1,21791.67,0,0.6549,0
1,1,1,1,0.9184,0,0,0,3350,110,0.7035,0,0,3,1991.52,0,0.7602,0
1,1,1,1,0.9676,0,0,0,2289,114,1.1098,0,0,3,10281.64,0,0.9328,0
1,1,1,1,1.0259,0,0,0,555,156,1.0824,0,0,3,3575.2,0,0.8028,0
1,1,0,1,0.9851,0,0,1,132,0,0.9962,0,0,0,17999.89,0,0.7522,0
1,1,1,1,0.9439,0,0,0,923,27,1.3248,0,0,1,5418.58,0,0.8658,0
1,1,1,1,0.953,0,0,1,73,1,0.9356,0,0,1,8252.09,0,0.7981,0
1,1,1,1,1.0379,0,0,0,2396,180,1.9569,0,0,2,17007.91,0,0.8137,0
1,1,1,1,1.0344,0,0,0,2481,80,0.6343,0,0,3,18842.31,0,0.9779,0
1,1,1,1,0.9394,0,0,0,1657,51,0.8843,1,0,3,25692.48,0,0.7275,0
1,1,1,1,1.0406,0,0,0,1906,28,0.6579,0,0,2,6375.36,0,0.6937,0
1,1,1,1,1.0371,0,0,0,3510,9,0.8556,0,0,1,23614.78,0,0.9146,0
1,1,1,1,1.0023,0,0,0,2751,185,1.264,0,0,0,2804.64,0,0.8044,0
0,0,1,1,1.0795,0,0,0,1009,91,1.1376,0,0,3,22919.43,0,0.8038,0
1,1,1,1,0.9555,0,0,0,1323,181,0.6249,0,0,2,4614.42,0,0.8633,0
1,1,1,1,0.9442,0,0,0,2295,152,1.0844,0,0,0,4062.22,0,0.9145,0
1,1,1,1,0.9817,0,0,0,1769,148,1.188,1,0,1,5136.47,0,0.7633,0
1,1,1,1,0.986,0,0,0,557,168,1.2433,0,0,0,22699.67,0,0.9192,0
1,1,0,1,0.986,0,1,0,1782,21,3.7329,1,0,7,13203.7,0,0.5138,1
0,0,1,1,1.276,0,0,0,1719,19,1.3007,1,0,2,28787.68,0,0.3635,1
1,1,1,0,0.9277,0,0,0,1154,158,1.8209,0,0,0,13859.84,0,0.865,0
1,1,1,1,0.948,0,0,0,3271,192,1.0104,0,0,2,2670.02,0,0.9211,0
1,1,1,1,0.8694,0,0,0,883,112,1.0936,0,0,1,20668.09,0,0.6942,0
1,1,1,1,1.0457,0,0,1,93,0,1.152,0,0,2,1761.35,0,0.7101,0
0,0,0,1,1.0851,0,0,0,879,25,1.7702,0,0,14,109748.95,1,0.3791,1
1,1,1,1,1.0811,0,0,0,3331,189,0.9158,0,0,0,4149.03,0,0.7808,0
1,1,1,1,1.0699,0,0,0,2438,157,0.9746,0,0,0,3056.54,0,0.8169,0
1,1,1,1,0.9608,0,0,0,1484,29,0.7585,0,0,3,10485.32,0,0.7807,0
1,1,1,1,0.9781,0,0,0,390,32,0.7582,0,0,1,2715.26,0,0.7657,0
1,1,0,1,0.9687,0,0,0,1561,92,1.0005,0,0,1,1757.4,0,1.0,0
1,1,1,1,0.9966,0,0,0,954,8,1.1525,0,0,2,3687.37,0,0.8853,0
1,1,1,1,1.071,0,0,0,2651,101,1.1803,0,0,2,17372.32,0,0.7444,0
1,1,1,1,1.0624,0,0,0,3255,140,0.6339,0,0,3,11431.51,0,0.8852,0
1,1,1,1,1.0234,0,0,0,2145,125,0.8357,0,0,1,5052.89,1,0.7667,0
1,1,1,0,1.0164,0,0,0,1143,189,0.8727,0,0,2,33562.03,0,0.818,0
1,1,1,1,1.0872,0,0,0,770,90,0.7849,1,0,2,4752.59,0,0.7442,0
1,1,1,1,0.9552,0,0,0,1022,160,0.6939,0,0,0,2857.49,0,0.9354,0
1,1,1,1,1.101,0,0,0,2293,106,0.5359,0,0,2,18910.69,0,0.7932,0
1,1,1,1,1.0378,0,0,0,1339,198,1.1504,0,0,2,1269.92,0,0.8371,0
1,1,1,1,1.0591,0,0,0,2417,26,1.3405,0,0,2,9562.8,0,0.9015,0
1,1,1,1,1.0537,0,0,0,1817,182,0.9996,0,0,1,11875.91,0,0.8183,0
1,1,1,1,0.9529,0,0,0,3548,72,1.3548,0,0,1,31878.43,0,1.0,0
1,1,1,1,0.9877,0,0,0,1106,56,1.5289,0,0,2,20961.6,0,0.8406,0
1,1,1,1,1.093,0,0,0,2007,44,1.0205,0,0,1,46740.36,0,0.7838,0
1,1,1,1,1.06,0,1,0,2206,81,0.7975,0,1,3,4851.99,0,0.9974,0
1,1,1,1,1.0394,0,0,0,2904,124,0.5303,0,0,3,7501.63,0,0.7879,0
1,1,0,1,0.9619,0,0,0,3047,9,0.7495,0,1,2,4295.12,0,0.8241,0
1,1,1,1,1.0001,0,0,0,1876,168,1.1988,0,0,2,6546.12,0,0.8135,0
1,1,1,1,0.9398,0,0,0,542,160,1.0206,0,0,2,6332.06,0,0.6522,0
1,1,1,1,1.0441,0,0,0,1825,173,0.9284,0,0,2,14791.33,0,0.9683,0
1,0,1,1,0.9079,0,1,0,3017,93,0.2425,0,0,3,6402.28,0,0.9553,0
1,1,1,1,1.0231,0,0,1,167,5,1.0712,0,0,3,37786.88,0,0.8454,0
1,1,1,1,1.0419,0,0,0,1048,172,1.0747,0,0,3,862.21,0,0.9266,0
1,1,1,1,1.0344,0,0,1,179,3,0.9938,0,0,0,28680.55,0,0.6387,0
1,1,1,1,1.0859,0,0,0,2151,82,1.5476,0,0,1,4982.43,0,0.9387,0
1,1,1,1,1.0071,0,0,0,1197,110,0.9061,0,0,0,1283.52,0,0.6022,0
0,0,1,1,0.882,0,0,1,22,2,0.3678,0,0,9,85838.21,1,0.6044,1
1,1,1,1,1.016,0,0,0,1042,135,0.8882,0,0,1,19307.47,0,0.6225,0
1,1,1,1,1.0337,0,0,0,642,76,0.6242,0,0,3,2527.83,0,0.8791,0
0,0,1,1,0.9989,0,0,0,597,116,0.7518,0,0,3,42258.98,0,0.9025,0
1,1,1,1,0.9991,0,0,1,80,5,0.9829,0,0,2,5691.42,0,0.8487,0
0,0,1,1,0.9465,0,0,0,2080,39,0.6595,0,0,0,19216.25,1,0.923,0
1,1,1,1,1.3,0,0,0,260,4,0.895,0,0,2,30129.07,1,0.3381,1
1,1,1,1,1.0594,0,0,1,50,3,0.4404,0,0,2,8530.58,0,0.7723,0
1,1,1,1,0.9923,0,0,0,2542,41,1.2371,0,1,3,7764.36,0,0.8643,0
1,1,1,1,0.9964,0,0,0,2791,105,1.088,0,0,2,8581.36,0,0.8716,0
1,1,1,0,1.0098,0,0,0,2949,168,1.1137,1,0,1,12552.38,0,0.8103,0
1,1,1,1,1.0108,0,0,0,2771,87,0.4959,0,0,0,15235.86,0,0.9199,0
1,1,0,1,0.9658,0,0,0,1278,129,0.6748,0,0,0,20548.63,0,0.9303,0
1,1,0,1,0.9514,0,0,0,3034,170,0.7502,0,0,0,17911.44,0,0.9302,0
1,1,1,1,0.9123,0,0,0,2573,38,1.1345,0,0,1,28208.06,0,0.8325,0
1,1,1,1,0.9877,0,0,0,1737,124,1.4131,1,0,1,7290.77,0,0.7935,0
1,1,1,1,1.0146,0,0,0,3431,86,1.1579,0,0,3,19460.39,0,0.6302,0
1,1,1,1,1.0099,0,0,0,453,170,1.2811,0,0,0,30855.49,0,0.8424,0
1,1,1,1,0.9674,0,0,0,3599,196,0.6736,0,0,1,20610.2,0,0.8978,0
1,1,1,1,1.0331,0,0,0,2968,160,0.8094,1,0,2,16337.87,0,0.9362,0
1,1,1,1,1.0517,0,0,0,2166,156,0.8822,0,0,3,6662.57,0,0.8251,0
1,1,1,1,1.0476,0,0,0,3203,163,0.7517,0,0,1,14040.22,0,0.6976,0
0,0,1,1,1.0,0,0,0,2933,124,0.6499,0,0,3,11324.13,0,0.8773,0
1,1,1,1,0.9836,0,0,1,56,2,0.4377,0,0,2,25151.36,0,0.7794,0
1,1,1,0,1.0748,0,0,0,2031,146,1.0082,0,0,1,3481.53,0,0.9309,0
1,1,1,1,0.8763,0,0,1,125,2,0.9163,0,0,2,18137.17,0,0.9087,0
1,1,1,1,0.9996,0,0,0,3344,160,1.3838,0,0,0,3257.72,0,0.7524,0
1,1,1,1,0.9949,0,0,0,444,43,0.7991,0,0,3,19065.89,0,0.9474,0
1,1,1,1,1.0679,0,0,0,3473,43,1.2938,0,0,0,11178.77,0,0.6797,0
1,1,1,0,1.0077,0,0,0,1705,90,0.9013,0,0,1,1331.39,0,0.8066,0
1,1,1,1,0.9655,0,0,0,2100,143,1.0061,0,0,3,10496.83,0,1.0,0
1,1,1,1,1.0126,0,0,0,3465,25,0.5952,0,0,2,4816.44,0,0.8281,0
1,1,1,1,1.0313,0,0,0,2019,144,1.1649,0,1,0,37003.03,0,0.8092,0
1,1,0,1,1.0465,0,0,0,3124,79,1.4239,0,0,1,14763.48,0,0.7845,0
1,1,1,1,1.0235,0,0,0,2579,140,0.7399,0,0,3,56852.19,0,0.818,0
1,1,1,0,1.1371,0,0,0,2963,113,1.2763,0,0,0,14010.02,0,0.8173,0
1,1,1,1,1.0508,0,0,0,939,85,1.3424,0,0,3,6723.69,0,0.8001,0
0,0,1,1,1.0187,0,0,0,770,141,1.0953,0,0,2,1274.75,0,0.8746,0
1,1,1,1,0.9884,0,0,0,3473,98,1.2191,0,0,3,4262.28,0,0.9393,0
1,1,1,1,1.0068,0,0,0,1167,140,1.0419,0,0,3,7954.57,0,0.6949,0
1,1,1,1,1.0549,0,0,1,101,4,0.616,0,0,3,42935.5,0,1.0,0
1,1,1,1,1.0579,0,0,0,716,13,1.3749,0,0,0,7271.35,0,0.8724,0
1,1,1,1,0.9849,0,0,0,2320,111,0.9318,0,0,3,19628.71,0,0.8359,0
1,1,1,1,1.0352,0,1,0,1518,41,0.2059,0,0,3,37642.8,0,0.7907,0
1,1,1,1,0.9969,0,0,0,1372,112,0.8926,0,0,0,8103.53,0,0.9722,0
1,1,1,1,1.0385,0,0,1,124,4,0.7932,0,0,0,7492.44,0,0.6894,0
1,1,0,1,1.0374,0,0,0,206,19,0.9843,0,0,2,54334.88,0,0.815,0
1,0,0,1,1.2431,0,0,1,65,0,1.48,0,0,12,80369.66,1,0.7729,1
1,1,1,1,1.0881,0,0,0,2137,40,0.8061,0,0,2,26545.26,0,0.8951,0
1,1,1,1,1.0157,0,0,1,138,4,0.964,0,0,2,32754.74,0,0.9508,0
1,1,1,1,1.0877,0,0,0,1852,84,1.081,0,0,0,63531.19,0,0.8096,0
1,1,1,1,1.031,0,0,0,3629,119,1.1745,0,0,3,4033.94,0,0.7959,0
1,1,1,1,0.8956,0,0,0,2804,24,0.9283,0,0,3,10585.36,0,0.8455,0
1,1,1,1,1.0414,0,0,0,2733,173,0.9368,0,0,1,125.79,0,0.6776,0
1,1,1,1,0.9467,1,0,0,846,81,0.6047,1,1,2,7286.48,0,0.953,0
1,1,1,1,1.1364,0,0,0,1570,191,1.1672,0,0,1,18684.38,0,0.8313,0
1,1,1,1,1.0631,0,0,0,1351,111,0.9865,0,0,3,1480.82,0,0.8087,0
0,0,0,1,0.8693,1,1,1,24,2,1.4772,0,1,1,1963.74,0,0.3182,1
1,0,0,1,0.9626,0,0,0,3100,126,1.6299,0,0,3,6025.55,0,1.0,0
1,1,0,1,1.0026,0,0,0,2832,78,0.6143,0,0,2,19442.88,1,1.0,0
1,1,1,1,0.9205,0,0,1,149,5,1.2936,0,0,1,4146.01,0,0.6355,0
1,1,1,1,1.1293,0,0,0,2683,108,0.7559,0,0,3,15570.17,0,1.0,0
1,1,1,1,1.0541,0,0,0,2409,76,1.0696,1,0,1,5422.32,0,0.7931,0
1,1,1,1,1.0625,0,0,0,1813,167,1.455,0,0,2,2775.94,0,0.6707,0
0,0,1,1,0.9986,0,0,1,86,3,1.3599,0,0,3,14095.14,0,0.8501,0
1,1,0,1,0.9797,0,0,0,447,11,0.8568,0,0,0,6653.37,0,0.9258,0
1,1,0,1,1.0173,0,0,0,2562,181,0.4816,0,0,3,7461.55,0,0.799,0
1,1,0,1,1.0377,0,0,0,1780,91,0.8105,0,0,0,17077.68,0,0.7515,0
1,1,1,1,0.9519,0,0,0,2561,134,0.5195,0,0,0,28241.23,0,0.7699,0
1,1,1,1,0.9329,0,1,0,718,141,1.2744,1,0,0,1256.76,0,0.6139,0
1,1,1,1,0.8973,0,0,0,983,46,0.8399,0,0,1,43781.66,0,0.7939,0
1,1,1,1,1.0581,0,0,1,42,3,0.595,0,1,3,8729.12,0,0.8671,0
1,1,0,1,1.0782,0,0,0,2432,182,0.5285,0,0,1,19289.94,0,0.9794,0
1,1,1,1,0.984,0,0,0,3257,27,0.8247,0,0,2,2468.01,0,0.7715,0
1,1,1,1,0.9867,0,0,1,173,4,0.8424,0,0,1,511.63,0,0.9038,0
1,1,1,1,1.0557,0,0,0,2878,118,1.3006,0,0,3,6774.21,0,0.71,0
1,1,0,1,1.1828,0,0,0,417,2,1.1374,0,0,10,50000.0,1,0.6193,1
0,0,0,1,1.2313,0,0,0,1681,25,3.0401,1,1,4,429.9,0,0.3855,1
1,1,1,1,1.2824,1,0,0,898,35,1.5704,1,0,6,2900.36,0,0.741,1
1,0,1,0,1.0146,0,0,0,831,153,1.2874,0,0,2,7413.71,0,0.8452,0
1,1,1,1,1.0346,0,0,0,2243,30,0.9755,0,0,3,1627.11,0,0.811,0
1,1,1,1,1.0921,0,0,0,2913,107,0.9459,0,0,1,3828.08,0,0.907,0
1,1,1,1,1.0612,0,0,0,853,63,0.798,0,0,1,3283.94,0,0.7379,0
1,1,1,1,0.9976,0,0,0,678,160,1.0424,0,0,1,289.16,0,0.8718,0
1,1,1,1,0.9479,0,0,0,1306,38,1.1401,0,0,2,13790.87,0,0.8414,0
1,1,1,1,0.9734,0,0,0,1137,66,1.132,0,0,1,4325.15,0,0.8953,0
0,0,1,1,0.9728,0,0,0,1550,59,0.6986,0,0,2,17876.36,0,0.8955,0
1,1,0,1,0.9878,0,0,0,2984,93,1.3663,0,0,1,5370.69,0,0.8358,0
1,1,1,1,0.9608,0,0,0,1753,51,1.2742,0,0,1,3857.14,0,0.9055,0
1,1,1,1,1.0562,0,0,0,701,192,0.9243,0,0,2,14321.81,0,0.815,0
1,1,1,1,1.0103,0,0,0,1315,123,0.8686,0,0,2,8777.83,0,0.7415,0
1,1,0,1,1.0133,0,0,0,1318,136,0.9558,0,0,0,8743.6,0,0.8321,0
1,1,1,1,0.9287,0,0,0,3061,56,1.0733,0,0,0,46820.9,0,0.8511,0
1,0,1,1,0.8921,0,0,0,1134,22,0.7841,0,0,3,18583.35,0,0.9704,0
1,1,1,1,1.0234,0,0,0,2724,13,1.3559,0,0,3,15759.14,0,0.8815,0
1,1,1,1,0.9397,0,0,0,2476,66,1.1571,0,0,2,12966.69,0,0.8524,0
1,1,1,1,0.9116,0,0,0,1625,178,0.9675,0,0,3,606.67,0,0.9657,0
1,1,0,1,1.0892,0,0,0,3458,134,0.7821,1,0,2,6931.66,0,0.9827,0
1,1,0,1,1.0506,0,0,0,1637,97,1.3591,0,0,1,898.64,0,0.8773,0
1,1,1,1,0.9467,0,0,0,1772,13,1.2906,0,0,2,29199.41,0,0.9657,0
1,1,1,0,1.0042,0,0,0,2172,60,0.963,0,0,1,7900.86,0,1.0,0
0,0,1,1,1.0393,0,0,0,1507,16,1.8908,0,0,2,18514.53,0,0.8732,0
1,1,1,1,0.9992,0,0,1,145,1,0.6462,0,0,2,14014.42,0,0.8179,0
1,1,1,1,1.0622,0,0,0,660,103,1.2422,0,0,0,15854.03,0,0.8331,0
1,1,1,1,0.957,0,0,0,1621,110,0.7184,0,0,1,7837.49,0,0.8644,0
1,1,1,1,1.1498,0,0,0,3466,38,0.212,1,0,3,16448.9,0,0.7612,0
1,1,1,1,1.0405,0,1,0,3263,94,0.6756,0,0,0,21599.66,0,0.8239,0
1,1,1,1,0.9662,0,0,0,3051,134,0.5196,0,0,1,19424.96,0,0.8012,0
1,1,1,1,1.1096,0,0,0,1766,23,1.1417,0,0,2,3579.6,0,0.7489,0
1,1,1,0,0.9778,0,0,0,3265,59,1.4543,0,0,0,11852.46,0,0.8699,0
1,1,1,1,1.0305,0,0,0,1231,184,0.8436,0,0,3,8861.65,0,0.9336,0
1,1,1,1,1.0699,0,0,1,67,4,1.598,0,0,0,9200.35,0,0.9135,0
1,1,1,1,0.9837,0,0,0,2430,122,1.1388,1,0,1,14574.85,0,0.8353,0
0,0,1,1,0.9891,0,0,0,2053,79,1.1751,0,0,2,42030.09,0,0.8405,0
1,1,1,1,0.9947,0,0,1,37,1,1.0303,0,0,1,1504.96,0,1.0,0
1,1,1,1,1.0153,0,0,0,3460,97,1.0336,0,0,1,3086.53,0,0.9388,0
1,1,1,1,1.0132,0,0,1,43,2,0.923,0,0,1,44542.09,0,0.8518,0
1,1,1,1,0.9401,0,0,0,3564,62,1.482,0,0,2,11964.19,0,0.9448,0
1,1,1,1,0.9771,0,0,0,2058,69,0.5,0,0,3,43384.32,0,0.93,0
1,1,1,1,0.9546,0,0,0,658,75,1.3123,0,0,3,22519.82,0,0.8753,0
1,1,1,1,1.0037,0,0,0,1911,189,1.4702,0,0,2,17458.27,0,0.9142,0
1,1,1,1,0.9322,0,0,0,922,95,1.2423,0,0,3,8217.44,0,0.9377,0
1,1,1,1,0.9836,0,0,0,1006,25,1.0617,0,0,1,47537.0,0,0.8281,0
1,1,1,1,1.5446,0,0,0,131,11,0.5135,1,0,0,24382.74,0,0.3526,1
1,1,0,1,0.9553,0,0,0,3138,72,1.1862,0,0,0,2302.31,0,1.0,0
1,1,1,1,0.999,0,0,0,3228,157,0.8142,0,0,3,15005.21,0,0.9331,0
1,1,1,1,0.9567,0,0,0,1129,165,0.9315,0,0,3,4332.1,0,0.7368,0
1,1,1,1,1.014,0,0,0,1285,37,1.29,0,0,2,16455.35,0,0.7183,0
1,1,1,1,1.0191,0,0,0,1365,18,0.602,0,0,2,6344.49,0,0.794,0
1,1,1,1,0.9681,0,0,0,3412,43,1.0585,0,0,1,7115.41,0,0.9061,0
1,1,1,1,1.0059,0,0,0,2927,165,1.5774,0,0,0,933.72,0,0.6591,0
1,1,1,1,1.0305,0,0,0,2455,148,0.6234,0,0,2,13141.66,0,0.9693,0
1,1,1,1,0.9946,0,0,0,3637,61,1.2408,0,0,1,29212.28,0,0.7442,0
1,1,1,1,0.9529,0,0,0,1885,9,1.3174,0,0,3,3735.1,0,0.9274,0
1,1,1,1,1.0514,0,0,0,211,67,0.508,0,0,3,438.25,0,0.866,0
1,1,1,1,0.9189,0,0,0,3478,69,1.3951,0,0,2,19291.86,0,0.7006,0
0,0,1,0,1.1753,1,1,1,22,1,3.3252,0,1,0,32364.33,0,0.8351,1
1,1,1,0,0.9809,0,0,0,3270,129,0.6694,0,0,0,10091.66,0,0.6496,0
1,1,1,1,1.0084,0,0,1,73,4,1.5102,0,0,1,5535.77,0,0.8207,0
1,1,1,1,1.0099,0,0,0,1248,138,0.9441,0,0,3,457.96,0,0.8922,0
0,0,1,1,1.0043,0,0,0,740,153,1.3826,0,0,3,6510.36,0,0.8133,0
1,1,1,1,1.0386,0,0,0,1088,87,0.8275,0,0,2,1155.21,0,0.7712,0
1,1,0,1,0.9694,0,0,0,1515,18,1.0298,1,0,3,4011.06,0,0.853,0
1,1,1,1,1.0215,0,0,0,2145,15,1.1367,0,0,3,47109.29,0,0.7709,0
1,1,0,1,0.9861,0,1,0,1336,143,1.0602,0,0,3,11755.07,0,0.7621,0
1,1,1,1,1.0977,0,0,0,1859,54,1.1593,0,0,2,12428.59,0,1.0,0
1,1,1,1,0.9841,0,0,0,700,115,0.9739,0,0,0,1731.21,0,0.6889,0
1,1,1,1,0.9282,0,0,0,343,114,1.3211,0,0,2,40478.49,0,0.8766,0
1,1,1,1,0.9184,0,0,0,3144,115,0.6843,0,0,1,26220.28,1,0.8447,0
1,1,1,1,1.0501,0,0,0,628,111,1.1855,0,0,3,6156.68,0,0.7833,0
1,1,1,1,0.9735,0,0,0,3334,105,0.6833,0,0,1,42259.43,0,0.8162,0
1,1,1,1,1.0224,0,0,0,832,175,1.1428,0,0,3,1746.75,0,1.0,0
1,1,1,1,0.949,0,0,0,2657,77,0.9144,0,0,2,3303.39,0,0.7814,0
1,1,1,1,1.0064,0,0,0,2737,77,0.8868,0,0,2,21685.43,0,0.7935,0
1,1,1,1,0.985,0,0,0,1022,172,1.3966,0,0,1,22439.94,0,0.8422,0
1,0,0,1,1.0391,0,0,0,2407,170,0.8039,0,0,2,9297.6,0,1.0,0
1,1,1,1,1.0091,0,0,0,2069,36,0.5757,0,0,2,3289.02,0,1.0,0
0,0,1,1,1.0126,0,0,0,1935,190,1.2317,0,0,1,1578.46,0,0.9988,0
1,1,1,1,0.9796,0,0,0,3524,180,1.2456,0,0,2,18904.8,0,0.7441,0
1,1,1,1,1.0078,0,0,0,2351,117,1.3861,0,0,3,5008.88,0,0.9289,0
1,1,1,1,0.8619,0,0,1,92,3,1.4578,0,0,0,25333.01,0,0.8656,0
1,1,1,1,1.0205,0,0,0,808,5,1.2319,0,0,1,25160.89,0,0.7525,0
1,1,1,1,1.0441,0,0,0,1849,183,0.8178,0,0,0,28698.61,0,0.8367,0
1,1,1,1,1.8123,0,0,0,743,36,1.4904,0,1,4,7796.13,0,0.4391,1
1,1,1,1,0.9437,0,0,0,649,194,1.1917,0,0,1,1935.2,0,0.8489,0
0,0,0,1,1.1061,0,1,0,1547,12,0.8659,0,0,1,10144.29,0,0.4018,1
1,1,1,1,1.0232,0,0,0,2497,95,0.698,0,0,3,4413.49,0,0.8852,0
1,1,1,1,1.0767,0,0,0,3380,184,1.38,0,0,0,1466.74,0,0.9149,0
1,1,1,1,0.947,0,0,0,1719,56,0.916,0,0,2,17255.14,0,0.833,0
1,1,1,1,1.0008,0,0,0,3566,51,1.2236,0,0,0,14163.09,0,0.9547,0
1,1,1,1,0.9805,0,0,0,2820,127,0.735,0,0,3,1731.32,0,0.8969,0
1,1,1,1,1.0024,0,0,0,1767,134,0.8627,0,0,0,12635.85,0,0.903,0
1,1,1,1,0.9801,0,0,1,178,4,0.547,0,0,3,1726.76,0,0.9692,0
1,1,1,1,0.9593,0,0,0,3317,151,0.9597,0,0,1,47888.9,0,0.6751,0
1,1,1,1,0.9853,0,0,1,121,1,1.6342,0,0,1,4070.15,0,0.8168,0
1,1,1,1,0.9857,0,0,0,480,59,0.9718,0,0,0,8144.57,0,0.8794,0
1,1,1,1,0.9512,0,0,0,2496,19,1.3894,0,0,1,14757.38,0,0.9087,0
1,1,0,1,0.9909,0,0,0,1755,52,0.9785,0,0,1,2439.01,0,0.8582,0
1,1,1,1,0.9625,0,0,0,938,189,0.567,0,0,3,38640.16,0,1.0,0
1,1,1,1,0.9381,0,0,0,2389,20,0.9726,0,0,3,22860.31,0,0.6974,0
1,1,1,1,1.0835,0,0,0,3397,92,0.8792,0,0,3,22521.8,0,0.8731,0
1,1,1,1,1.0017,0,0,1,141,3,0.9888,0,0,0,2639.07,0,0.9415,0
1,1,1,1,1.0252,0,0,0,3425,121,0.6265,0,0,1,10012.82,0,0.8708,0
1,1,1,1,0.952,0,0,0,1965,42,1.0926,0,0,0,6604.79,0,1.0,0
1,1,1,0,1.0152,0,0,0,2062,107,0.8364,0,0,2,8449.55,0,0.905,0
1,1,1,1,0.9697,0,0,0,3270,142,1.0994,0,0,0,3725.17,0,0.9946,0
1,1,1,1,1.0217,0,0,0,2968,180,1.6442,0,0,1,52253.14,0,0.7209,0
1,1,1,1,0.9946,0,0,0,3583,10,0.8037,0,0,1,32488.3,0,0.9485,0
1,1,1,1,0.9804,0,0,0,2662,22,0.7533,0,0,3,3065.17,0,0.893,0
1,1,1,1,1.0238,0,0,0,668,91,0.9386,0,0,1,18506.14,1,0.8818,0
1,1,1,1,0.9889,0,0,0,3090,45,1.0839,0,0,3,50404.97,0,0.912,0
1,1,1,1,1.0023,0,0,0,2213,81,0.7031,0,0,0,19030.33,0,0.6368,0
0,0,1,1,0.9869,0,0,0,1649,143,1.1806,0,0,2,22341.7,0,0.7326,0
1,1,1,1,1.0476,0,0,0,2948,146,1.1129,0,0,0,4812.58,0,0.9909,0
1,1,0,1,1.0489,0,0,0,1293,28,0.8735,0,0,1,58.75,0,0.8017,0
1,1,1,1,1.6732,0,1,0,1956,13,0.7195,0,0,2,18708.52,0,0.4328,1
1,1,1,1,0.9625,0,0,0,1107,171,1.2497,0,0,1,5546.58,0,0.857,0
1,1,1,1,1.0071,0,0,0,1906,163,1.046,0,0,1,13987.62,0,0.9408,0
1,1,1,1,0.9847,0,0,0,1518,28,0.9332,0,0,2,5079.56,0,0.9182,0
1,1,1,0,0.9408,0,0,1,167,1,0.2,0,0,3,17774.09,0,0.856,0
1,1,1,1,1.0336,0,0,0,2602,47,1.1736,0,0,0,18817.65,0,0.7597,0
1,0,1,1,1.0206,1,0,0,2562,137,0.9729,0,0,2,7071.89,0,0.8498,0
1,1,0,1,1.0793,0,0,0,811,22,0.941,0,0,2,9084.1,0,0.7853,0
0,0,1,1,1.0062,0,0,1,146,5,1.0631,0,0,0,1770.5,0,1.0,0
1,1,1,1,1.0681,0,0,0,2743,142,1.2237,0,0,1,15672.96,0,0.8687,0
1,1,1,1,1.0204,0,0,0,3166,191,0.7244,0,0,3,9638.0,0,0.8901,0
1,1,1,1,0.9771,0,0,1,38,5,0.9747,0,0,2,17371.0,0,0.8572,0
1,1,1,1,0.9578,0,0,0,2148,173,1.0073,0,0,1,47052.73,0,0.9394,0
1,1,1,1,0.9845,0,0,0,3072,180,1.126,0,0,1,1501.52,0,1.0,0
1,1,1,1,0.894,0,0,0,1356,99,1.2092,0,0,3,8641.3,0,0.6994,0
1,1,1,1,1.0421,0,0,0,2805,122,0.9527,0,0,0,16680.44,0,0.699,0
1,1,1,1,0.9167,0,0,0,3206,54,1.4072,0,0,1,13149.54,0,1.0,0
1,1,1,1,0.9917,0,0,0,1616,96,1.2007,0,0,3,2633.89,0,0.7698,0
1,1,1,1,1.04,0,0,0,3275,26,1.3837,0,1,0,1915.9,1,0.6932,0
1,1,1,1,0.9858,0,0,0,3219,173,1.1433,0,0,3,47423.34,0,0.7089,0
1,1,1,1,0.9196,1,0,0,2834,191,1.0561,0,0,1,828.13,0,0.8588,0
1,1,1,1,0.9849,0,0,0,3149,12,0.9538,0,0,2,18474.51,0,0.8153,0
0,0,1,1,0.9945,0,1,0,3090,151,0.7318,0,0,0,32014.36,0,0.7595,0
1,1,1,1,0.9295,0,0,0,3271,161,1.3611,0,0,0,46407.83,0,0.8249,0
1,1,1,1,1.0052,0,0,1,173,4,0.8472,0,0,2,15103.07,0,1.0,0
1,1,1,1,1.0327,0,0,0,2013,169,1.1377,0,0,1,379.66,0,0.9414,0
1,0,1,1,0.9793,0,0,0,234,112,1.0438,0,0,2,8793.25,0,0.8055,0
1,1,1,1,0.9828,0,0,0,1697,76,0.6403,0,0,3,7482.59,0,0.7515,0
1,1,1,1,1.0777,0,0,0,2490,52,0.9509,0,0,1,3721.25,0,1.0,0
1,1,1,1,1.0036,0,0,0,2440,35,0.7039,0,0,1,2249.5,0,0.9068,0
1,1,1,1,1.0213,0,0,0,2619,62,0.6618,0,0,0,1000.41,0,0.6888,0
1,1,1,1,0.9758,0,0,0,1460,68,0.7226,0,0,0,4502.59,0,0.8719,0
1,1,1,1,1.0327,0,0,0,1018,95,1.5064,0,0,3,20819.74,0,0.8838,0
1,1,0,1,1.0496,0,0,0,243,51,0.9649,0,0,1,2313.6,1,0.6791,0
1,1,1,1,1.0129,0,0,1,102,4,0.705,0,0,0,15624.67,0,0.8741,0
1,1,1,1,1.0216,0,0,0,1174,199,1.3158,0,0,2,15715.51,0,0.7561,0
1,1,1,1,0.9909,0,0,0,3025,84,1.372,0,0,0,5459.33,0,0.8486,0
1,1,1,1,0.9966,0,0,0,337,195,1.1167,0,0,1,31848.89,0,0.8583,0
1,1,1,1,0.9959,0,0,0,2950,80,1.2121,0,0,0,3246.59,0,0.7731,0
1,1,1,1,1.013,0,0,0,2473,7,1.2308,0,0,0,2949.34,0,0.6784,0
1,1,1,1,0.9731,0,0,0,2236,46,1.0334,0,0,3,8040.9,0,0.7538,0
1,1,0,1,1.0157,1,0,1,35,4,1.1742,0,0,1,19541.59,0,1.0,0
1,1,1,1,0.9702,0,0,0,706,156,0.7749,0,0,3,6805.27,0,0.8214,0
1,1,1,1,1.064,0,0,0,3648,122,0.5271,0,0,0,6129.38,0,0.9108,0
1,1,1,1,1.051,0,0,1,118,3,1.4463,0,0,0,20931.46,0,0.8901,0
1,1,1,0,1.0516,0,0,0,2594,79,1.1905,0,0,3,7969.25,0,0.9353,0
1,1,1,1,1.0529,0,0,0,322,37,0.8002,0,0,1,2967.81,0,0.9878,0
1,1,1,1,0.985,0,0,0,2979,128,1.3155,0,0,3,14405.93,0,0.7792,0
1,1,1,1,0.9965,0,0,0,1809,152,1.0877,0,0,3,27815.54,0,0.9627,0
1,1,1,1,1.0292,0,0,1,169,5,0.5573,0,0,1,5255.1,0,0.9909,0
1,1,1,1,0.9633,0,0,0,2482,167,0.2485,0,0,1,4348.7,0,0.7913,0
0,0,1,1,1.3281,0,1,0,665,34,2.7163,1,0,2,8108.87,0,0.6575,1
1,1,0,1,0.9434,0,0,0,1246,200,0.7647,0,0,0,3731.08,0,0.8179,0
1,1,1,1,1.0046,0,0,0,943,124,1.0066,0,0,0,5595.72,1,0.708,0
1,1,1,1,1.088,0,0,1,36,5,0.8341,0,0,2,12555.56,0,0.799,0
1,1,1,0,0.985,0,0,0,498,173,1.3986,0,0,3,3400.73,0,0.6991,0
1,1,1,1,1.0286,0,0,0,630,198,0.8277,0,0,2,24973.03,0,1.0,0
1,1,1,1,1.0921,0,0,0,3114,66,1.362,0,0,1,33450.79,0,0.73,0
1,1,1,1,0.9971,0,0,0,3170,98,1.1741,0,0,3,4976.28,0,0.862,0
1,1,1,1,1.0293,0,0,1,125,1,1.1857,1,0,0,28740.56,0,0.8733,0
1,1,0,1,1.0089,0,0,0,1755,197,0.748,0,0,1,29201.89,0,0.8241,0
1,1,1,1,1.0464,0,0,0,3006,79,0.958,0,0,2,9945.01,0,0.7679,0
1,1,1,1,0.9953,0,0,0,2532,153,1.2533,0,0,2,2754.73,0,0.8557,0
1,1,1,1,0.9559,0,0,0,2769,136,1.0766,0,0,3,18116.16,0,0.7304,0
1,1,1,1,1.0514,0,0,0,2437,113,1.1851,0,0,0,13396.9,0,0.9024,0
1,1,1,1,1.0267,0,0,0,2908,89,0.5627,0,0,3,5727.1,0,0.7608,0
1,1,0,1,1.0573,0,0,0,2527,114,0.8058,0,0,1,1052.22,0,0.8302,0
1,1,1,1,1.0057,0,0,0,1586,8,0.4614,0,0,3,13887.75,0,0.9445,0
1,1,1,1,1.0717,0,0,0,1288,13,1.0168,0,0,2,5121.86,0,0.8312,0
1,1,1,1,1.0291,0,0,0,753,129,0.782,1,0,1,26335.52,0,0.7792,0
1,1,1,0,1.0713,0,0,0,918,133,1.2831,0,0,1,1374.3,0,0.8754,0
1,1,1,1,1.0007,0,0,0,1058,177,0.973,0,0,0,32762.46,0,0.8455,0
1,1,1,1,1.018,0,0,0,3491,134,1.3455,0,0,3,14953.0,0,0.9601,0
0,0,1,1,0.8381,1,1,1,24,1,1.2733,0,0,0,10709.49,0,0.5293,1
0,0,0,0,1.129,0,1,0,1960,12,1.2143,0,1,1,5076.04,0,0.2288,1
1,1,1,1,1.0199,0,0,0,1180,191,1.0897,0,0,0,21358.25,0,0.7648,0
1,1,1,1,1.0197,0,0,0,671,139,1.0538,0,0,1,1943.98,0,0.8412,0
1,1,1,1,0.9762,0,0,0,1847,164,0.9348,0,0,0,5281.17,0,0.6755,0
1,1,1,1,0.9191,0,0,0,1761,42,1.1378,0,0,2,809.16,0,0.8191,0
1,1,1,1,1.0515,0,0,0,1483,120,0.4016,0,0,0,35349.27,0,0.8698,0
1,1,1,1,1.0171,0,0,0,2689,161,1.0508,0,0,0,264.27,0,0.8495,0
1,1,1,1,0.8984,0,0,1,178,5,0.7558,0,0,2,19666.4,0,0.9905,0
1,1,1,1,0.9234,0,0,0,2688,167,1.3397,0,0,0,11866.95,0,0.9688,0
1,1,1,1,0.9121,0,1,0,813,14,1.9569,0,0,6,730.24,0,0.3091,1
1,1,1,1,1.0226,0,0,0,2121,73,0.5202,0,0,1,26502.24,0,0.8955,0
1,1,1,1,1.0139,0,0,0,2885,147,0.7402,0,0,3,39077.12,0,0.9162,0
1,1,1,1,1.0009,0,0,0,960,73,0.8748,0,0,1,4446.05,0,0.9208,0
1,1,1,1,0.9851,0,1,0,1030,134,1.2829,0,0,1,1423.17,0,0.7965,0
1,1,1,1,1.0486,0,0,1,58,4,1.4471,0,0,2,10480.23,0,0.8755,0
1,1,1,1,1.2549,0,0,0,958,26,1.0633,1,1,3,12933.27,0,0.3566,1
1,1,1,1,0.9919,0,0,0,2172,124,1.4866,0,0,2,29188.93,0,0.855,0
1,1,1,1,0.8658,0,0,0,3315,96,1.1584,0,0,2,21635.85,0,0.8368,0
1,1,1,1,1.0691,0,0,0,1707,86,0.9486,1,0,1,61069.92,0,0.9628,0
1,1,1,1,1.0635,0,0,0,3044,94,1.3419,0,0,3,3538.25,0,0.7635,0
1,1,1,1,0.9345,0,0,0,851,40,1.1983,0,0,3,12499.89,0,0.7912,0
1,1,1,1,0.9965,0,0,0,2093,166,1.118,0,0,3,51592.28,0,0.7307,0
1,1,1,0,1.1598,0,0,1,26,0,4.2869,1,0,5,99519.26,0,0.5733,1
1,1,1,1,0.9474,0,0,0,1853,197,1.4152,0,0,0,51.15,0,0.8858,0
1,1,1,1,1.0436,0,0,0,1191,179,0.5161,0,0,2,13941.12,0,0.8706,0
1,1,1,1,1.0369,0,0,0,2671,32,1.6822,0,0,2,10471.15,0,0.8444,0
0,0,1,0,1.0207,0,0,1,3,1,5.8808,0,1,1,89209.75,1,0.4035,1
1,1,1,1,0.9394,0,0,0,2401,194,0.9628,0,0,1,6531.77,0,0.8288,0
1,1,1,1,1.007,0,1,0,1632,166,1.0187,0,0,2,2013.7,0,1.0,0
1,1,1,1,1.0198,0,0,0,1150,146,1.1231,0,0,0,17142.37,0,0.795,0
1,1,1,1,0.9508,0,0,0,2044,122,1.2654,0,0,2,23343.38,0,0.7631,0
1,1,0,1,1.0213,0,0,0,711,26,0.8208,1,0,3,9835.02,0,0.9888,0
1,1,0,1,0.9684,0,0,0,978,64,0.6339,0,0,0,10723.63,0,0.8799,0
1,1,1,1,0.9942,0,0,0,1529,180,1.461,0,0,3,6680.59,0,0.9269,0
1,1,1,1,1.0207,0,0,0,193,190,1.1655,0,0,3,3827.5,0,0.9503,0
1,1,1,1,0.9666,0,1,1,35,4,0.2563,0,0,0,10978.42,0,0.8998,0
1,1,1,1,1.0137,0,0,0,3124,124,0.7155,1,0,1,23918.31,0,0.8306,0
1,1,0,1,0.9918,0,0,1,49,1,1.1395,0,0,1,13341.85,0,0.9742,0
1,1,1,1,1.0972,0,0,0,214,154,0.7567,0,0,2,3097.69,0,0.7196,0
1,1,1,1,0.9258,0,0,0,2842,121,1.0269,0,0,3,12573.95,0,0.884,0
1,1,1,1,1.018,0,0,0,2830,173,1.4466,0,0,1,1439.63,0,0.7812,0
0,0,1,1,0.8821,1,0,1,11,1,0.903,0,1,0,20619.27,0,0.492,1
1,1,1,1,1.0072,0,0,0,2690,125,0.9367,0,0,3,29056.66,0,1.0,0
1,1,1,1,1.0377,0,0,0,2121,32,0.9446,0,0,1,14370.5,0,0.8433,0
1,1,1,1,1.0928,0,0,0,1132,4,0.9084,0,1,7,17008.53,0,0.6687,1
1,1,1,1,0.9353,0,0,0,2424,67,0.9466,0,0,1,43092.27,0,0.8796,0
0,0,1,1,1.0412,0,0,0,3605,154,0.6939,0,0,2,7768.82,0,0.9946,0
0,0,1,1,1.0168,0,0,0,2762,13,1.0226,0,0,0,3459.16,0,0.7891,0
1,1,1,1,1.0783,0,0,0,2267,60,1.2078,0,0,0,8572.01,0,0.8481,0
1,1,1,1,1.003,0,0,0,2476,126,1.1314,0,0,0,30742.02,0,0.6774,0
1,1,1,1,1.1103,0,0,0,901,6,1.9407,0,0,0,1992.49,0,0.9127,0
1,1,1,1,1.0509,0,0,0,863,37,1.3641,0,0,2,225.76,0,0.8544,0
1,1,1,1,0.9606,0,0,0,989,121,1.2295,0,0,1,2460.63,0,1.0,0
1,1,1,1,0.9787,0,0,0,1443,102,0.4036,0,0,0,12470.37,0,0.8659,0
1,1,1,1,1.0206,0,0,0,2159,21,1.1784,0,0,1,33060.49,0,0.8043,0
1,1,0,1,1.0251,0,0,0,1575,194,0.7708,0,0,2,24816.16,0,0.7943,0
1,1,1,1,1.0269,0,0,0,1055,134,1.1811,0,0,1,2394.47,0,0.8934,0
1,1,1,1,0.9512,0,0,0,209,75,1.0925,0,0,2,45503.87,0,0.9035,0
1,1,0,1,1.0247,0,0,0,2633,100,1.3809,0,0,1,17109.89,0,0.9115,0
1,1,1,1,1.0494,0,0,0,2724,125,0.8213,0,0,0,3241.06,0,0.8354,0
0,0,1,1,0.8875,0,0,1,11,2,1.6799,1,0,7,110610.61,1,0.0039,1
1,1,1,1,0.9286,0,0,0,3362,126,0.8208,0,0,0,17339.33,0,1.0,0
1,1,1,1,1.0185,0,0,1,138,5,1.2566,0,0,1,10070.16,0,0.8555,0
1,1,1,1,1.0298,0,0,0,3499,193,1.1557,0,0,2,9413.08,0,0.9167,0
1,1,0,1,0.9736,0,0,0,1565,130,0.6073,0,0,2,38010.6,0,0.7651,0
1,1,1,1,0.9574,0,0,0,1567,57,1.2379,0,0,1,141.13,0,0.7536,0
1,1,1,1,0.9983,0,0,0,2366,15,0.5205,0,0,0,4491.36,0,0.9405,0
1,1,1,1,0.9816,0,0,0,3183,168,0.9565,0,0,2,1396.89,0,0.8838,0
1,1,1,1,1.0284,0,0,0,2547,168,0.3608,0,0,3,26720.21,0,0.9569,0
1,1,1,1,0.9995,0,0,0,2806,88,1.5478,0,0,0,2781.8,0,0.9361,0
1,1,1,1,0.9664,0,0,0,877,78,0.9032,0,0,1,8065.96,0,1.0,0
1,0,1,1,0.9595,0,1,0,999,17,2.0346,0,1,6,17863.74,0,0.5501,1
1,1,1,1,1.0096,0,0,0,1310,8,1.4274,0,0,3,26875.52,0,0.9737,0
1,1,1,1,0.9837,0,0,0,1634,188,0.8936,0,0,3,20937.08,0,0.9015,0
1,1,1,1,0.9034,0,0,0,887,101,0.3447,0,0,3,2323.04,0,0.9449,0
1,1,1,1,1.0314,0,0,0,2344,136,1.0952,0,0,3,1617.19,0,0.9154,0
1,1,1,1,1.2349,0,1,1,89,2,1.8502,1,1,3,12505.37,0,0.4246,1
1,1,1,1,0.918,0,0,0,578,29,0.852,0,0,2,29004.45,0,0.9465,0
0,0,1,1,0.9658,0,0,0,1987,48,0.543,0,0,1,9548.44,0,0.8746,0
1,1,0,1,1.0374,0,0,0,2749,137,0.7826,0,0,3,12303.17,0,0.9408,0
1,1,1,1,0.9894,0,0,0,1805,191,1.282,0,0,1,19911.09,0,0.8275,0
1,1,1,1,0.9554,0,0,0,1524,86,0.8368,0,0,2,8980.42,0,0.8723,0
1,1,1,1,1.0704,0,0,0,2086,200,1.0335,0,0,1,29707.35,0,0.7923,0
0,0,1,1,0.9428,0,0,0,501,171,1.3764,0,0,1,8470.37,0,0.982,0
1,1,0,1,1.0968,0,0,0,3479,103,1.6827,0,0,2,32514.09,0,0.8682,0
1,1,1,1,0.9896,0,0,0,2587,72,1.0265,0,0,2,47147.36,0,0.8054,0
1,1,1,1,0.9367,0,0,0,1794,28,0.7191,0,0,0,11302.29,0,0.704,0
0,0,1,1,1.0047,0,0,0,1209,13,1.2115,0,0,0,7524.63,0,0.8695,0
1,0,1,1,0.9589,0,0,0,1290,33,0.6414,1,0,2,9344.42,1,0.6429,0
1,1,1,1,1.0755,0,0,0,938,126,0.8535,0,0,0,6539.17,0,0.7797,0
1,1,1,1,0.9581,0,0,0,2269,102,0.6867,0,0,3,15564.84,0,0.8197,0
1,1,1,1,0.9953,0,0,0,3358,19,0.5053,0,0,0,40526.92,0,0.6976,0
1,1,1,1,0.9661,0,0,0,1416,22,1.1711,0,0,2,13053.79,0,0.7393,0
1,1,1,1,0.9326,0,0,0,981,103,1.1059,0,0,3,4157.92,0,0.7656,0
1,1,1,1,1.0291,0,0,0,3253,147,0.6531,0,0,1,24764.49,0,0.8942,0
1,1,1,1,0.916,0,0,0,3374,182,0.8046,0,0,0,52441.94,0,0.9031,0
1,1,1,1,0.9981,0,0,0,887,70,1.4747,0,0,1,606.75,0,0.8081,0
1,1,1,1,0.9469,0,0,0,2152,91,0.967,0,0,1,31106.3,0,0.8096,0
1,1,1,1,1.0119,0,0,0,233,64,0.7566,1,0,2,1452.89,0,0.7472,0
1,1,1,1,0.9784,0,0,0,2247,153,0.7581,0,0,1,16023.86,0,0.752,0
1,1,1,1,0.9838,0,0,0,1592,61,0.9041,0,0,0,31348.49,0,1.0,0
1,1,1,0,1.0199,0,0,0,1750,176,1.5755,0,0,2,4892.16,0,0.7186,0
1,1,1,1,1.1074,0,0,0,689,67,0.871,0,0,0,9880.45,0,0.8396,0
1,1,1,1,1.1053,0,0,0,1107,73,1.3985,1,0,2,274.99,0,0.6568,0
1,1,1,0,1.0254,0,0,0,3092,22,0.336,0,0,3,17166.21,0,0.9799,0
1,1,1,1,1.1047,0,0,0,2798,155,0.526,0,0,3,19706.02,0,0.7806,0
1,1,1,1,0.9932,0,0,0,233,172,1.3425,0,0,2,11575.56,0,0.8283,0
1,1,0,1,1.076,0,0,0,335,103,0.9752,0,0,3,46491.95,0,0.7002,0
1,1,1,1,0.9944,0,0,0,2865,32,1.1171,0,0,2,36866.23,0,0.6946,0
1,1,1,1,1.0008,0,0,1,135,5,1.219,0,0,0,14891.15,0,0.6919,0
0,0,1,1,0.9884,0,0,1,165,2,1.3781,0,0,1,16421.52,0,0.9356,0
1,1,1,1,1.0033,0,0,0,2387,98,1.3226,0,0,1,1641.21,0,0.8815,0
1,1,1,1,0.9812,0,0,0,2647,105,0.6464,0,0,2,6514.69,0,0.8171,0
1,1,1,1,0.9012,0,0,0,934,102,1.0979,1,0,2,6083.13,0,0.8517,0
1,1,1,1,1.038,0,0,0,641,141,1.2667,0,0,1,19493.49,0,0.9052,0
0,0,1,1,1.0628,1,0,0,1965,29,0.3,0,0,4,53760.31,0,0.4254,1
1,1,1,1,0.9342,0,0,0,3400,27,0.6933,0,0,0,2335.95,0,0.7823,0
1,1,1,1,0.9734,0,0,0,2111,8,1.0935,0,0,2,4120.22,0,0.9895,0
1,1,1,1,0.9712,0,1,0,1899,28,1.2292,0,0,1,14804.95,0,0.649,0
1,1,1,1,1.0953,0,0,0,1464,75,1.1608,0,0,2,39947.86,0,0.7908,0
1,1,1,1,1.0339,0,0,0,1900,84,1.2194,0,0,2,11563.94,0,0.792,0
1,1,1,1,1.0082,0,0,0,2609,17,1.0015,0,0,3,6209.99,0,0.8467,0
1,1,1,1,1.0066,0,0,0,822,37,1.1052,0,0,1,2565.45,0,0.8636,0
1,1,1,1,0.9669,0,0,0,2702,125,0.8207,1,0,0,1265.81,0,0.4828,0
1,1,1,1,0.9011,0,0,0,1860,168,0.9977,0,0,2,4024.01,0,0.9728,0
1,1,1,1,1.0519,0,0,0,3336,148,1.0951,1,0,2,9459.52,0,0.9469,0
1,1,1,1,1.0038,0,0,1,40,3,0.6648,0,0,2,14346.22,0,0.829,0
1,1,1,1,0.9553,0,0,0,726,43,0.8016,0,0,2,2782.49,0,0.7755,0
1,1,1,1,1.004,0,0,0,1635,152,1.0156,0,0,3,24630.66,0,0.8005,0
1,1,0,1,0.9738,0,0,0,3177,116,0.9558,0,0,0,50975.31,0,0.8104,0
1,1,1,1,1.0781,0,0,0,3560,141,1.3866,0,0,2,12520.02,0,0.9829,0
1,1,1,1,0.985,0,0,0,1354,107,0.6361,0,0,3,28008.34,1,0.8269,0
1,1,1,1,1.095,0,0,0,3595,157,1.1845,0,0,3,6693.15,0,0.756,0
1,0,1,1,0.9742,0,0,0,1864,26,1.5174,0,0,3,39981.25,0,0.8063,0
1,1,1,1,1.013,0,0,0,3087,66,1.4621,0,0,2,8501.26,0,0.9451,0
1,1,1,1,1.0351,0,0,0,305,193,1.6816,0,0,0,2982.46,0,0.8914,0
1,1,1,1,1.0752,0,0,0,3101,67,0.7397,0,0,3,20403.66,0,0.8084,0
1,1,1,0,0.9856,0,0,1,118,4,0.8599,0,0,0,13147.93,0,0.6805,0
0,0,1,1,1.0126,0,0,0,2699,55,0.8086,0,0,0,1513.17,0,0.8199,0
1,1,1,1,1.0081,0,0,0,1062,20,1.1168,0,0,1,50.08,0,0.8595,0
1,1,1,1,1.0149,0,0,1,59,0,1.1914,0,0,0,3977.95,0,0.7739,0
1,1,1,1,1.0405,0,0,0,440,51,1.3837,0,0,0,7917.68,0,0.6425,0
1,1,1,1,0.85,0,0,1,157,1,1.0438,0,0,0,691.05,0,0.7999,0
1,1,1,1,0.995,0,0,0,1652,199,1.1191,0,0,2,19403.07,0,0.876,0
1,1,1,1,1.0167,0,0,1,103,2,1.4317,0,0,1,9587.86,0,0.8952,0
1,1,1,1,1.052,1,0,0,558,155,0.4956,0,0,0,10260.66,0,0.8398,0
0,0,1,1,1.0117,0,0,0,1471,32,0.4673,0,0,3,9594.21,0,0.9006,0
1,1,1,1,0.9969,0,0,0,804,196,1.28,0,0,0,25546.07,0,0.9058,0
1,1,0,1,0.9857,0,0,0,1162,52,1.3604,0,0,2,4819.48,0,0.7065,0
1,1,0,1,1.0136,0,0,0,2480,162,1.1297,0,0,0,154.64,0,0.8287,0
1,1,1,1,1.0111,0,0,0,2461,194,0.7978,0,0,0,11606.44,0,0.7621,0
1,1,1,1,0.9947,0,0,0,2309,98,1.1623,0,0,2,3987.59,0,0.853,0
1,1,1,1,1.1223,0,0,0,485,56,0.802,0,0,2,8436.05,0,0.7996,0
1,1,1,1,0.934,0,0,1,65,3,1.2904,0,0,0,1971.8,0,0.7084,0
1,1,0,1,0.9611,0,0,0,2054,187,0.8717,0,0,0,7548.37,0,0.9019,0
1,1,1,1,0.9534,0,0,0,1567,156,0.9442,0,0,2,10408.7,0,0.8453,0
1,1,1,1,0.9284,0,0,0,631,26,0.7894,0,0,3,4158.52,0,1.0,0
0,0,0,1,1.1521,0,1,1,43,2,1.0553,0,0,7,17375.27,0,0.3352,1
1,1,1,1,1.0697,0,0,1,152,5,0.8246,0,0,3,67536.07,0,0.9632,0
1,1,1,1,1.0209,0,0,0,650,73,0.9555,0,0,0,16127.01,0,0.7929,0
1,1,1,1,1.0522,0,1,0,3390,141,0.8792,0,0,3,33500.82,0,0.8996,0
1,1,1,1,0.9615,0,0,0,2573,118,1.2714,0,0,0,2921.54,0,0.7492,0
1,1,1,1,1.0855,0,1,0,480,164,1.0783,0,0,2,366.46,0,0.9368,0
1,1,1,1,0.9464,0,0,0,2600,109,0.8774,0,0,1,89942.93,0,0.7412,0
1,1,1,1,0.9225,0,0,0,2659,96,0.8346,0,0,0,23795.45,0,0.7778,0
1,1,1,1,0.9765,0,0,0,1845,196,0.7077,0,0,1,2248.77,0,1.0,0
1,1,1,1,0.97,0,0,0,1787,19,1.1593,0,0,0,10182.41,0,0.8515,0
1,1,1,1,1.0089,0,0,0,3559,29,0.7527,0,0,0,11862.63,0,0.7424,0
1,1,1,0,1.0333,0,0,0,740,127,0.9568,0,0,1,12890.19,0,0.8552,0
1,1,1,1,0.9356,0,0,1,169,2,1.6965,0,0,3,9845.42,0,0.8407,0
0,0,1,1,1.0071,0,0,0,533,191,1.1454,0,0,2,301.96,0,0.8725,0
1,1,1,1,1.1258,0,0,0,429,173,0.9983,0,0,2,30314.19,0,0.99,0
1,1,1,1,1.0129,0,0,0,1581,121,0.8338,1,0,0,74288.04,0,0.854,0
1,1,0,1,0.984,0,0,0,1563,182,1.2004,0,0,1,51732.01,0,0.9701,0
1,1,1,1,0.9725,0,0,0,1346,59,1.2566,0,0,0,8711.93,0,0.8843,0
1,1,1,1,1.053,0,0,0,413,138,1.3736,0,0,0,2381.92,0,0.9618,0
1,1,1,1,1.0637,0,0,0,2469,186,1.0022,0,0,0,214.17,0,0.9148,0
1,1,0,1,1.114,0,0,0,1604,31,0.9559,0,0,3,27948.19,0,0.8912,0
1,1,1,1,1.1432,0,0,0,426,69,1.2135,0,0,3,28724.84,0,0.8051,0
1,1,1,1,0.929,0,0,0,1643,112,1.2201,0,0,3,15365.52,0,0.8767,0
1,1,1,1,1.0011,0,0,0,371,59,0.6598,0,0,3,5178.91,0,0.8395,0
1,1,1,1,0.9652,0,0,0,402,158,1.3042,0,0,2,4504.02,0,0.7477,0
1,1,1,1,1.0342,0,0,1,95,1,0.6078,0,0,1,3979.78,0,0.6964,0
1,1,1,1,1.0919,0,0,0,1737,154,0.5265,0,0,3,12206.03,0,0.8354,0
1,1,0,1,1.0851,0,0,0,1644,102,1.117,0,0,3,9017.5,0,0.9061,0
1,1,1,1,1.0125,0,0,0,468,19,0.7424,1,0,3,828.57,0,0.9647,0
1,1,1,1,1.0149,0,0,0,3295,44,0.8,0,0,0,10767.58,0,0.8107,0
1,1,1,1,0.9627,0,0,0,1893,122,0.9643,0,0,2,1325.88,0,0.7735,0
1,1,1,1,0.9908,0,0,0,2142,145,1.1404,0,0,3,19752.59,0,0.8596,0
1,1,1,1,0.9805,0,0,1,57,0,1.6096,0,1,6,107000.88,1,0.701,1
1,1,1,1,0.9932,0,0,1,133,3,0.3996,0,0,0,21761.08,0,0.6926,0
1,1,1,1,0.9874,0,0,0,824,170,1.3277,0,0,3,2516.9,0,0.6678,0
1,1,1,1,1.0291,0,0,0,1086,62,0.6338,0,0,3,19123.91,0,0.8564,0
1,1,1,1,1.0014,0,0,0,1014,7,1.0606,0,0,3,4339.73,0,0.655,0
1,1,1,1,1.0715,0,0,0,3222,179,1.154,1,0,3,1156.38,1,0.8702,0
1,1,1,1,0.9973,0,0,0,1298,39,1.2447,0,0,1,27538.96,0,0.861,0
1,1,0,1,0.9946,0,0,0,839,59,0.5608,0,0,1,5334.51,0,0.946,0
1,1,1,1,0.9991,0,0,0,1735,174,0.7796,1,0,3,353.8,0,0.8764,0
1,1,1,1,1.0569,0,0,0,209,24,0.9567,0,0,3,23983.81,0,0.9907,0
1,1,1,1,1.026,0,0,0,2153,53,0.8415,0,0,2,5866.83,0,0.9127,0
0,0,0,1,0.9843,0,0,0,1285,179,1.1005,0,0,0,34054.64,0,0.9299,0
1,1,1,1,0.9143,0,0,1,59,1,0.7249,0,0,1,42235.22,0,0.8063,0
1,1,1,1,1.0961,0,0,0,2190,116,0.3883,0,0,0,2552.3,0,0.778,0
1,1,1,1,1.0303,0,0,0,2942,185,1.2371,0,0,3,9182.65,0,0.9216,0
1,1,1,1,1.0022,0,0,0,2017,171,1.0425,0,0,2,17623.4,0,1.0,0
1,1,1,1,0.9443,0,0,0,448,130,1.3883,0,0,0,11398.62,0,0.7188,0
1,1,1,1,1.0058,0,0,0,3253,69,1.1501,1,0,0,39463.08,0,0.9037,0
1,1,1,1,1.0804,0,0,0,2328,138,1.3138,0,0,0,17709.16,0,0.9078,0
1,1,1,1,1.0432,0,0,0,2473,135,0.8909,0,1,1,11346.53,0,0.9003,0
0,0,1,1,0.9938,0,0,1,72,5,1.5179,0,0,3,6317.87,0,0.7815,0
1,1,1,1,0.9971,0,0,0,3210,104,1.4624,1,0,2,459.41,0,0.9372,0
1,1,1,1,1.0228,0,0,0,1221,185,1.125,0,0,0,58141.92,0,0.6415,0
1,1,1,1,1.0202,0,0,0,1502,42,1.0522,0,0,1,9510.66,0,0.7503,0
1,1,1,1,1.0853,0,0,0,275,132,1.0127,0,0,1,4348.05,0,0.8442,0
1,1,1,1,0.9738,0,0,0,2772,22,1.2763,0,0,2,8784.14,0,0.8368,0
1,0,0,1,0.9356,0,0,0,372,158,0.9656,0,0,3,3539.84,0,0.8465,0
1,1,1,0,1.0141,0,0,0,497,145,1.1092,0,0,2,28742.6,0,0.9656,0
1,1,1,1,1.0378,0,0,0,295,113,1.2074,0,0,3,26061.74,0,1.0,0
1,1,1,1,1.0512,0,0,0,1167,75,1.8707,0,0,0,15962.42,0,0.8053,0
1,1,1,1,0.9144,0,0,0,386,76,1.2279,0,0,2,11939.5,0,0.7723,0
1,1,1,1,1.0407,0,1,1,129,4,0.8095,0,0,2,56093.39,0,0.9249,0
1,1,1,1,1.0026,0,0,0,3181,143,1.1001,0,0,3,3393.16,0,0.7735,0
1,1,1,1,0.9607,0,0,0,3473,90,0.7279,0,0,0,7671.73,0,0.6451,0
1,1,1,1,0.9718,0,0,0,2917,169,0.4728,0,0,3,9449.43,0,0.652,0
1,1,1,1,0.9836,0,1,0,2410,62,0.7704,0,0,0,19575.77,0,0.8988,0
1,1,1,1,1.0434,0,1,0,873,16,0.6738,0,0,0,19172.04,0,0.8491,0
1,1,1,1,0.9822,0,0,0,3388,63,1.5911,0,0,2,1024.99,0,0.7338,0
1,1,1,1,0.9987,0,0,0,1336,26,1.1929,0,0,3,36996.31,0,0.8364,0
1,1,0,1,1.0188,0,0,0,1952,73,1.2748,0,0,0,25125.21,0,0.8012,0
1,1,0,1,1.0681,0,0,0,523,182,1.2537,0,0,3,8283.2,0,0.7791,0
1,1,1,1,1.0073,0,0,0,1533,86,0.9599,0,0,3,86.7,0,0.8516,0
1,1,1,1,1.0974,0,0,0,3609,56,0.6527,0,0,3,10871.36,0,0.7997,0
1,1,1,1,0.9576,0,0,0,1367,159,0.8966,1,0,3,16299.61,0,0.8137,0
1,1,1,1,1.0271,0,0,0,2540,122,0.717,0,0,3,9413.08,0,0.8323,0
1,1,1,1,1.5049,0,0,0,309,43,0.3,0,0,7,34925.97,1,0.5717,1
1,1,1,1,1.1971,0,0,1,13,1,2.0,0,0,3,8319.45,0,0.0638,1
1,1,1,1,0.9797,0,0,0,1976,181,1.1991,0,0,1,7103.94,0,0.9541,0
1,1,1,1,1.0278,0,0,0,302,184,1.1001,0,0,2,9562.74,0,0.8332,0
1,1,1,1,0.8617,0,0,0,1430,40,0.9858,0,0,3,8408.98,0,0.9179,0
1,1,1,1,0.9285,0,0,0,884,149,0.7307,0,0,3,13869.34,0,0.9583,0
1,1,1,1,0.9425,0,0,0,2750,31,0.8604,0,0,3,4188.77,0,0.7977,0
1,1,1,1,1.0464,0,0,0,2075,115,1.1498,0,0,1,3759.1,0,0.6808,0
1,1,1,1,1.0114,0,0,0,3603,108,0.7384,1,0,2,5647.72,0,0.9568,0
1,1,0,1,0.9607,0,0,0,2145,180,0.9645,0,0,2,42580.34,0,0.7943,0
1,1,1,1,1.0655,0,0,0,1028,109,0.7669,0,0,0,9475.68,0,0.9457,0
1,1,1,1,0.952,0,0,0,1990,43,0.9793,0,0,0,1893.69,0,0.9623,0
1,1,1,1,1.0352,0,0,1,112,5,0.9459,0,0,2,8877.52,0,0.873,0
1,1,0,1,1.0532,0,0,0,1727,154,1.0502,0,0,1,29210.11,0,0.9319,0
1,1,0,1,0.9353,0,0,0,455,16,0.6754,0,0,1,2240.85,0,0.8916,0
1,1,1,1,0.9505,0,0,0,653,150,1.3363,0,0,1,9008.87,0,0.8196,0
1,1,1,1,0.9593,0,0,0,1032,121,0.8228,1,0,2,23558.63,0,0.733,0
1,1,1,1,0.9462,0,0,0,3646,158,1.0102,0,0,0,3633.02,0,0.6032,0
1,1,1,1,1.0009,0,0,0,3300,7,0.6276,0,0,3,17898.12,1,0.8417,0
1,0,1,1,1.0207,0,0,0,459,166,0.8108,0,0,2,5514.71,1,0.7344,0
1,1,1,1,0.9514,0,0,0,3331,146,1.0785,0,0,0,1018.22,0,0.9792,0
1,1,1,1,0.9804,0,1,0,1208,94,1.0665,0,0,2,9565.52,0,0.9089,0
1,1,1,1,1.0592,0,0,0,490,121,1.3328,0,0,1,37931.33,0,0.8681,0
1,1,1,1,0.9906,0,0,0,3529,13,0.7652,0,0,3,16293.59,0,0.6334,0
1,1,1,1,1.0029,0,0,1,173,2,1.4246,0,0,2,19897.34,0,0.6479,0
1,1,1,1,0.9537,0,0,0,2380,60,1.0273,0,0,2,4252.41,0,0.9653,0
1,1,1,0,1.0079,1,0,0,404,5,1.9161,0,0,3,8603.42,0,0.4003,1
1,1,1,1,1.0183,0,0,0,494,195,0.729,0,0,1,24462.75,0,0.9487,0
1,1,1,1,0.9507,0,0,0,857,46,1.2324,0,0,0,8567.96,0,0.762,0
1,1,1,1,0.9813,0,0,0,3326,135,0.436,0,0,3,13619.75,0,0.8323,0
1,1,1,1,0.9825,0,0,0,3601,80,1.1319,1,0,1,2325.47,0,0.8306,0
0,0,1,1,0.9498,0,0,0,320,92,0.9153,0,0,1,71288.18,0,0.9361,0
1,1,1,1,1.0479,0,0,0,1591,153,0.9947,0,0,1,5478.09,0,0.8624,0
1,1,1,1,0.993,0,0,1,142,2,1.5407,0,0,2,8407.36,0,0.9761,0
1,1,1,1,0.9725,0,0,0,3530,50,1.0727,0,0,1,486.54,0,0.8223,0
1,1,1,1,0.9949,0,0,0,2049,14,0.9293,0,0,2,2296.96,0,0.8265,0
1,1,1,1,0.9676,0,0,0,2484,170,1.2427,0,0,0,18706.73,0,0.8271,0
0,0,1,1,0.9959,0,0,0,3321,165,1.1148,0,0,1,7346.36,0,0.7787,0
1,1,1,1,1.0345,0,0,0,694,138,0.7932,0,0,2,14361.28,0,0.7652,0
1,1,1,1,1.0201,0,0,0,1257,199,0.985,0,0,2,5709.44,0,0.9927,0
1,1,1,1,1.0043,0,0,0,3244,75,1.1559,0,0,2,8937.86,0,0.9407,0
1,1,0,1,0.9291,0,0,0,518,123,0.757,0,0,3,427.31,0,0.9954,0
1,1,1,1,0.9777,0,0,0,1672,49,1.7269,0,0,0,654.12,0,0.8067,0
1,1,1,1,1.0765,0,0,0,2834,71,0.7856,0,0,0,8553.24,0,1.0,0
1,1,1,1,1.0421,0,0,0,2224,144,1.0314,0,0,2,17835.22,0,1.0,0
1,1,1,1,1.0633,0,0,0,353,99,1.2508,0,0,3,23215.48,0,0.8462,0
1,1,1,1,1.0025,0,0,0,2718,184,0.7699,0,0,2,24235.05,0,0.7135,0
1,1,1,1,0.9144,0,0,0,1363,130,0.8888,0,0,3,1751.94,0,0.7152,0
1,1,1,1,1.0207,0,0,0,2450,149,0.6966,0,0,3,27671.96,0,0.9606,0
1,1,1,1,1.0164,0,0,0,916,31,0.7848,0,0,2,29694.03,0,0.7683,0
1,1,1,1,1.0118,0,0,0,889,85,0.8493,0,0,3,545.87,0,1.0,0
1,1,1,1,1.0605,0,0,0,2542,58,1.0632,0,0,0,75.85,0,0.6844,0
0,0,1,1,0.9913,0,0,1,116,1,1.329,0,0,3,10096.96,1,0.8939,0
1,1,1,1,0.9377,0,0,0,810,5,1.0987,0,0,2,21244.37,0,0.8926,0
1,1,1,0,0.9334,0,0,0,2126,141,1.2143,0,0,2,27277.84,0,0.8649,0
1,1,1,1,0.9742,0,0,0,3155,185,0.4952,0,0,2,7272.89,0,0.9842,0
1,1,1,1,0.9443,0,0,0,1249,79,1.1262,0,0,2,15554.39,0,0.9035,0
1,1,1,1,0.9494,0,0,0,3534,88,1.0644,0,1,3,5268.46,0,0.7662,0
1,1,1,1,1.019,0,0,0,2722,56,0.7837,0,0,3,32963.17,0,0.7332,0
1,1,1,1,0.9848,0,0,0,711,128,1.385,0,0,2,8213.7,0,0.8949,0
1,1,1,1,0.9899,0,0,0,405,147,0.6461,0,0,1,3746.61,0,0.9723,0
1,1,1,1,1.087,0,0,0,1271,76,1.0198,1,0,1,21727.38,0,0.7552,0
1,1,1,1,1.0205,0,0,0,1810,196,1.4603,0,0,2,11377.43,0,0.8353,0
1,1,1,1,1.0392,0,0,0,912,134,1.0998,0,0,0,12271.47,0,0.8686,0
1,1,1,1,1.0261,0,0,0,3088,126,1.5049,0,0,2,2437.91,0,0.9202,0
1,1,1,1,0.951,0,0,0,1929,146,1.2262,0,0,0,9376.53,0,0.8819,0
1,1,1,1,0.8934,0,0,0,2509,20,0.4709,0,0,2,32771.79,0,1.0,0
1,1,1,1,1.067,0,0,0,2188,198,0.923,0,0,2,4796.57,0,0.8246,0
1,1,1,1,1.0575,0,0,0,1319,56,1.1427,0,0,3,4399.84,0,0.6044,0
1,1,1,1,1.0311,0,0,0,2059,113,1.2184,0,0,2,5801.23,0,0.8397,0
1,1,1,1,0.9694,0,0,0,2947,53,1.0283,0,0,0,20147.9,0,0.9035,0
1,1,1,1,0.927,0,0,0,1154,150,0.7145,0,0,0,2758.36,0,0.9168,0
1,1,1,1,0.9188,0,0,1,169,0,0.9512,0,0,1,5670.83,0,0.9665,0
1,1,1,1,0.9281,0,0,0,2685,164,0.8793,0,0,0,5153.73,0,0.9556,0
1,1,1,1,1.012,0,0,0,361,11,1.0256,0,0,0,11992.5,0,0.8452,0
1,1,1,1,1.0193,0,0,0,1213,138,0.9114,0,0,2,3365.18,0,0.6974,0
1,1,1,0,0.9943,0,0,0,356,127,0.9778,0,0,3,11846.6,0,0.7931,0
1,1,1,1,1.176,0,0,1,19,19,1.9376,0,1,2,8258.28,0,0.7913,1
1,1,1,1,0.9454,0,0,0,2655,118,1.5008,0,0,2,53548.15,0,1.0,0
1,1,1,1,0.9185,0,0,0,1670,25,1.3544,0,0,0,868.79,0,0.8613,0
1,1,0,1,0.9815,0,0,0,3389,143,0.8146,0,0,2,44815.62,0,0.9244,0
0,0,1,1,0.9534,0,1,0,1632,191,0.8404,0,0,2,37627.12,0,0.8992,0
1,1,1,1,0.9907,0,0,1,123,2,1.4176,0,0,0,4977.78,0,0.8472,0
1,1,1,0,0.9561,0,0,0,3522,46,0.7187,0,0,3,3305.68,0,0.8778,0
1,1,1,1,0.973,0,0,0,3617,192,0.8517,0,0,3,10779.35,0,0.8155,0
1,1,1,1,0.9342,0,0,0,3539,101,1.1791,0,0,0,17302.3,0,0.7925,0
1,1,1,1,0.9974,0,0,0,2516,82,1.5061,0,0,0,14947.69,0,0.9785,0
1,1,0,1,0.9786,0,0,0,3582,47,1.1616,0,0,2,19447.5,0,0.9629,0
0,0,0,0,1.143,0,1,0,924,21,2.315,0,0,1,4611.55,0,0.9266,1
1,1,1,1,0.9949,0,0,0,1049,78,1.2484,0,0,1,15973.36,0,0.8804,0
1,1,1,1,0.971,0,0,0,739,14,0.9096,0,0,0,23600.0,0,0.7378,0
1,1,1,1,1.0787,0,0,1,153,4,0.7699,0,0,1,4906.57,0,0.8465,0
1,1,1,1,0.9589,0,0,1,51,5,0.5266,0,0,2,34489.71,0,0.7373,0
0,0,1,1,0.9481,0,0,0,2029,83,1.3681,0,0,1,8285.25,0,1.0,0
1,1,1,1,1.0607,0,0,0,982,82,1.2805,0,0,0,17768.28,0,0.9851,0
1,1,1,1,1.0002,0,0,1,52,1,1.4265,0,0,0,9369.25,0,0.771,0
1,1,1,1,0.9872,0,0,0,2674,190,1.3677,0,0,0,17516.23,0,0.8018,0
0,0,1,1,1.0021,0,0,1,89,1,1.0179,0,0,3,53604.38,0,0.7321,0
1,0,1,1,0.9715,0,0,0,626,127,1.3792,0,0,1,6210.78,0,1.0,0
1,1,1,1,1.0069,0,0,0,3162,30,0.7635,0,0,2,1289.55,0,0.6375,0
1,1,1,1,1.0216,0,0,0,2235,96,1.3418,0,1,0,12845.1,0,0.7863,0
1,1,1,1,1.0537,0,0,0,3496,13,1.0635,0,0,1,6688.08,0,0.8287,0
1,1,1,1,1.078,0,0,0,1601,143,1.0649,0,0,3,3786.14,0,0.7168,0
1,1,0,1,1.0506,0,0,0,886,140,1.2966,0,0,3,57747.82,1,0.8973,0
1,1,1,1,1.0437,0,0,0,3553,56,1.1298,0,0,3,1148.8,0,0.6079,0
1,1,1,1,1.0018,0,0,0,717,126,0.7123,0,0,2,28658.17,0,0.8985,0
1,1,1,1,0.9747,0,0,0,763,119,0.3249,0,0,0,5367.64,0,0.8173,0
1,1,1,0,0.9776,0,0,1,102,3,0.8179,0,0,2,12085.33,0,0.7108,0
1,1,1,1,0.9636,0,0,0,945,194,1.2805,0,0,1,473.1,0,0.6901,0
1,1,1,1,1.0137,0,0,0,3032,65,1.3525,0,0,3,3564.03,0,1.0,0
1,1,1,1,1.0021,0,0,0,3014,56,0.6336,0,0,1,3906.82,0,0.8163,0
1,1,1,1,1.047,0,0,0,1338,100,0.763,0,0,0,21592.42,0,0.8055,0
1,1,1,1,1.0623,0,0,0,1767,93,1.2922,0,0,0,286.32,0,0.8639,0
1,1,1,1,1.0468,0,0,0,224,115,0.9356,0,0,1,24882.87,0,0.7565,0
1,1,1,1,1.0518,0,0,0,524,29,1.3003,0,0,2,4171.9,0,0.8367,0
1,1,0,1,0.8673,0,0,0,2822,136,1.0606,0,0,2,3512.0,0,1.0,0
0,0,1,1,0.9927,0,0,0,3464,66,0.9749,0,0,2,34522.21,0,0.7764,0
1,1,1,1,1.0047,0,0,0,1250,23,1.2898,0,0,3,14502.89,0,0.8414,0
1,1,1,1,0.9303,0,0,0,3628,136,0.8878,0,1,2,18249.95,0,1.0,0
1,1,1,1,0.9774,0,0,1,178,5,0.8112,0,0,0,291.69,0,1.0,0
1,1,1,1,1.4569,0,0,0,134,36,1.7783,1,1,4,114537.41,0,0.2924,1
0,0,0,1,1.0205,0,0,1,71,1,1.7808,0,0,7,15948.93,0,0.7,1
1,1,1,1,1.0016,0,0,0,1162,65,0.8953,0,0,1,1840.83,0,0.7087,0
1,0,1,1,0.9341,0,0,0,1217,27,1.3829,0,0,2,50660.84,0,0.7201,0
1,1,1,1,0.9718,0,0,0,2605,146,0.8701,0,0,3,42261.08,0,0.7745,0
1,1,1,1,0.9677,0,0,0,667,16,1.4829,0,0,0,882.04,0,1.0,0
1,1,1,1,1.0146,0,0,0,1966,168,0.8724,0,0,1,3186.51,0,0.9811,0
1,1,1,1,0.9999,0,0,0,1409,131,1.1726,0,0,3,13457.35,0,0.7033,0
1,1,1,1,0.981,0,0,0,2999,76,1.4088,1,0,2,26986.0,0,0.9703,0
1,1,1,0,0.9271,0,0,0,2532,40,0.7958,0,0,0,3364.88,0,0.7726,0
1,1,1,1,0.9958,0,0,0,1566,95,0.8561,0,0,0,36011.45,0,0.8471,0
0,0,1,1,0.9083,0,0,1,164,3,1.1687,0,0,1,6001.72,0,0.8929,0
1,1,1,1,1.135,0,0,0,2956,135,0.883,0,0,1,55482.27,0,0.9152,0
1,1,1,1,1.0215,0,0,0,1457,118,1.5124,0,0,0,3449.02,0,1.0,0
1,1,1,1,1.0614,0,0,0,2074,184,0.9614,0,0,3,5308.09,0,0.9032,0
1,1,1,1,0.9971,0,0,0,3366,82,0.895,0,0,1,3488.62,0,0.6987,0
1,1,1,1,0.9141,0,1,1,155,3,0.4303,0,0,2,14964.41,0,0.8369,0
1,1,1,1,0.9946,0,0,0,2246,59,0.9765,0,0,0,12301.6,0,0.7338,0
1,1,0,1,0.9704,0,0,1,173,4,0.7491,0,0,0,3668.33,0,0.6731,0
1,1,1,1,0.9781,0,0,0,1911,113,1.2207,0,0,0,3696.05,0,0.7372,0
1,1,1,1,1.0001,0,0,0,3142,173,0.8618,0,0,0,591.56,0,0.7762,0
1,0,1,1,0.9885,0,0,0,2663,50,1.3839,0,0,2,10913.86,0,0.9095,0
1,1,1,1,0.9374,0,0,0,1034,45,0.8349,0,0,2,10238.07,0,1.0,0
1,1,1,1,1.0154,0,0,0,3443,78,1.8067,0,0,3,49954.84,0,0.8035,0
1,0,1,1,0.9165,0,0,1,74,3,1.1233,0,0,3,12528.62,0,0.8094,0
1,1,1,1,0.9449,0,0,0,3528,79,0.8666,0,0,2,27832.35,0,0.7905,0
1,1,1,1,1.0271,0,0,0,3026,124,1.0077,0,0,1,18365.91,0,0.7146,0
1,1,1,1,0.9896,0,0,0,2945,117,0.8243,0,0,0,16479.66,0,0.8238,0
1,1,1,1,1.093,0,0,0,3236,54,1.1628,0,0,2,2526.29,0,0.8576,0
1,1,1,1,1.0353,0,0,1,136,2,1.417,0,0,1,3141.18,0,0.7505,0
1,1,1,1,1.0639,0,0,0,1014,109,0.8416,0,0,0,10352.69,0,0.7916,0
1,1,1,1,1.0167,0,0,0,1858,103,1.0191,0,0,2,10056.44,0,0.7541,0
0,0,1,1,1.0507,0,0,0,2375,178,0.6615,0,0,2,2336.8,0,0.8557,0
1,1,1,1,0.9191,0,0,0,1852,72,1.5928,0,0,2,19651.5,0,0.671,0
1,1,1,0,1.0218,0,0,0,1145,30,1.2014,0,0,2,1190.6,1,0.952,0
1,1,0,1,1.0358,0,0,0,2364,143,1.1186,0,0,1,60932.05,0,0.8615,0
1,1,0,1,0.9792,0,0,0,2839,187,0.8356,0,0,0,6388.29,0,0.8641,0
1,1,1,1,1.0276,0,0,1,83,2,0.4039,0,0,2,20052.69,0,0.8212,0
1,1,1,1,0.9499,1,0,0,3546,178,0.8625,0,0,1,22830.21,0,0.8368,0
1,1,1,1,0.9815,0,0,0,697,27,0.9912,0,0,1,260.68,0,1.0,0
1,0,0,1,1.0131,0,0,0,2180,85,0.7232,1,0,3,1472.75,0,0.8853,0
1,1,1,0,1.0951,0,0,0,392,8,1.003,0,1,0,8921.55,0,0.8223,0
1,1,1,1,0.9683,0,0,0,2493,126,1.2521,0,0,2,5635.14,0,0.913,0
1,1,1,1,0.8921,0,0,1,107,3,0.9796,0,1,1,205.93,0,0.7707,0
1,1,1,1,1.0047,0,0,0,763,75,0.9514,0,0,1,2027.06,0,0.7274,0
1,1,1,1,1.0564,0,0,0,636,71,0.5601,0,0,2,5298.55,0,0.9039,0
1,1,1,1,1.0969,0,0,0,1497,48,1.2956,1,1,5,21144.41,0,0.6961,1
1,1,1,1,0.9104,0,0,0,3411,129,0.6754,0,0,3,14353.46,0,0.8887,0
1,1,1,1,0.9282,0,0,0,1422,180,0.8381,0,0,1,7091.94,0,0.8389,0
1,1,1,1,1.0578,0,0,0,1844,64,0.8656,0,0,1,3534.48,0,0.9639,0
1,1,1,1,1.0713,0,0,0,3253,70,0.3119,0,0,0,943.48,0,0.836,0
1,1,1,1,1.032,0,0,0,3254,9,1.0224,0,0,2,2672.69,0,0.8061,0
1,1,1,1,0.8885,0,0,0,2254,52,1.3503,0,0,0,10812.01,0,0.9664,0
1,1,1,1,0.9727,0,0,0,1058,167,0.7053,0,0,3,5759.95,0,0.8171,0
0,0,0,0,1.0128,0,0,1,19,0,3.6863,1,0,3,26258.02,0,0.7196,1
1,1,1,1,1.0138,0,0,0,653,81,0.7834,0,0,0,16037.96,0,0.7361,0
0,0,1,1,1.0019,0,0,0,303,136,0.7479,0,0,1,5944.63,0,0.834,0
1,1,1,1,0.948,0,0,0,1210,83,0.7119,0,0,0,5232.38,0,0.7598,0
1,1,1,1,1.0202,0,0,0,1954,6,1.2239,0,0,2,13017.73,0,0.8671,0
1,1,1,1,0.9677,0,0,0,2144,186,0.5275,1,0,1,1108.14,0,0.9207,0
1,1,1,1,0.9948,0,0,0,1924,135,1.2035,0,0,1,4063.32,0,0.6863,0
1,1,1,1,0.9112,0,0,0,2726,136,1.1612,0,0,1,8828.4,0,0.7493,0
1,1,1,1,0.9854,0,0,0,455,197,0.8335,0,0,2,36805.3,0,0.7671,0
1,1,1,1,0.9619,0,0,0,2841,199,0.6274,0,0,2,10714.39,0,0.9096,0
1,1,0,1,0.9188,0,0,0,1426,23,0.9289,0,0,1,5245.15,0,0.8615,0
1,1,1,1,1.0974,0,0,0,2855,144,1.2993,0,0,1,41060.61,0,0.8276,0
1,1,0,1,1.1014,0,0,0,431,77,1.4969,0,0,0,10029.07,0,0.8433,0
1,1,1,1,0.8991,0,0,1,170,4,0.7478,0,0,3,36920.34,1,0.8886,0
1,1,1,1,1.0403,0,0,0,1535,46,0.6631,0,0,2,7891.21,0,0.8766,0
1,1,1,1,1.027,0,0,0,2613,41,0.8508,0,0,2,5474.4,0,0.9735,0
1,1,1,1,1.0268,0,0,0,2651,75,1.0215,0,0,3,11869.96,0,0.7037,0
1,1,1,0,2.1505,0,0,0,1240,7,1.7654,0,0,3,2923.77,0,0.7462,1
1,1,1,1,1.0073,0,0,0,714,73,1.1948,1,0,2,21122.37,0,0.7782,0
1,1,0,1,1.0366,0,0,0,2532,83,1.0575,0,0,0,28694.47,0,0.8042,0
1,1,1,1,1.0427,0,0,0,1929,18,0.9867,0,0,1,13499.41,0,0.9148,0
1,1,1,1,0.9433,0,1,0,302,51,1.3886,0,1,1,2686.4,0,0.8543,0
1,1,1,1,1.0012,0,0,0,3582,191,1.5183,0,0,2,2660.2,0,0.8259,0
1,1,1,1,1.04,0,0,0,895,70,1.2832,0,0,1,6080.15,0,0.8163,0
0,0,1,1,1.0195,0,0,0,3211,137,0.8771,0,0,0,9777.24,0,1.0,0
1,1,1,1,0.9968,0,0,0,358,192,0.248,0,0,0,4122.18,0,0.8752,0
1,1,1,1,0.9757,0,0,0,1047,27,1.4244,0,0,3,13150.57,0,0.7873,0
1,1,1,1,1.0338,0,0,0,2049,144,0.9208,0,0,0,10674.12,0,0.7212,0
1,1,0,1,1.0696,0,0,0,2748,142,0.9773,0,0,3,56336.47,0,0.8775,0
1,1,1,1,0.9929,0,0,0,2145,8,1.2284,0,0,3,5466.43,0,0.9257,0
1,1,1,1,1.035,0,0,0,1605,161,0.4568,0,0,2,7614.06,0,0.7742,0
1,1,1,1,1.0552,0,0,0,913,151,1.2985,0,0,1,5534.26,0,0.9457,0
1,1,1,1,1.0125,0,0,0,1230,100,0.7215,0,0,0,19905.37,0,0.9507,0
0,0,1,1,1.1935,0,0,0,391,6,1.7851,0,1,6,74675.9,0,0.3883,1
0,0,1,1,0.7983,0,0,1,10,7,1.1071,1,1,7,42793.09,0,0.9713,1
1,1,1,1,0.9321,0,0,0,3615,89,0.9843,0,0,3,36727.69,0,0.8172,0
1,1,1,1,0.9456,0,0,0,3628,179,1.0664,0,0,2,12750.51,0,0.8771,0
1,1,1,1,1.0709,0,0,0,1514,140,0.7958,0,0,0,30217.96,0,1.0,0
1,1,1,1,1.0759,1,0,0,3579,92,0.6995,0,0,1,7505.25,0,1.0,0
1,1,1,1,1.0539,0,0,0,874,61,1.1243,0,0,3,4600.08,0,0.7599,0
1,1,0,1,1.033,0,0,0,487,8,0.7158,0,0,1,36040.6,0,1.0,0
1,1,1,0,1.0052,0,0,0,3033,28,0.5779,0,0,2,50273.12,0,0.8199,0
1,1,1,1,1.0028,0,0,0,1511,121,0.5607,0,0,1,42560.79,0,0.7904,0
1,1,1,1,0.9453,0,0,0,3336,121,1.3099,0,0,0,32084.81,0,0.9435,0
1,1,1,1,0.9938,0,0,0,3004,58,0.8487,0,0,1,61095.16,0,0.8271,0
1,1,1,1,1.0737,0,0,0,398,64,0.3145,0,1,3,13770.22,0,0.9386,0
1,1,1,1,0.9307,0,0,0,894,6,0.7722,0,0,3,6186.67,0,0.8481,0
1,1,1,1,1.0768,0,0,0,1772,196,1.0426,0,0,0,5673.27,0,1.0,0
1,1,1,1,0.8707,0,0,0,3273,137,1.3735,0,0,3,16979.8,0,0.7252,0
1,1,1,1,1.0724,0,0,0,2978,57,1.5799,0,0,3,20214.49,0,1.0,0
1,1,1,1,0.9922,0,0,0,839,172,0.6226,0,0,0,21888.47,1,0.7601,0
1,1,1,0,1.0326,0,0,0,3174,197,1.221,0,0,0,1150.48,0,0.8992,0
1,1,1,1,0.9589,0,0,0,3482,130,0.2,0,0,2,8381.45,0,0.6316,0
1,1,1,1,1.0194,0,1,0,2467,50,1.1283,0,0,1,6069.07,0,0.8064,0
1,1,1,1,0.938,0,0,0,1770,91,1.0376,0,0,3,8836.03,0,0.6704,0
1,1,1,1,0.8797,0,1,1,86,1,1.3423,1,0,0,1819.6,0,0.834,0
1,1,0,1,0.9644,0,0,1,166,3,1.0425,0,0,0,9099.03,0,0.9438,0
1,1,1,1,0.958,0,0,0,1587,155,0.9554,0,0,0,14544.82,0,0.688,0
1,1,1,1,0.9705,0,0,0,1467,183,1.1858,1,0,3,12160.74,0,0.9152,0
1,1,1,1,0.9877,0,0,0,513,67,0.6238,0,0,0,32120.43,0,0.8771,0
1,1,1,1,0.9197,0,0,0,3360,79,0.9823,0,0,3,19433.45,0,0.6486,0
1,1,1,1,0.9873,0,0,1,86,0,1.0298,0,0,0,2275.86,0,0.9171,0
1,1,1,1,0.9693,0,0,0,274,51,0.9944,0,0,2,14860.41,0,0.6915,0
0,0,1,1,0.9913,0,0,0,916,39,1.0541,0,0,2,221.99,0,0.9401,0
1,1,1,0,0.9881,0,0,0,2496,138,1.3106,0,0,3,783.09,0,0.9171,0
1,1,1,1,1.1187,0,0,0,1777,67,1.0905,0,0,1,668.2,0,0.9391,0
1,1,1,1,1.3542,0,0,0,1631,30,1.1621,1,1,0,3409.2,0,0.6489,1
1,1,1,1,0.9372,0,0,0,681,34,1.021,0,0,0,11558.31,0,1.0,0
1,1,1,1,1.0482,0,0,1,117,3,1.2659,0,0,1,335.49,0,0.863,0
1,1,1,1,0.9705,0,0,0,975,131,0.6129,0,0,1,95.08,0,0.7104,0
1,1,1,1,1.0549,0,0,0,1607,75,1.0728,0,0,3,46294.87,0,1.0,0
1,1,1,1,0.9825,0,0,0,1852,144,0.8519,0,0,0,2385.92,0,0.8526,0
0,0,1,1,1.0094,0,1,0,2414,148,0.7517,0,0,2,2894.12,0,0.9064,0
1,1,1,1,1.0269,0,0,0,520,80,1.2537,0,0,0,31752.86,0,0.9007,0
1,1,1,1,1.046,0,0,0,3148,196,1.1004,0,0,1,24369.96,0,0.9642,0
1,1,1,1,0.9346,0,0,0,2463,156,1.7979,0,0,1,3071.93,0,0.9487,0
1,1,0,1,1.0442,0,0,0,2107,78,1.077,0,0,1,5679.22,0,0.703,0
1,1,1,1,0.8913,0,0,0,774,101,1.0654,0,0,0,7432.11,0,0.8577,0
1,1,1,1,1.0774,0,0,0,2300,167,1.0392,0,1,2,5240.53,0,0.833,0
1,1,1,1,1.0088,0,0,0,3019,97,1.5103,0,0,1,9310.68,0,0.8426,0
1,1,1,0,1.0729,0,0,0,1671,151,0.5769,1,0,2,4352.13,0,0.8957,0
1,1,1,1,0.9992,0,0,0,2354,52,0.9861,0,0,1,9803.82,0,0.8714,0
1,1,1,1,0.9866,0,0,0,2261,166,0.7453,0,0,1,29817.26,0,0.7768,0
1,1,1,1,1.0467,0,0,0,1066,155,0.9617,0,0,2,7789.6,0,0.8855,0
0,0,0,0,0.9625,0,0,0,1158,34,1.7972,0,0,4,2178.91,0,0.4458,1
1,1,1,1,1.0243,0,0,0,1010,58,0.8555,0,0,1,46407.75,0,0.8436,0
1,1,1,1,1.0184,0,0,1,75,1,1.488,0,1,0,22501.79,0,0.7364,0
0,0,1,1,0.9418,0,0,0,611,152,0.7176,0,0,2,11614.97,0,0.7983,0
0,0,1,1,1.0289,0,0,0,1602,147,0.7571,0,0,2,12615.36,0,0.7958,0
1,1,1,1,0.9457,0,0,0,2206,152,1.5088,0,0,2,16680.14,0,0.6611,0
0,0,1,1,1.0519,0,0,0,1845,178,1.3242,0,0,2,1663.88,0,0.926,0
1,1,1,1,1.0379,0,0,0,526,121,1.0514,0,0,1,45113.41,0,0.8039,0
0,0,1,1,1.0186,0,0,0,2980,137,0.99,0,0,0,716.46,0,0.9349,0
1,1,1,1,0.9935,0,0,0,2702,118,0.6668,0,0,0,15722.1,0,0.9475,0
1,1,0,1,1.0467,0,0,0,414,101,1.0031,0,0,1,4429.39,0,0.6418,0
1,0,1,1,1.0253,0,0,1,141,1,1.203,1,0,2,1251.42,0,0.6849,0
1,1,1,1,0.9705,0,0,0,1480,48,0.8825,0,0,3,2720.38,0,0.6124,0
1,1,1,1,1.0323,0,0,0,611,15,1.2163,1,0,3,14861.59,0,0.7883,0
1,1,1,1,1.048,0,0,0,1527,182,1.2053,0,0,0,2024.44,1,0.815,0
1,1,0,1,0.9348,0,0,0,1250,64,1.3181,0,0,1,5394.69,0,0.8225,0
1,1,1,1,1.0783,0,0,0,1432,123,0.7632,0,0,0,6786.59,0,0.7279,0
1,1,1,1,1.0051,0,0,0,2630,47,1.0739,0,0,2,71631.86,0,0.8136,0
1,1,1,1,1.0795,0,0,0,2379,72,1.2796,0,0,0,11931.22,0,0.7086,0
1,1,1,0,0.8873,0,0,0,1247,96,1.2226,0,0,0,25083.45,0,0.6131,0
1,1,1,1,0.9614,0,0,0,2545,48,0.5221,0,0,0,791.95,0,0.9714,0
1,1,1,1,0.9601,0,0,0,2224,29,0.6715,0,0,1,25908.16,0,0.6991,0
1,1,1,1,1.0807,0,0,0,2033,200,1.3935,0,0,0,5603.69,0,0.7183,0
1,1,1,1,0.9616,0,0,1,33,1,1.1226,0,0,2,5484.26,0,0.9087,0
1,1,1,1,1.0613,0,0,0,1088,127,1.223,0,0,0,21424.11,0,0.8197,0
1,1,1,1,1.1101,0,0,0,1482,155,0.9676,0,0,2,15353.31,0,0.725,0
1,1,1,1,0.9872,0,0,0,2666,128,1.2144,0,0,0,14036.33,0,0.8714,0
1,1,1,1,1.077,0,0,1,33,3,1.003,0,1,2,11513.0,0,0.8549,0
1,1,1,1,0.9783,0,0,0,2994,162,0.7249,0,0,0,34121.84,0,0.8782,0
1,1,1,1,1.0425,0,0,0,2801,198,0.8204,0,0,1,1853.45,0,0.7417,0
1,1,1,1,1.0003,0,0,0,1028,21,0.8199,0,0,0,15662.65,0,0.9349,0
1,1,1,1,1.0262,0,0,0,3626,90,0.4723,0,0,3,8829.97,0,0.8344,0
1,1,1,1,0.9862,0,0,0,3175,176,0.6212,0,0,1,27971.89,0,0.9405,0
1,1,0,1,0.9637,0,0,0,1432,8,1.321,0,0,3,5420.76,0,0.8057,0
1,1,1,1,0.9764,0,0,0,3621,21,1.6014,0,0,2,25029.77,0,0.8128,0
1,1,1,1,1.0519,0,0,0,3606,191,1.0034,0,0,3,1092.86,0,0.7289,0
1,1,1,1,1.0007,0,0,0,478,188,1.2534,0,1,2,12800.13,0,0.7551,0
1,1,1,1,1.0561,0,0,0,1055,97,1.1157,0,0,0,4699.41,0,0.961,0
1,1,1,1,0.9978,0,0,1,80,5,0.7083,1,0,1,26628.01,0,0.7969,0
1,1,1,1,1.021,0,0,0,2149,180,0.4859,0,0,1,1712.88,0,0.8094,0
1,1,1,1,1.0367,0,0,0,3074,86,0.9121,0,0,2,5006.15,0,0.9494,0
1,1,1,1,0.9584,0,0,1,117,4,1.5868,1,0,2,4864.84,0,0.749,0
1,1,1,1,1.0237,0,0,0,2264,148,0.8941,1,0,1,29119.51,0,0.8464,0
1,1,1,1,1.0303,0,0,0,1301,173,0.6631,0,0,3,15349.41,0,0.767,0
1,1,1,1,0.9849,0,0,0,1704,187,1.0353,0,0,0,4889.95,0,0.8847,0
1,1,1,1,1.0396,0,0,0,228,79,0.8778,0,0,2,26633.89,0,0.7071,0
1,1,1,1,0.9534,0,0,1,115,0,0.6965,0,0,0,31830.98,0,0.92,0
1,1,1,1,0.9433,0,1,0,1576,95,1.1686,0,0,1,2064.7,0,0.7564,0
1,0,1,1,1.0751,0,0,0,338,63,0.5975,0,0,1,2531.6,0,0.7269,0
1,1,1,1,1.0259,0,0,0,1752,49,0.5173,0,0,2,278.59,0,0.7732,0
1,1,1,1,1.07,0,0,0,2396,152,1.6655,0,0,2,10821.47,0,0.8851,0
1,1,0,1,1.0439,0,0,0,1804,173,1.4583,0,0,3,1303.62,0,0.8433,0
1,1,1,1,1.0509,0,0,0,1785,92,0.7764,0,0,1,44966.59,0,0.8469,0
1,1,1,1,0.9132,0,0,0,1312,133,0.6198,0,0,3,3070.05,0,0.9412,0
0,0,1,1,0.904,0,0,1,57,1,1.0445,0,0,0,3444.48,0,0.9173,0
1,1,1,1,0.9825,0,0,0,2891,39,1.0541,0,0,0,15531.9,0,0.7675,0
1,1,1,1,1.0067,0,0,0,2190,7,0.6027,1,0,2,28139.22,0,0.778,0
1,1,1,1,0.9453,0,0,0,2103,112,1.0856,0,0,0,14293.83,0,0.96,0
1,1,1,1,1.0471,0,0,0,2653,28,1.2913,0,0,2,6454.81,0,0.8428,0
1,1,1,1,1.0439,0,0,0,1984,67,0.8756,0,0,1,19635.55,0,0.8473,0
1,1,0,1,1.0306,0,0,1,134,1,0.9587,0,0,1,63086.43,0,0.8624,0
1,1,1,1,1.0461,0,0,0,3339,13,1.3518,0,0,0,19580.23,0,0.8654,0
1,1,1,1,0.9693,0,0,0,3137,66,0.929,0,0,0,23452.88,0,0.8522,0
1,1,1,1,1.1219,0,0,0,2518,127,0.9264,1,0,3,253.93,0,0.762,0
1,1,1,1,0.9976,0,0,0,912,129,1.1741,0,0,2,5163.93,0,0.6784,0
1,1,1,1,1.0021,0,0,0,2714,30,0.8666,0,0,1,11381.12,0,0.6548,0
1,1,1,1,1.094,0,0,0,1638,190,1.4218,0,0,3,23025.53,0,0.694,0
1,1,1,1,1.0571,0,0,0,1721,138,1.3179,0,0,3,2174.14,0,0.8568,0
1,1,1,1,1.0513,0,0,0,529,9,1.0621,0,0,2,20185.87,0,0.8324,0
1,1,1,1,1.0918,0,0,0,2024,114,0.853,0,0,2,1460.78,0,0.6051,0
1,1,1,0,1.0171,0,0,0,1608,112,1.1647,0,0,0,18037.94,0,0.8475,0
1,1,1,1,0.9589,0,0,0,1849,88,1.5438,0,0,0,662.92,0,0.7498,0
1,1,1,1,1.0565,0,1,0,533,67,1.1128,0,1,1,488.74,0,0.8172,0
1,1,1,1,0.9637,0,0,0,452,76,1.0683,0,0,1,2852.65,0,0.833,0
1,0,1,1,1.2512,0,0,1,20,1,3.782,0,0,0,5693.74,0,0.5588,1
1,1,1,1,1.0799,0,0,1,12,2,1.8977,1,0,14,53243.76,1,0.3272,1
1,1,1,1,1.0397,0,0,0,2517,101,0.6955,0,0,2,10623.46,0,0.8311,0
1,1,1,1,0.9299,0,0,0,2863,33,1.0823,0,0,0,30515.29,0,0.9443,0
1,1,1,1,1.0556,0,0,0,1669,108,1.1633,0,0,1,4535.07,0,0.9089,0
0,0,1,1,1.0619,0,0,0,1300,114,0.8075,1,0,1,7169.23,0,0.8371,0
1,1,1,1,1.004,0,0,0,605,188,0.9758,0,0,3,4682.6,0,0.9306,0
1,1,1,1,1.0595,0,0,0,410,26,1.0843,0,0,2,1504.11,0,0.8464,0
1,0,1,1,0.9793,0,0,0,3087,114,0.9283,0,0,3,346.15,0,0.7285,0
1,1,1,1,1.0637,0,0,0,693,32,0.8201,0,1,1,2476.1,0,0.8567,0
1,1,1,1,0.9632,0,0,0,301,151,1.2856,0,0,1,21318.47,0,0.8207,0
1,1,1,1,0.9744,0,0,0,2177,108,0.9965,0,0,1,7480.17,0,0.9244,0
1,1,0,1,0.9467,0,0,0,1909,126,1.0793,0,0,1,12223.16,0,0.7891,0
1,1,1,1,0.9887,0,0,1,46,5,1.2008,0,0,2,467.74,0,0.8333,0
1,1,1,1,0.9973,0,0,0,1268,183,1.0622,0,0,1,12042.3,0,0.7639,0
1,1,1,1,1.0125,0,0,0,2519,16,1.2891,0,0,2,13571.71,0,0.7949,0
1,1,1,1,0.8817,1,0,1,172,5,0.7585,0,0,0,2254.29,0,0.7846,0
1,1,0,1,0.9446,0,0,0,2804,40,0.8094,0,0,0,611.82,0,0.7061,0
1,1,0,1,0.9511,0,0,0,3266,178,0.9602,0,0,3,5213.61,0,0.7521,0
1,1,1,1,0.9731,0,0,1,117,2,0.6979,0,0,3,12685.03,0,0.8611,0
1,1,1,1,0.9931,0,1,0,333,172,1.2212,0,0,2,15361.35,0,0.7306,0
1,1,1,1,0.9931,1,0,0,1964,11,1.4989,0,1,6,63814.35,0,0.417,1
1,1,1,1,1.0091,0,0,0,1631,178,0.9418,0,0,0,26426.09,0,0.8254,0
1,1,1,1,1.0294,0,0,1,119,5,1.0344,0,0,2,5444.87,0,0.9191,0
1,1,1,1,1.0158,0,0,1,100,2,1.1374,0,0,0,24677.24,0,0.8063,0
1,1,1,1,1.0781,0,0,0,1232,30,0.9852,0,0,0,69700.43,0,0.78,0
1,1,1,1,1.0277,0,0,0,2235,94,0.6934,0,0,3,1663.46,0,1.0,0
1,1,1,0,1.046,0,0,0,332,84,0.8852,0,0,1,10307.55,0,0.8705,0
1,1,1,1,0.9995,0,0,0,2253,104,1.3167,0,0,0,10364.25,0,0.8896,0
1,1,1,1,0.977,0,0,0,2647,124,1.0393,1,0,2,2054.72,0,0.8921,0
1,1,1,1,1.0736,0,0,1,142,1,0.9349,0,0,2,23110.88,0,0.8505,0
1,1,1,1,0.9642,0,0,0,3476,172,0.3773,0,1,0,720.0,0,0.7983,0
1,1,1,1,1.0543,0,0,1,122,3,1.4177,0,0,3,5562.74,0,0.8393,0
1,1,1,1,1.0378,0,0,0,772,5,1.4699,0,0,0,2407.41,0,1.0,0
1,1,1,1,0.9853,0,0,0,2260,106,1.2981,0,0,0,42114.7,0,0.8146,0
1,1,1,1,1.0263,0,0,0,3270,49,0.9828,0,0,2,1403.44,0,1.0,0
1,1,1,1,0.9843,0,0,0,3511,150,0.7936,0,0,2,1234.22,0,0.9567,0
1,1,1,1,0.9485,0,0,0,3535,45,1.5671,0,0,2,20429.83,0,0.9596,0
1,1,1,1,0.9713,0,0,0,774,103,0.8393,0,0,3,18015.74,0,0.9693,0
1,1,1,1,1.0717,1,0,0,2900,39,0.3382,0,0,2,3692.62,0,0.9938,0
1,1,1,1,0.95,0,0,0,2303,67,0.4219,0,0,3,2855.69,0,0.9864,0
1,1,1,1,0.9906,0,0,0,2583,31,0.8396,0,0,3,442.06,0,0.8518,0
1,1,1,1,1.0642,0,0,0,3164,55,1.2406,0,0,2,16606.34,0,0.7643,0
1,1,0,1,0.9207,0,0,0,2527,10,0.9269,0,0,2,2179.98,0,0.8143,0
1,0,1,1,1.1142,0,0,0,261,43,2.8344,0,0,5,98735.3,1,0.3373,1
1,1,1,1,1.0186,0,0,0,498,159,0.874,0,0,0,327.14,0,0.9796,0
1,1,1,1,1.0293,0,0,0,2926,17,0.8812,0,0,1,8627.27,0,0.9693,0
1,1,1,1,0.9855,0,0,0,1035,198,1.0944,0,0,3,1864.38,0,0.9674,0
1,1,0,0,1.1859,0,0,0,1053,40,0.8099,0,1,3,20665.01,0,0.4588,1
1,1,1,1,0.97,0,0,0,1704,198,1.056,0,0,1,16664.89,0,0.7952,0
1,1,1,1,0.9478,0,0,0,451,194,1.3523,0,0,2,461.82,0,0.7761,0
1,1,1,1,1.0389,0,0,0,1568,187,0.7414,0,0,3,29432.75,0,0.7752,0
1,1,1,1,1.0583,0,0,0,419,49,1.0906,0,0,2,23955.48,0,0.7283,0
1,1,1,1,0.9485,0,0,0,3056,59,0.3464,0,0,1,8020.98,0,0.8313,0
1,1,0,1,0.9545,0,0,0,444,58,1.0124,0,0,0,10573.05,0,0.8639,0
1,1,1,1,0.9588,0,0,0,1868,28,1.3717,0,0,1,98625.98,0,1.0,0
1,1,1,1,1.0022,0,0,0,2113,109,0.4789,0,0,3,21257.19,0,0.7555,0
1,1,1,1,0.9601,0,0,0,2997,54,1.2117,0,0,1,1803.67,0,0.7841,0
1,1,1,1,1.0308,0,0,0,559,98,1.0472,0,0,2,17285.67,0,1.0,0
0,0,1,1,0.9832,0,0,0,1430,9,1.1754,0,0,0,5119.13,0,0.7448,0
1,1,1,1,1.9675,0,0,1,15,0,1.9561,0,1,7,16697.04,0,0.6463,1
1,1,1,1,0.9306,0,0,0,3181,168,0.967,0,0,3,3308.91,0,0.8563,0
1,0,1,1,1.0498,0,0,0,1013,36,1.0162,0,0,0,2801.24,0,0.8582,0
1,1,1,1,0.9776,0,0,0,1910,148,0.7797,0,0,0,10806.64,0,0.8768,0
1,1,1,1,0.959,0,0,0,3590,50,0.8105,0,0,3,10010.16,0,0.8864,0
1,1,0,1,0.9976,0,0,0,1082,96,0.6356,0,0,2,10226.22,0,0.7983,0
1,1,1,1,0.9716,0,0,0,2400,164,1.4405,0,0,3,10524.88,0,0.7909,0
1,1,1,1,0.9776,0,0,0,1098,193,1.107,0,0,2,4754.37,0,0.8934,0
1,1,1,1,0.9842,0,0,0,350,164,1.2583,0,0,0,3351.38,0,0.8714,0
1,1,1,1,1.0153,0,0,0,3362,161,0.9306,0,0,2,25741.02,0,0.9325,0
1,1,1,1,0.9108,0,0,0,1233,188,1.1435,0,0,3,1310.25,0,0.9491,0
1,1,1,1,1.0592,0,0,0,2090,133,0.9139,0,0,0,6389.64,0,0.9081,0
1,1,1,1,0.9906,0,0,1,93,5,0.3475,0,0,0,5067.32,0,0.9657,0
1,1,1,1,1.0245,1,0,0,280,169,1.4581,0,0,3,14847.98,0,0.7349,0
1,1,1,1,1.1017,0,0,0,2180,105,0.9929,0,0,3,7167.64,0,0.8885,0
1,1,1,1,0.9157,0,0,0,2749,24,0.7227,0,0,0,5236.52,0,0.886,0
1,1,1,1,1.0096,0,0,0,3162,173,0.3017,0,0,2,4486.32,0,0.7278,0
1,1,1,1,0.9623,0,0,0,3522,43,0.3378,0,0,0,6559.64,0,0.7533,0
1,1,1,1,0.9997,0,0,0,2639,27,1.3042,0,0,1,2328.75,0,0.6826,0
1,1,1,1,1.0243,0,0,0,1587,153,0.8109,0,0,3,10608.23,0,1.0,0
1,1,0,1,0.9468,0,0,0,2220,199,0.9661,0,0,3,4955.74,0,0.8616,0
1,1,1,1,0.9583,0,0,0,538,134,1.4342,0,0,2,33235.18,0,0.8674,0
1,1,1,1,1.036,0,0,0,1717,84,0.3808,0,0,3,15126.72,0,0.8165,0
1,1,1,1,0.9252,0,0,0,2435,143,0.9498,0,0,1,5224.94,0,0.9437,0
1,1,1,1,1.0777,0,0,0,2403,140,1.1159,0,0,0,3802.56,0,0.7822,0
1,1,1,1,1.011,0,0,1,162,5,0.5392,0,0,2,3386.12,0,1.0,0
1,1,1,0,0.9999,0,0,0,1603,65,1.2237,0,0,3,11623.74,0,0.9211,0
0,0,0,1,0.9649,0,0,0,2627,39,0.8737,0,0,1,31950.8,0,0.8409,0
1,1,1,1,1.0636,0,0,0,2322,11,1.2117,0,0,1,2434.12,0,0.8919,0
1,1,1,1,1.0596,0,0,0,337,130,1.5008,0,0,3,22694.75,0,0.7194,0
1,1,1,1,0.9991,0,0,0,357,41,1.4344,0,0,0,4839.4,0,0.9626,0
1,0,1,1,0.9307,0,0,0,1020,112,0.8406,0,0,0,40379.26,0,0.8324,0
1,1,1,1,0.9869,0,0,0,1906,14,1.0578,0,0,3,12739.48,0,0.8087,0
1,1,1,1,0.9842,0,0,0,1723,37,0.8995,0,0,3,21944.8,0,1.0,0
1,1,1,0,1.0071,0,0,0,1216,13,0.9118,1,0,0,11675.88,0,0.7883,0
0,0,1,1,0.9475,0,0,0,3228,91,1.1035,1,0,1,2370.19,0,0.6988,0
1,1,1,1,0.9931,0,0,0,1029,171,0.9745,0,0,2,842.95,0,1.0,0
1,1,0,0,0.8376,1,0,0,413,48,0.718,1,0,1,5248.97,0,0.4811,1
1,1,1,1,0.9511,0,0,0,762,170,0.8497,0,0,2,15810.8,0,1.0,0
1,1,1,1,0.9357,0,0,0,342,137,1.0618,0,1,1,22403.31,0,0.7606,0
1,1,1,1,0.9449,0,0,0,2560,60,1.4045,0,0,2,6663.14,0,0.9586,0
1,0,1,1,0.9051,0,0,1,74,4,1.0581,0,0,0,15014.97,0,1.0,0
1,1,0,1,0.959,0,0,0,1696,125,0.906,0,0,1,36171.54,0,0.9925,0
1,1,1,1,1.0283,0,0,0,3579,166,1.3199,0,0,3,462.52,0,0.9172,0
1,1,1,1,0.9714,0,0,0,565,22,1.2737,0,0,3,6502.59,0,0.7307,0
1,1,1,1,0.9813,0,0,1,120,0,0.9922,0,0,1,22500.01,0,0.816,0
1,1,1,1,0.9605,0,0,0,3379,116,1.4379,1,0,0,10450.38,1,0.9154,0
1,1,1,1,1.0933,0,0,0,943,35,0.4358,0,0,3,27719.15,0,0.7861,0
1,1,0,0,0.9211,0,0,0,3520,115,0.8957,0,0,2,1518.06,0,0.7015,0
1,1,1,0,0.9227,0,0,0,431,192,1.4385,0,0,1,21210.26,0,0.731,0
0,0,0,1,0.984,0,0,0,1361,27,1.0026,0,0,2,6766.7,0,0.9565,0
1,1,1,1,0.9842,0,0,0,1200,121,1.2198,0,0,0,15351.73,0,0.9743,0
1,1,1,1,1.0414,0,0,0,2758,192,1.8146,1,0,1,4050.51,0,0.9743,0
1,0,1,1,1.0676,0,0,0,3054,193,0.9987,0,0,2,3398.86,0,1.0,0
1,1,1,1,0.9574,0,0,0,3636,65,1.2354,0,0,2,11720.28,0,0.9383,0
1,1,1,1,1.0231,0,0,0,1805,39,0.9512,0,0,1,9482.79,0,1.0,0
1,1,1,1,0.961,0,0,0,2940,197,1.4514,0,0,0,19017.32,0,0.949,0
1,1,1,1,0.9528,0,0,0,2906,175,0.684,0,0,1,524.01,0,0.8759,0
1,1,1,1,0.9497,0,0,0,2745,52,1.3077,0,0,2,21012.79,0,0.7777,0
1,1,1,1,1.0011,0,0,0,600,154,1.3433,1,0,0,12476.71,0,0.8434,0
1,1,1,1,0.9064,0,0,0,2809,179,0.5826,1,0,3,24136.46,0,1.0,0
1,1,1,1,0.9539,0,0,0,2325,162,1.1548,0,0,0,17063.43,0,1.0,0
1,1,1,1,1.0026,0,0,0,2035,86,0.7105,0,0,0,13101.73,0,0.8827,0
1,1,1,1,0.983,0,0,0,3612,33,0.9461,0,0,3,21966.32,0,0.7864,0
1,1,1,1,1.097,0,0,0,1086,9,0.8189,0,0,1,4564.51,1,0.8846,0
1,1,1,1,1.03,0,0,0,3344,123,1.3228,0,0,2,41443.29,0,0.8892,0
1,1,1,1,0.9225,0,0,1,125,1,0.6457,1,0,3,14047.97,0,0.8105,0
1,1,1,1,0.9863,0,0,0,1379,180,0.9178,0,0,1,21126.26,0,0.7846,0
1,1,1,1,1.0568,0,0,0,864,198,0.6272,0,0,1,64421.23,0,0.9405,0
1,1,1,1,0.9989,0,0,0,2083,134,0.2853,0,1,1,1041.34,0,0.8876,0
1,1,1,1,1.0831,0,1,0,1920,147,1.3647,0,0,3,21944.62,0,0.9408,0
1,1,1,1,0.9679,0,0,0,2587,13,1.2372,0,0,2,70.23,0,0.8758,0
1,1,1,1,0.9851,0,0,0,2126,191,1.0361,0,0,0,14032.7,0,0.9252,0
1,1,0,1,1.0062,0,0,0,1795,139,1.1796,0,0,3,40625.24,0,0.7529,0
1,1,1,1,0.9761,0,0,0,2422,127,0.6526,0,0,3,34746.29,0,0.8784,0
1,1,1,0,0.9662,0,0,1,98,1,0.5777,0,0,1,11652.46,0,0.9887,0
1,0,1,1,1.0011,0,0,0,2126,85,1.4974,0,0,0,873.91,0,0.7586,0
1,1,1,1,0.9477,0,0,0,1319,129,1.4309,0,0,0,8173.93,0,0.7703,0
1,1,1,1,0.9972,0,0,0,1993,150,0.7117,0,0,1,10607.74,0,0.6184,0
1,1,1,1,0.9916,0,0,0,3059,154,0.7638,0,0,2,24334.71,0,0.6277,0
1,1,1,1,0.9291,0,0,0,426,44,1.3603,0,0,3,10367.01,0,0.7898,0
1,1,1,1,1.0501,0,0,0,194,165,0.4626,0,0,1,65628.29,0,0.8765,0
1,1,1,1,1.0253,0,0,0,1545,155,1.2382,0,0,3,2419.66,0,0.7037,0
1,1,1,1,1.0574,0,0,0,2758,73,0.8757,0,0,2,4699.72,0,0.5647,0
0,0,1,0,0.85,0,0,0,1166,91,0.5534,0,0,1,2576.54,0,0.9214,0
1,1,1,1,1.0871,0,0,0,711,6,1.4679,0,0,0,27741.55,0,0.8951,0
1,1,1,1,1.0051,0,0,0,2254,42,1.1618,0,0,0,262.57,0,0.9828,0
1,1,1,1,0.9777,0,0,0,701,111,0.5756,0,0,1,50708.16,0,0.69,0
1,1,1,1,1.0451,0,0,1,135,2,0.7174,0,0,3,4604.25,0,0.7718,0
1,1,1,1,1.0499,0,0,0,2975,80,0.7973,0,1,2,20816.49,0,0.7356,0
1,1,1,1,0.9993,0,0,0,379,173,0.7252,0,0,2,990.64,0,0.7451,0
1,1,1,1,1.0656,0,0,0,3470,181,1.2184,0,0,2,325.62,0,0.8201,0
1,0,0,1,1.0128,0,0,0,2656,92,1.1019,0,0,2,15764.5,0,0.8092,0
1,1,1,1,1.0609,0,0,0,189,190,1.2987,0,0,1,14132.44,0,0.9585,0
1,1,1,1,1.0707,0,0,1,110,5,1.0993,0,1,1,320.9,0,0.8182,0
1,1,1,1,0.9993,0,0,0,1824,166,1.1157,0,0,0,356.74,0,0.7305,0
1,1,0,1,1.0418,0,0,0,924,96,0.3499,0,0,2,44730.19,0,0.9481,0
1,1,1,1,1.0032,0,0,0,749,59,1.3532,0,0,1,43322.36,0,0.8348,0
1,1,1,1,0.9848,0,0,0,1296,121,1.0913,0,0,2,11985.63,0,0.8527,0
1,1,1,1,0.9666,0,0,0,3630,116,0.6189,0,0,0,44394.16,0,0.7553,0
1,1,1,1,0.8963,0,0,0,1517,53,0.7743,0,0,3,7726.66,0,0.9484,0
1,1,1,1,0.9774,0,0,0,387,195,1.3625,0,0,0,1866.07,0,0.8201,0
1,1,1,1,0.9729,0,0,0,1492,12,0.9261,0,0,1,2047.41,0,0.8817,0
0,0,1,1,0.9873,0,0,0,2016,63,1.2085,0,0,0,5470.95,0,0.7454,0
1,1,1,1,0.9744,0,0,0,1540,122,1.2002,0,0,2,8553.8,0,0.9797,0
1,1,1,1,1.0667,0,0,1,174,1,0.379,0,0,0,10956.41,0,0.914,0
1,1,1,1,1.0633,0,0,0,623,69,0.6929,0,0,1,8828.35,1,0.8477,0
1,1,0,1,0.9769,0,0,0,2673,176,1.2645,0,0,2,26176.55,0,0.8859,0
1,1,1,1,0.9796,0,0,0,3013,125,0.6219,0,0,1,26864.0,0,0.7224,0
1,1,1,1,0.937,0,0,0,1833,25,0.8434,0,1,0,616.48,0,0.7836,0
1,1,1,1,0.9459,0,0,0,2168,166,1.1716,0,0,3,17323.05,0,0.9534,0
0,0,1,1,1.0646,0,0,0,2997,139,1.1806,0,0,2,8957.28,1,0.9387,0
1,1,1,1,0.9386,0,0,0,1506,21,0.6587,0,0,0,12276.68,0,0.8433,0
1,1,1,1,0.9154,0,0,0,613,138,0.5288,0,0,1,36844.94,0,1.0,0
1,1,1,1,1.1097,0,0,1,134,3,1.2526,0,0,1,541.49,0,0.7055,0
1,1,1,1,1.112,0,0,1,140,5,1.4659,0,0,3,3787.15,0,0.6714,0
1,1,1,1,1.0433,0,0,1,53,0,0.8472,0,0,2,116.57,0,0.836,0
1,1,1,1,0.9378,0,0,0,559,66,1.0986,0,0,2,1007.12,0,0.9283,0
1,1,1,1,0.9534,0,0,0,1756,70,0.8679,0,0,1,2135.19,0,1.0,0
1,1,1,1,1.0305,0,0,0,2209,124,1.0677,0,0,0,20541.49,0,0.7331,0
1,1,1,1,1.019,0,0,0,1793,13,0.9193,0,0,2,17463.55,0,0.9095,0
1,1,1,1,0.9613,0,0,0,1855,57,1.1423,0,0,1,5322.58,0,0.8013,0
1,1,0,1,1.0296,0,0,0,3160,190,1.5886,0,0,3,25694.81,0,0.7483,0
1,1,1,1,1.0317,0,0,0,3626,87,1.03,0,0,1,17158.27,0,0.6439,0
1,1,1,1,1.0441,0,0,1,72,4,0.7833,0,1,1,1709.47,0,0.8273,0
1,1,0,1,1.0166,0,0,0,751,93,1.0664,0,0,2,28961.62,0,0.8206,0
0,0,1,1,0.9746,0,0,0,1700,15,1.0894,0,0,1,26192.74,0,0.9236,0
1,1,1,1,0.9949,0,0,0,887,49,1.553,0,0,3,15779.81,0,0.7267,0
1,1,0,1,1.0299,0,0,0,1882,181,1.2344,1,0,1,21063.09,0,0.8497,0
1,1,1,1,0.9513,0,0,0,3436,23,1.0799,0,0,1,1503.83,0,0.9711,0
1,1,1,1,1.0104,0,0,0,3132,12,0.9306,0,0,2,53134.1,0,0.7563,0
1,1,1,1,1.0763,0,0,0,350,107,1.0845,0,0,2,10301.64,0,0.9313,0
1,1,1,1,1.0043,0,0,0,1917,146,0.97,0,0,3,1636.91,0,0.8396,0
1,1,1,1,0.9603,0,0,0,1619,170,1.2107,0,0,3,34380.85,0,0.8327,0
1,1,1,1,0.8838,0,0,0,1513,50,1.2175,0,0,1,6414.03,0,0.8422,0
1,1,1,1,1.0231,0,0,0,3573,38,1.1322,0,0,3,7553.1,0,0.8173,0
1,1,1,1,0.9889,0,0,0,3565,193,0.8729,0,0,0,8845.25,0,0.773,0
0,0,1,1,1.0292,0,0,0,662,19,1.0105,0,0,3,25509.34,0,0.7563,0
1,1,1,1,1.0167,0,0,0,2691,27,1.7026,0,0,0,13539.26,0,1.0,0
0,0,1,1,1.2453,0,0,1,18,18,0.9712,1,1,3,82263.71,0,0.5635,1
1,0,1,1,1.0247,0,0,0,694,90,0.7529,0,0,2,13494.5,0,0.8833,0
1,1,1,1,1.0049,0,0,0,1637,147,0.8766,0,0,2,525.75,0,0.8841,0
1,1,1,1,1.0211,0,0,0,2586,96,0.9082,0,0,2,13377.82,0,0.9419,0
0,0,1,0,1.0411,0,0,0,2909,75,0.7126,1,0,2,1792.41,0,0.8455,0
1,1,1,1,1.0123,0,0,0,1548,58,0.9141,0,0,1,11386.13,0,0.8657,0
1,1,1,1,0.9829,0,0,0,575,100,1.0375,0,0,3,39396.85,0,0.8461,0
1,1,1,1,0.9725,0,0,0,1848,23,0.7342,0,0,1,25160.57,0,0.8211,0
1,1,1,1,0.9714,0,0,0,2900,45,0.9025,0,0,1,14659.3,0,0.8276,0
1,1,1,1,0.9826,0,0,0,411,152,0.862,0,0,2,8019.68,0,0.8825,0
1,1,1,1,0.9398,0,0,0,3209,98,0.6097,0,0,1,2535.63,0,0.9373,0
1,1,1,0,0.9336,0,0,1,162,1,1.2554,0,0,2,29722.83,0,0.7637,0
1,1,1,1,1.054,0,0,0,2459,39,1.4299,0,0,1,4039.12,0,0.736,0
1,1,1,1,1.0154,0,0,0,2986,174,1.154,0,1,0,384.35,0,0.8691,0
1,1,1,1,1.0048,0,0,0,431,57,1.1219,1,0,2,3773.59,0,1.0,0
1,1,1,1,1.0057,0,0,0,2015,65,0.5034,0,0,2,7466.25,0,0.6978,0
1,1,1,1,0.9473,0,0,0,3644,47,1.0555,0,0,0,10062.9,0,1.0,0
1,1,1,1,0.9816,0,0,0,3189,9,1.0018,0,0,2,16925.69,0,0.8362,0
1,1,1,1,1.0447,0,0,0,458,44,0.923,0,0,0,7631.51,0,0.7539,0
1,1,1,1,1.0157,0,0,0,1756,166,1.1091,0,0,3,3369.08,0,0.6166,0
1,1,1,1,1.0529,0,0,0,788,52,1.1901,0,0,3,10000.44,0,0.8571,0
1,1,1,1,0.9646,0,0,0,1514,83,1.5786,0,0,1,506.28,0,1.0,0
1,1,1,1,1.0389,0,0,0,3205,57,0.5173,0,0,0,10049.51,0,0.9919,0
1,1,1,1,1.917,0,0,0,1473,42,2.12,0,0,1,86603.91,1,0.7116,1
1,1,1,1,0.9891,0,0,0,3059,137,0.9229,0,0,3,14023.97,0,0.6297,0
1,1,0,1,1.0067,0,0,0,2996,109,0.5628,0,0,2,40875.05,0,0.7669,0
1,1,1,1,0.9846,0,0,0,1969,96,0.8631,0,0,1,13717.15,0,1.0,0
1,1,1,1,0.9772,0,0,0,3286,133,1.1441,0,0,3,5089.62,0,0.9193,0
1,1,0,1,0.9742,0,0,0,1858,106,1.2205,0,0,2,2658.05,0,0.9855,0
1,1,1,1,1.0308,0,0,0,3546,10,0.8423,0,0,0,26049.95,0,0.8077,0
1,1,1,1,1.0297,0,0,0,860,53,0.9313,0,0,1,7529.32,0,0.8346,0
1,1,1,1,1.0626,0,0,0,1694,100,1.001,0,0,0,1673.18,0,0.9533,0
1,1,1,1,1.0104,0,0,0,1243,138,0.4817,0,0,3,5748.71,0,0.7603,0
1,1,1,1,0.9468,0,0,0,570,114,1.1006,0,1,0,16437.56,0,1.0,0
1,1,1,1,1.0763,0,0,0,2987,138,1.5109,0,0,2,4464.6,0,0.9665,0
1,1,1,1,0.9462,0,0,0,3354,62,0.7599,0,0,2,19909.38,0,0.6608,0
1,1,1,1,1.0692,0,0,0,2912,103,0.7088,0,0,1,8001.47,0,0.7129,0
1,1,1,1,1.0195,0,0,0,963,7,0.5105,0,0,2,7774.76,0,0.7534,0
1,1,1,1,1.0493,0,0,0,1378,67,0.9558,0,0,0,3848.47,0,0.6882,0
1,1,0,1,0.9414,0,0,1,60,3,0.7312,0,1,3,19431.53,0,0.8569,0
1,1,1,1,0.8665,0,0,0,662,95,1.1626,0,0,2,34400.32,0,0.9099,0
1,1,1,1,0.9964,0,0,0,1393,38,0.7668,0,0,1,3403.16,0,0.9944,0
1,1,1,1,0.9891,0,0,0,730,160,0.7784,0,0,1,2835.96,0,0.8924,0
1,1,1,1,0.9818,0,0,0,2494,48,0.831,0,0,2,278.58,0,0.9777,0
1,1,1,1,1.0333,0,0,0,596,13,1.1547,0,0,2,19197.31,0,0.889,0
1,1,1,1,0.905,0,0,0,1877,53,0.5554,0,0,1,60583.2,0,0.9041,0
1,1,1,1,0.8912,0,0,1,57,0,0.9538,1,0,3,4223.93,0,0.9538,0
1,1,1,1,1.0298,0,0,0,1107,6,1.304,0,0,0,8845.42,0,0.7815,0
1,1,1,1,1.0026,0,0,0,3223,94,1.1951,1,0,1,32188.55,0,0.8108,0
1,1,1,1,1.0422,0,0,0,1358,115,1.4634,0,0,2,1199.47,0,0.9969,0
1,1,1,1,1.0761,0,0,0,3581,88,1.4756,0,0,1,2553.97,0,0.9993,0
1,1,1,1,1.0055,0,0,0,2891,169,1.4614,0,0,1,10362.52,0,0.8097,0
1,1,1,1,1.0704,0,0,0,3556,61,1.5719,0,0,3,1614.94,0,0.7265,0
1,1,1,1,1.06,0,0,0,980,23,0.7542,0,0,3,36761.09,0,0.949,0
1,1,1,1,0.9889,0,0,0,389,148,0.6861,0,0,3,2491.96,0,0.8551,0
1,1,1,1,0.9355,0,0,0,3552,172,1.0869,0,0,3,11325.94,0,0.7582,0
0,0,1,1,0.9756,0,0,0,3000,5,0.6565,0,0,2,2992.55,0,0.7388,0
1,1,1,1,0.9662,0,0,0,1869,163,0.9779,0,0,3,7819.1,0,1.0,0
1,1,1,0,0.8924,0,0,0,3564,36,0.7986,0,0,3,37853.31,0,1.0,0
1,1,0,0,0.9501,0,0,0,1152,133,1.1541,0,0,0,410.01,0,0.7113,0
1,1,1,1,0.9651,0,0,0,367,75,1.3052,0,0,1,17279.25,0,0.9391,0
1,1,0,1,1.1222,0,0,0,2489,8,0.9659,0,0,3,17725.67,0,0.6628,0
1,1,1,1,0.9793,0,0,0,2612,102,0.4893,0,0,1,27881.5,0,0.841,0
1,1,1,1,1.0512,0,0,0,1562,80,0.5018,0,0,2,4641.52,0,0.8799,0
1,1,1,1,0.9964,0,0,1,69,1,0.9833,0,0,0,1954.66,0,0.8439,0
1,1,1,1,1.0238,0,0,0,667,196,2.037,0,1,3,5585.76,0,0.8621,0
1,1,1,1,1.0367,0,0,0,383,146,1.1534,0,0,3,9645.3,1,0.7999,0
1,1,1,1,1.2003,0,0,1,51,28,1.6164,1,1,1,35439.82,0,0.6686,1
1,1,1,1,0.9781,0,0,0,875,129,1.2667,0,0,2,4597.11,0,1.0,0
1,1,0,1,0.9509,0,0,0,2878,145,1.2841,0,0,2,60182.78,0,0.8748,0
1,1,0,1,1.0637,0,0,0,3420,114,0.2582,0,0,0,1295.88,0,0.8025,0
1,1,1,1,1.0135,0,0,0,2841,158,0.9093,0,0,2,7880.51,0,0.946,0
1,1,1,1,1.1029,0,0,0,3276,48,1.1637,0,0,0,36869.51,0,0.9261,0
1,1,1,1,0.9405,0,0,0,3341,133,0.9535,0,0,3,23385.72,0,0.8549,0
1,1,1,1,1.0953,0,0,0,1258,37,0.8648,0,0,2,26415.31,0,0.7215,0
1,1,1,1,1.0157,0,0,1,7,0,6.5513,0,0,2,27643.52,0,0.3004,1
1,1,1,1,1.0066,0,0,0,838,24,1.0909,0,0,1,11122.97,0,1.0,0
1,1,1,1,1.0779,0,0,0,694,151,0.835,0,0,3,15867.16,0,0.9716,0
1,1,0,1,0.9449,0,1,0,1419,8,1.2482,0,1,3,23764.11,0,0.8856,0
1,1,0,1,1.0615,0,0,0,1593,137,0.5255,0,0,1,2831.89,0,0.9421,0
1,1,1,1,1.0166,0,0,0,2292,135,1.0562,0,0,1,13157.8,0,0.9054,0
1,1,0,1,1.006,0,0,0,3503,147,0.5147,0,0,2,1439.42,0,0.6776,0
1,1,1,1,0.9376,0,0,0,3021,110,0.6929,0,0,1,12351.77,0,0.8499,0
1,1,1,1,1.0037,0,0,0,835,90,1.3825,0,0,0,24180.85,0,0.9232,0
1,1,1,1,1.0723,0,0,0,3532,5,0.8891,0,0,2,22970.75,0,0.9361,0
1,1,1,1,1.0149,0,0,0,3111,180,0.7458,0,0,1,14413.58,0,0.7129,0
1,1,1,0,1.0017,0,0,0,3036,67,0.8303,0,0,2,7852.94,0,0.9609,0
1,1,1,1,0.953,0,0,0,1874,100,0.7721,0,0,3,19100.32,0,0.8918,0
1,1,1,1,0.977,0,0,0,1920,58,0.7655,0,0,0,869.65,0,0.7587,0
1,1,1,1,0.9553,0,0,0,675,19,1.2706,0,0,3,21099.55,0,0.7633,0
1,1,0,0,1.0444,0,0,0,515,191,1.0662,0,0,1,19270.97,0,0.7565,0
1,1,1,1,0.9558,0,0,0,562,75,0.5711,0,0,0,6886.27,0,0.8077,0
1,1,0,1,1.0733,0,0,0,1898,163,0.9984,0,0,3,791.03,0,0.8456,0
1,1,1,1,1.0475,0,0,0,1045,83,1.2353,0,0,3,4874.74,0,0.817,0
1,1,1,1,1.0469,1,0,0,942,6,1.1161,0,0,5,41930.52,0,0.2311,1
1,1,1,1,1.0168,0,0,0,1228,32,0.8714,0,1,0,13367.41,1,0.7726,0
1,1,1,1,1.0041,0,1,0,455,49,0.6551,0,0,2,16892.53,0,0.8767,0
1,1,1,1,0.9154,0,0,0,576,118,0.9751,0,0,0,1057.86,0,0.8613,0
1,1,1,1,1.033,0,0,0,1686,130,0.9585,0,0,3,22701.88,0,0.9558,0
1,1,1,1,1.0092,0,0,1,146,2,0.8139,1,0,2,4764.25,0,0.9292,0
1,1,1,1,1.3616,1,0,0,1102,33,1.6749,1,0,4,5808.83,0,0.467,1
1,1,1,0,1.0183,0,0,0,2219,12,1.2883,0,0,2,14288.27,0,0.9459,0
1,1,1,1,0.9944,0,1,0,2719,191,0.8485,0,0,0,433.37,0,0.9736,0
1,1,1,1,1.0334,0,0,1,43,2,1.0176,0,0,0,13149.15,0,0.8819,0
1,1,1,1,1.077,0,0,0,691,154,1.1695,0,0,0,18946.09,0,0.7293,0
1,1,1,1,1.0676,0,0,0,2453,100,0.3456,0,0,0,855.37,0,0.7611,0
1,1,1,1,0.9783,0,0,0,3268,79,1.2807,0,0,3,34808.89,0,0.9238,0
1,1,1,1,1.0283,0,0,0,2147,101,0.9116,0,0,2,6945.57,0,0.8535,0
1,1,1,0,1.0687,0,0,0,217,98,1.0497,0,0,1,920.38,0,0.7601,0
1,1,1,1,0.9434,0,0,0,2036,176,1.1953,0,0,1,89962.24,0,0.7779,0
1,1,1,1,0.9741,1,0,0,562,37,1.3094,1,0,7,31554.43,0,0.4076,1
1,1,1,1,1.0279,0,0,0,1841,13,1.1207,0,0,3,6275.66,0,0.7878,0
1,1,1,1,1.0012,0,0,0,294,147,0.9236,0,0,2,6207.65,0,0.781,0
1,1,1,1,1.0205,0,0,0,1562,6,1.4023,0,0,2,13854.05,0,0.8141,0
1,1,1,1,0.9595,0,0,0,1118,59,1.0766,0,0,3,2594.54,0,0.7094,0
1,1,1,1,1.0009,0,0,0,2687,92,1.0118,0,0,1,12848.55,0,1.0,0
1,1,1,1,0.9542,0,1,0,2900,124,1.4375,0,0,3,35616.68,0,0.8182,0
1,1,1,1,1.0018,0,0,0,1355,162,0.6603,0,0,3,9455.9,0,0.8701,0
1,1,1,1,0.9712,0,0,0,2068,94,0.5729,0,0,2,28057.52,0,1.0,0
1,1,1,1,0.9771,0,0,1,130,4,1.1239,0,0,3,7808.44,0,0.8141,0
1,1,1,1,0.9837,0,1,1,179,3,0.4881,0,0,0,8900.26,0,0.8071,0
1,1,1,1,1.0204,0,0,1,98,5,0.5547,0,0,3,17578.82,0,0.8321,0
1,1,1,1,0.9308,0,0,0,369,19,0.4736,0,0,2,77748.28,0,0.9486,0
1,1,1,1,0.9965,0,0,0,2536,55,1.1376,0,0,0,5134.49,0,0.946,0
1,1,1,1,0.955,0,0,0,3542,195,0.2,0,0,0,38641.34,0,0.86,0
0,0,0,1,0.9651,0,1,0,1226,40,2.1389,0,0,7,3947.32,0,0.3754,1
1,1,1,1,0.9455,0,0,0,2972,73,0.8917,0,0,0,1325.09,0,1.0,0
1,1,1,1,0.9856,0,0,0,2041,93,0.5592,0,0,3,4201.1,0,0.8696,0
1,1,1,1,1.0556,0,0,0,3097,167,0.8999,0,0,1,29114.19,0,0.7766,0
1,1,1,1,0.9642,0,0,0,1999,85,1.2686,0,0,3,8904.6,0,0.9591,0
1,1,1,1,0.9513,0,0,0,1402,142,0.9086,0,0,1,883.27,0,1.0,0
1,1,1,1,1.0403,0,0,0,2431,154,1.4433,0,0,0,20827.33,0,0.9483,0
1,1,1,1,0.9704,0,0,0,246,30,0.9712,0,0,2,1178.7,0,0.8392,0
1,1,1,1,1.0252,0,0,0,2388,57,1.2518,0,0,2,1857.84,0,0.7131,0
1,1,1,1,1.0453,0,0,1,135,3,0.9422,0,0,2,32476.78,0,0.7285,0
0,0,1,1,1.0509,0,0,1,129,0,1.1459,0,0,2,38994.26,0,0.9079,0
1,1,1,1,0.9986,0,0,0,903,141,1.0374,0,0,0,7626.19,0,0.7614,0
1,1,0,1,0.9048,0,0,0,1606,90,1.2058,0,0,3,18896.51,0,0.8251,0
1,1,1,1,0.9635,0,0,0,1626,19,0.9721,0,0,2,2473.52,0,0.8933,0
1,1,1,1,1.1708,0,0,0,1896,25,2.705,1,1,1,21952.31,0,0.8794,1
1,1,1,1,1.0075,0,0,1,74,1,1.1472,1,0,0,7242.11,0,0.8391,0
1,1,1,1,0.9328,0,0,0,2558,35,1.0728,0,0,1,2236.11,0,0.8227,0
1,1,1,1,1.0128,0,0,0,3272,125,0.8711,0,0,3,29588.4,0,0.7014,0
1,1,1,1,0.9776,0,0,0,1946,198,0.7635,0,0,0,18802.67,0,0.8021,0
1,1,1,1,1.0136,0,0,0,1333,21,1.1604,0,0,1,6392.12,0,0.8629,0
1,1,1,1,0.947,0,0,0,757,38,0.9256,0,0,2,9716.74,0,0.9969,0
1,1,1,0,0.9692,0,0,0,440,166,0.8515,0,0,1,5940.24,0,0.8501,0
1,1,1,1,0.9754,0,0,0,3183,92,0.5157,0,0,3,31593.72,1,0.732,0
1,1,1,1,1.0547,0,0,0,2502,63,1.1789,0,0,2,20885.42,0,0.9109,0
1,1,1,1,0.9688,0,0,0,1683,148,0.6469,0,0,3,22330.5,0,0.8691,0
1,1,1,1,0.9469,0,0,0,1887,149,1.2445,0,0,1,3595.2,0,0.8613,0
1,1,1,1,0.929,0,0,0,1257,83,0.9337,0,1,1,3074.27,0,0.7084,0
1,1,1,1,0.9307,0,0,0,2268,81,1.0499,0,0,2,29053.49,0,0.9385,0
1,1,1,0,1.0244,0,0,0,594,2,1.9999,0,1,15,55144.17,1,0.525,1
1,1,1,1,0.9455,0,0,0,572,183,1.3826,0,1,3,4935.34,0,0.6949,0
1,1,1,1,1.0104,0,0,0,2962,177,0.7676,0,0,0,42438.33,0,0.9143,0
1,1,1,1,1.0997,0,0,0,2504,36,0.8471,0,0,3,10070.88,0,0.8519,0
1,1,1,1,1.0196,0,0,0,880,43,0.8248,0,0,1,3309.75,0,0.7862,0
1,1,1,1,0.876,0,0,0,2210,130,0.4969,0,0,1,65308.03,0,0.761,0
0,0,1,0,0.9662,0,0,0,2623,168,0.689,0,0,1,14018.74,0,0.6951,0
1,1,1,1,0.9343,0,0,0,2539,49,1.4323,0,0,3,19128.64,0,0.8543,0
1,1,0,1,0.9915,0,0,0,3068,70,1.0527,0,0,1,1642.7,0,0.8275,0
1,1,1,1,1.0821,0,0,0,3584,131,1.3454,0,0,2,29750.83,0,0.8182,0
1,1,1,1,1.0446,0,0,0,2793,25,1.0398,0,0,3,17777.65,0,0.8763,0
1,1,1,1,0.9868,0,0,0,270,77,0.9221,0,0,3,7739.77,0,0.9934,0
1,1,1,1,1.0375,0,0,0,3144,86,0.6651,0,0,0,13763.27,0,0.8883,0
1,1,1,1,0.9631,0,0,1,57,3,1.0164,0,0,1,5305.59,0,0.891,0
1,1,1,1,0.9851,0,0,0,1445,95,0.9758,0,0,1,8953.39,0,0.9305,0
1,1,0,1,1.0566,0,0,0,1961,59,0.9753,0,0,3,1987.41,0,0.8252,0
1,1,1,1,1.0522,0,0,1,33,4,0.9741,0,0,1,15291.51,0,0.7458,0
1,1,1,1,1.0059,0,0,1,136,1,0.85,0,0,0,39172.6,0,0.6639,0
1,1,1,1,1.0528,0,0,0,375,50,0.9377,0,0,2,18728.6,0,0.6468,0
1,0,1,1,1.1684,1,0,0,1660,14,1.6193,0,0,0,32933.45,0,0.2026,1
1,1,1,1,1.0161,0,0,0,1923,77,1.2165,0,0,1,7681.45,0,0.8226,0
1,1,1,1,0.9878,0,0,0,519,48,0.4316,0,0,2,4147.17,1,0.9783,0
1,1,1,1,1.0634,0,0,0,386,16,0.7235,1,0,2,13217.67,0,0.9705,0
1,1,1,1,1.0767,0,0,0,1072,99,1.2244,0,0,2,5929.47,0,0.8562,0
1,1,1,1,1.084,0,0,0,1520,167,0.9187,0,0,3,10987.1,0,0.9225,0
1,1,1,1,0.9876,0,0,0,2995,10,0.9989,0,0,1,45978.15,0,0.812,0
1,1,1,1,0.9087,0,0,1,93,5,0.5584,0,0,3,17985.12,0,0.9679,0
1,1,1,1,1.0476,0,0,0,3523,58,0.9769,0,0,1,6322.5,0,0.8324,0
1,1,1,1,0.9515,0,0,0,1829,36,0.7796,0,0,1,96215.87,0,1.0,0
1,1,1,1,1.0361,0,0,0,962,194,1.1757,0,0,0,10820.84,0,0.8523,0
1,1,0,0,1.0137,0,0,0,568,96,1.0433,1,0,1,28121.19,0,0.749,0
1,1,1,1,1.0047,0,0,0,1648,54,0.8318,1,0,1,934.34,0,0.6272,0
1,1,1,1,1.03,0,0,1,96,0,0.7677,0,0,0,19957.29,0,0.9881,0
1,1,1,1,0.9629,0,0,0,1822,17,0.7386,0,0,2,21111.39,0,0.8374,0
1,1,1,1,0.9924,0,0,0,1433,172,1.0572,0,0,3,58424.1,0,0.7453,0
1,1,1,1,0.9711,0,0,0,1198,88,0.631,0,0,3,8746.18,0,0.7231,0
1,1,0,1,0.9828,0,0,0,1246,37,0.7537,0,0,1,4323.95,1,0.8546,0
1,1,1,1,0.9405,0,0,0,967,113,0.876,0,0,1,13777.27,0,1.0,0
1,1,1,1,1.1041,0,0,0,1756,64,1.3151,0,0,0,15182.41,0,0.8937,0
1,1,1,1,1.0179,0,1,0,769,183,1.555,0,0,1,19574.01,0,0.8824,0
1,1,1,1,0.8922,0,0,0,1681,47,0.662,0,0,3,33963.6,0,0.8364,0
1,1,1,0,0.9708,0,0,0,1040,191,0.9808,0,0,3,39636.86,0,0.9624,0
1,1,1,0,0.9423,0,0,0,3612,145,1.1811,0,0,2,1585.56,0,0.849,0
1,1,1,1,0.9743,0,0,0,995,33,0.7867,0,0,2,49334.91,0,0.8985,0
1,1,1,1,1.0587,0,0,0,327,11,1.0742,0,0,1,6359.83,0,0.8599,0
1,1,1,1,1.0086,0,0,0,3436,178,0.7181,0,0,3,3381.02,0,0.9798,0
1,1,1,1,1.0503,0,0,0,276,50,1.2468,0,0,1,5349.61,0,0.7406,0
1,1,1,1,1.0201,0,0,1,160,5,1.0813,0,0,0,1234.07,0,0.7456,0
1,1,1,0,0.921,1,1,0,1249,24,1.7602,1,1,2,1123.01,1,0.6338,1
1,1,1,1,1.02,0,0,0,1180,190,1.3524,0,0,2,1839.11,0,0.7451,0
1,1,1,1,0.9697,0,0,0,2370,54,0.9995,0,1,0,13979.15,0,0.9251,0
1,1,1,1,1.0015,0,0,0,1823,52,1.0376,0,0,0,79649.14,0,0.6735,0
1,1,0,1,1.0721,0,0,0,3277,178,1.2565,0,0,1,3938.68,0,0.9986,0
1,1,1,1,0.9946,0,0,0,2288,139,0.8555,0,0,2,773.3,0,0.9995,0
1,1,1,1,0.9986,0,0,0,2288,200,0.9743,0,0,2,4097.12,0,0.774,0
1,1,1,1,1.0159,0,0,0,1390,48,1.4742,0,0,3,10631.72,0,0.7561,0
1,1,1,1,1.0955,0,0,0,465,43,0.9789,0,0,0,2593.09,0,0.8851,0
1,1,1,1,1.0008,0,0,0,1030,122,0.7466,0,0,3,25683.55,0,0.7516,0
1,1,1,1,1.016,0,0,0,522,151,1.4064,0,0,0,6712.14,0,0.7006,0
1,1,1,1,1.0147,0,0,0,1275,183,0.8598,0,0,3,5102.57,0,0.8896,0
1,0,1,1,1.0014,0,0,0,1228,25,0.5708,0,0,0,70339.2,0,0.8532,0
1,1,1,0,1.0466,0,0,0,2153,124,1.1934,1,0,1,20984.67,0,0.7271,0
1,1,0,1,1.1772,1,0,0,1972,40,1.1109,1,0,1,3736.41,0,0.5549,1
1,1,1,1,1.0401,0,0,0,1678,184,1.1647,0,0,1,14494.98,0,0.8777,0
1,1,1,1,1.0095,0,0,1,57,5,1.0776,0,0,0,1675.96,0,0.7635,0
1,1,1,1,0.9831,0,0,1,52,1,0.8916,0,0,0,16266.2,0,0.89,0
1,0,1,1,1.0745,0,0,0,1352,56,0.8587,0,0,2,21286.69,0,0.8504,0
0,0,1,1,1.0066,0,0,0,1138,180,0.6489,0,0,1,3542.54,0,1.0,0
1,0,1,1,0.9871,0,0,0,888,194,0.9603,0,0,2,7207.65,0,0.6504,0
1,1,1,0,0.9792,0,0,0,908,119,1.5159,0,0,1,16095.97,0,0.8134,0
1,1,1,1,0.9739,0,0,0,2094,18,1.2969,0,0,1,3010.43,0,0.8946,0
1,1,1,1,0.9936,0,0,0,872,134,1.1364,0,0,0,4239.59,0,0.9446,0
1,1,1,1,0.9486,0,0,0,3424,147,0.774,0,0,0,35085.41,0,0.6754,0
1,1,1,1,0.9412,0,0,0,1589,195,1.381,0,0,0,19460.59,0,0.8555,0
1,1,1,1,0.9405,0,0,0,2667,184,1.2163,0,0,1,7759.75,0,0.9345,0
1,1,0,1,0.9796,0,0,0,1877,24,0.9233,0,0,1,16727.75,0,0.9062,0
1,1,1,1,0.9526,0,0,0,2472,196,0.4859,0,0,3,6618.68,0,1.0,0
1,1,1,1,1.0068,0,0,0,425,181,0.9216,0,0,1,16065.05,0,1.0,0
1,1,1,1,1.1041,0,0,0,3577,156,0.707,0,0,2,4575.31,0,0.7758,0
1,1,1,1,0.9951,0,0,1,177,5,0.7353,0,1,0,10065.83,0,0.9734,0
1,1,1,1,0.9998,0,0,0,2430,167,1.0826,0,0,2,671.87,0,0.9544,0
1,1,1,1,1.0672,0,0,0,1730,56,0.7246,0,0,1,829.1,0,0.7608,0
1,1,1,1,0.9895,0,0,0,2606,140,0.7319,0,0,3,3949.78,0,0.9947,0
1,1,1,1,0.9883,0,0,0,2248,164,1.1607,0,0,1,2871.66,0,1.0,0
1,1,1,1,1.0532,0,0,1,130,5,1.0195,0,0,1,3836.52,0,0.9959,0
1,1,1,1,0.8857,0,0,0,2155,85,1.264,0,0,1,45465.29,0,0.964,0
1,1,0,1,0.9958,0,0,0,1501,21,1.0187,0,0,1,1880.09,0,0.723,0
1,1,1,1,0.9714,0,0,0,1524,92,0.8337,0,0,0,4967.03,0,0.9214,0
1,1,1,1,0.9253,0,0,0,1160,88,0.9227,0,0,0,16558.42,0,0.9121,0
1,1,0,1,1.0201,0,0,0,3081,29,0.9802,0,0,0,6532.17,0,0.881,0
1,1,1,1,0.9844,0,0,0,385,136,1.2779,0,0,1,448.97,0,0.683,0
1,1,1,1,0.9785,0,0,0,861,38,0.9794,0,1,0,244.66,0,0.7605,0
1,1,1,1,0.9871,0,0,0,3329,140,0.913,0,0,2,271.94,0,0.9617,0
1,1,0,1,1.0823,0,0,0,570,148,0.9826,0,0,1,6753.53,0,0.7161,0
1,1,1,1,0.9782,0,0,0,3593,124,0.6424,0,0,1,20437.8,0,0.8158,0
1,1,1,1,1.0044,0,0,0,570,175,1.2672,0,0,2,3322.24,0,0.6847,0
1,1,1,1,1.0251,0,0,0,2120,196,1.6408,0,0,3,6073.54,0,0.9065,0
1,1,1,1,1.0397,0,0,0,387,42,0.5241,0,0,0,11305.78,0,1.0,0
1,1,0,1,1.0072,0,0,0,290,5,0.7322,0,0,0,1995.27,0,0.9737,0
1,1,1,1,1.0689,0,0,0,1581,176,0.7945,0,0,1,14790.2,0,0.9866,0
1,1,1,1,1.0329,0,0,0,2307,73,1.0407,0,0,1,70580.73,0,0.9003,0
1,1,1,1,0.9978,0,0,0,1036,150,0.6195,0,0,3,3709.0,0,0.8441,0
1,1,1,1,1.0137,0,0,0,2392,20,0.9792,0,0,3,12481.76,0,0.8167,0
1,1,1,1,0.9898,0,0,0,2848,92,0.5786,0,0,3,20773.73,0,0.9167,0
1,1,1,1,1.062,0,0,0,1011,86,0.7305,0,0,2,3991.71,0,0.8322,0
1,1,1,1,0.9305,0,0,0,1110,180,0.9898,0,0,0,2925.29,0,0.8236,0
1,1,1,1,1.1389,0,0,0,3211,189,1.149,0,0,2,9695.16,0,0.882,0
0,0,1,1,1.034,0,0,0,2640,193,0.7479,0,0,2,2759.08,0,0.8155,0
1,1,1,1,1.006,0,0,0,641,115,1.4204,0,0,1,6081.31,0,1.0,0
1,1,1,1,0.9899,0,0,0,701,63,1.3673,0,0,1,14473.5,0,0.968,0
1,1,1,1,0.9988,0,0,0,2377,90,1.8599,0,0,1,4173.86,0,0.7401,0
1,1,1,1,1.3042,0,1,1,44,1,1.728,0,0,2,1805.11,0,0.6081,1
1,1,1,1,1.0557,0,0,0,1540,156,1.2833,0,0,0,16519.96,0,0.7508,0
1,1,1,1,0.97,0,0,0,535,152,0.7922,0,0,3,3948.06,0,0.7352,0
1,1,1,1,0.9998,0,0,0,909,173,1.3787,1,0,1,17753.93,0,0.7765,0
1,1,1,1,0.9541,0,0,0,3036,173,1.3211,0,0,2,6469.96,0,0.72,0
1,1,1,1,0.9409,0,0,0,3645,116,1.0216,0,0,3,13612.47,0,0.9311,0
1,1,1,1,0.9791,0,0,0,897,69,0.7678,0,0,2,5508.2,0,0.8636,0
1,1,1,1,1.1238,0,0,0,1504,180,1.341,0,0,3,5066.62,0,0.8981,0
1,1,0,0,0.9473,0,1,0,1056,113,0.6772,0,0,3,746.87,0,0.9876,0
1,1,1,1,1.0189,0,0,0,2735,90,0.8866,0,0,2,7699.92,0,0.9141,0
1,1,1,1,0.9836,0,0,1,92,4,1.2882,0,0,0,2182.51,0,1.0,0
1,1,1,1,0.9398,0,0,0,2117,183,1.083,0,0,1,8333.05,0,0.8374,0
1,1,1,1,1.0415,0,0,0,503,74,1.1656,0,0,0,5099.93,0,0.8712,0
1,1,1,1,1.0037,0,0,0,932,131,1.5908,0,1,2,22173.46,0,0.7682,0
1,1,1,1,1.0667,0,0,0,1040,16,0.5465,0,0,1,4496.04,0,0.7766,0
1,1,0,1,0.9496,0,0,0,1723,24,0.8528,0,0,0,16642.63,0,0.8142,0
1,1,1,1,0.9373,0,0,0,415,163,0.6622,0,0,1,11065.06,0,0.6913,0
1,1,1,1,1.1084,0,0,0,2842,71,1.3148,0,0,0,16355.71,0,0.8234,0
1,1,1,1,0.9124,0,0,0,2917,128,0.9389,0,0,0,19229.21,0,0.8475,0
1,1,1,1,0.9741,0,0,0,255,73,1.0184,0,0,1,12760.3,0,0.9223,0
1,1,1,1,0.9977,0,0,0,1687,57,0.9248,0,0,0,6956.91,0,0.8775,0
1,1,1,1,0.9508,0,0,0,980,33,0.7349,1,0,3,9663.98,0,1.0,0
1,1,1,1,0.9731,0,0,0,2378,90,0.408,0,0,0,2182.58,0,0.9784,0
1,1,1,1,0.9959,0,0,0,3481,163,0.3865,0,0,0,15215.07,0,0.9411,0
1,1,1,1,1.0034,0,0,0,1240,120,1.005,0,0,1,27388.03,0,1.0,0
1,1,1,1,0.9776,0,0,0,948,142,1.3791,0,0,0,2724.61,0,1.0,0
1,1,1,1,1.0042,1,0,0,2726,196,0.8674,0,0,0,19859.82,0,0.9023,0
1,1,0,1,1.0378,0,0,0,791,168,1.7319,0,0,3,13768.53,0,0.9866,0
1,1,1,1,0.9118,0,0,0,269,115,0.5903,0,0,1,12335.64,0,0.7551,0
1,1,1,1,0.9985,0,0,0,2405,175,0.9239,0,0,3,4146.04,0,1.0,0
1,1,1,1,1.0411,0,0,0,1473,11,0.7946,0,0,1,12399.62,0,0.7821,0
1,1,1,1,1.0224,0,0,0,293,95,0.9943,0,0,2,13851.7,0,0.7343,0
1,1,1,1,1.012,0,0,0,826,193,1.0696,0,0,3,38890.07,0,0.7944,0
1,1,1,1,0.9939,0,0,0,289,86,0.4895,0,0,3,3372.67,0,1.0,0
1,1,0,1,0.9882,0,0,0,738,128,0.9353,0,0,1,14812.96,0,0.8716,0
1,1,1,1,1.055,0,0,0,609,61,0.8873,0,0,2,1810.22,0,0.8861,0
1,1,1,1,0.9945,0,0,0,3122,42,0.7035,1,0,1,14735.91,0,0.8195,0
1,1,1,1,1.0279,0,0,0,793,36,1.261,0,0,0,14424.72,0,0.7183,0
1,1,1,1,0.9581,0,0,0,776,190,1.7012,0,0,0,82951.3,0,1.0,0
1,1,1,1,1.0582,0,1,0,1758,198,1.1203,0,0,3,2198.55,0,0.8791,0
1,0,1,1,0.9718,0,0,0,719,195,0.98,0,0,2,15519.02,0,0.8446,0
1,1,1,0,1.0462,1,0,0,1274,84,0.9628,1,0,1,1076.86,0,0.8433,0
1,1,1,1,1.0671,0,0,1,28,1,2.0155,0,0,0,46204.37,0,0.4053,1
1,1,1,1,0.9377,0,0,0,2538,88,0.7253,1,0,0,20130.92,0,0.8437,0
0,0,1,1,1.0171,0,0,0,2832,183,0.5594,0,0,2,42373.4,0,0.8869,0
1,1,1,1,0.9611,0,0,0,3266,48,1.2426,0,0,0,16246.89,0,0.9944,0
1,1,1,1,0.9338,0,0,0,2349,131,0.6912,0,0,3,6663.03,0,0.9097,0
1,1,1,1,0.9529,0,0,0,2074,84,1.1891,0,0,3,36720.31,0,0.7182,0
1,1,1,1,1.0099,0,0,0,1372,58,0.7951,0,0,3,9726.3,0,0.916,0
0,0,1,1,1.032,0,0,0,2279,178,0.7296,0,0,3,14856.61,0,0.8286,0
1,1,1,1,1.0779,0,0,1,42,0,0.7849,0,0,2,1712.87,0,0.8211,0
0,0,1,0,0.9158,0,0,0,2733,140,0.6334,0,0,2,413.41,0,0.7783,0
1,1,1,1,1.0257,0,0,0,3212,93,1.0986,0,0,1,26253.75,0,0.8108,0
0,0,1,1,0.9227,0,0,0,2882,122,0.8658,0,0,1,16688.4,0,1.0,0
0,0,1,1,0.9392,0,0,0,3253,181,1.7168,0,0,0,12615.7,0,0.9008,0
1,1,1,1,0.9403,0,0,0,2481,90,1.0488,0,0,1,59019.05,0,0.7614,0
1,1,1,1,1.0571,0,0,0,2993,195,0.9835,0,0,2,5442.38,0,0.8898,0
1,1,1,1,0.9826,0,0,0,2860,33,0.9368,0,0,1,2452.19,0,0.915,0
0,0,1,0,1.0356,0,0,0,1817,29,2.8562,1,0,2,344.72,0,0.1591,1
1,1,1,1,0.9586,0,0,0,2406,14,1.207,0,0,2,19989.11,0,1.0,0
1,1,1,1,0.9905,0,0,0,2056,148,0.9637,1,0,3,29609.55,0,0.9626,0
1,1,1,1,0.973,0,0,0,3195,166,1.4648,0,0,1,2561.73,1,0.897,0
1,1,1,1,1.0191,0,0,0,3354,66,0.4599,1,0,1,4398.32,0,0.8418,0
1,1,1,1,1.1128,0,0,0,2689,61,0.8263,0,0,3,6406.32,1,1.0,0
1,1,1,0,1.0901,0,0,0,2010,88,1.5899,0,0,1,9292.77,0,0.6394,0
1,1,1,1,0.9888,0,0,0,1165,195,1.3051,0,0,3,12933.27,0,0.748,0
1,1,1,1,0.9247,0,0,0,1017,138,0.6693,0,0,1,451.91,0,0.8571,0
0,0,1,1,1.116,0,0,0,3441,49,0.5777,0,0,0,12821.09,0,0.8881,0
1,1,1,1,1.0348,0,0,0,2026,145,0.9714,0,0,2,10535.68,0,0.8065,0
1,1,1,1,1.0223,0,0,0,1776,176,0.961,0,0,3,9948.47,0,0.6692,0
1,1,1,1,0.9527,0,0,0,398,120,0.6013,0,0,2,43860.67,0,0.9587,0
1,1,1,1,0.9823,0,0,0,2475,11,1.3368,0,0,2,1637.93,0,0.8734,0
1,1,1,1,1.0209,0,0,0,1396,156,0.7842,0,0,2,2073.3,0,0.8837,0
1,1,1,1,1.0674,0,0,0,1996,32,0.6912,1,0,1,54759.12,0,0.8146,0
1,1,1,1,0.955,0,0,0,1726,94,0.7099,0,0,3,14561.25,0,0.7999,0
1,1,1,1,0.9731,0,0,0,416,111,0.2256,0,0,3,3409.14,0,0.8954,0
1,1,0,1,1.0117,0,0,1,32,2,1.5898,0,0,0,2407.67,0,0.8087,0
1,1,1,1,0.7907,0,0,1,26,46,1.0588,1,1,0,9409.61,0,0.0,1
0,0,0,1,0.9565,0,0,1,77,3,0.9692,1,0,3,7855.35,0,0.8734,0
1,1,1,1,1.0948,0,0,0,1385,51,1.1004,0,0,1,11762.8,0,0.7171,0
1,1,1,1,1.0228,0,0,0,1951,140,0.8072,1,0,1,12876.37,0,0.7983,0
1,1,1,1,0.9847,1,0,0,3265,98,0.3381,1,0,3,21106.07,0,0.9777,0
1,1,1,1,0.9757,0,0,0,3404,35,1.1324,0,0,2,45511.24,0,0.9558,0
1,1,1,1,0.9755,0,0,0,1666,11,0.4983,0,0,0,1112.72,0,0.8284,0
1,1,1,1,0.9758,0,0,0,1971,198,1.3772,0,0,3,30130.51,0,0.7439,0
1,1,1,1,0.8999,0,0,0,1730,82,1.1887,0,0,0,44942.64,0,1.0,0
1,1,1,1,0.9935,0,0,0,1121,112,1.0261,0,0,0,13443.46,0,0.9485,0
0,0,1,1,0.9462,0,1,1,59,34,2.2113,1,1,1,5147.76,0,0.3038,1
1,0,1,1,0.9926,0,0,0,3351,26,0.7847,0,0,3,38978.2,0,1.0,0
0,0,1,1,0.9632,0,0,0,3422,197,0.4875,1,0,3,2141.2,0,0.9086,0
1,1,1,1,0.9655,0,0,0,515,14,0.655,0,0,0,4364.15,0,0.8557,0
1,1,1,1,1.042,0,0,0,1404,35,0.6127,0,0,2,8778.32,0,0.9404,0
0,0,1,1,0.9636,0,0,0,1359,100,0.8528,0,0,0,16445.78,0,0.7841,0
1,1,1,1,0.9252,0,0,0,1763,68,1.1025,0,0,3,4637.83,0,0.8726,0
1,1,1,1,1.081,0,0,0,2524,5,0.6779,0,0,0,13739.92,0,0.7863,0
1,1,1,1,1.0601,0,0,1,71,2,0.364,0,0,3,1282.39,0,0.775,0
1,1,0,1,0.9108,0,0,0,2860,130,0.7969,0,0,0,9420.36,0,0.865,0
1,1,1,1,1.0612,0,0,0,269,25,0.7511,0,0,0,1965.47,0,0.6742,0
1,1,1,1,0.9799,0,0,0,1943,52,1.0018,0,0,0,54229.61,0,0.824,0
1,1,1,1,0.94,0,0,0,1778,164,1.166,0,0,2,7024.13,0,0.7546,0
1,1,1,1,0.9529,0,0,0,819,151,0.6049,0,0,1,44942.42,1,0.81,0
1,1,1,1,1.0976,0,0,1,120,2,1.1085,0,0,0,16625.06,0,1.0,0
1,1,1,1,0.9638,0,0,0,273,172,0.7512,0,0,2,48617.29,0,0.8155,0
1,1,1,1,0.9327,0,0,0,3194,94,0.951,0,0,2,39265.17,0,0.8137,0
1,1,0,1,1.0046,0,0,0,1658,56,0.7242,0,0,3,2422.62,0,0.9616,0
1,1,1,1,1.0288,0,0,0,3077,37,0.8287,0,0,2,10227.81,0,0.8252,0
1,1,1,1,1.0044,0,0,0,585,14,0.4635,0,0,2,9214.85,0,0.9471,0
1,1,1,1,0.9647,0,0,0,1987,19,1.0006,0,0,0,19206.83,0,0.8906,0
1,1,0,1,0.9364,0,0,0,1459,84,0.7316,0,0,2,8561.56,1,0.811,0
1,1,1,1,1.0253,0,0,0,3253,158,1.3599,0,0,3,908.22,0,0.6988,0
1,1,1,1,0.9766,0,0,0,1466,67,1.0828,0,0,2,10176.26,0,0.9562,0
1,1,1,1,0.9673,0,0,0,885,25,1.4772,0,0,3,13696.86,0,0.9069,0
1,1,1,1,1.0387,0,0,0,1113,51,0.7092,0,0,0,30098.52,0,0.9663,0
1,1,1,1,1.0266,0,0,0,2623,164,0.9832,0,0,1,11566.74,0,0.8241,0
1,1,1,1,1.0194,0,0,0,1886,18,0.8767,0,0,1,17357.44,0,0.7961,0
1,1,1,1,0.9936,0,0,0,980,68,1.4888,0,0,2,14305.24,0,0.9059,0
0,0,1,1,0.9502,0,0,0,271,197,1.1066,0,0,1,28763.25,0,0.7102,0
1,1,0,1,0.9674,0,0,0,1610,34,1.2699,0,0,0,8441.93,1,0.9446,0
1,1,1,1,1.0409,0,0,0,2769,15,0.7419,0,0,0,5019.05,0,0.7885,0
1,1,1,1,0.9662,0,0,0,3005,121,1.4571,0,0,3,724.78,0,0.8821,0
1,1,1,1,0.9885,0,0,0,2164,49,1.4603,0,0,1,6579.31,0,0.7813,0
1,1,1,1,0.9784,0,0,0,3245,64,0.8913,0,0,3,18307.4,0,0.748,0
1,1,0,1,1.057,0,0,0,2247,98,0.3535,0,0,1,33480.18,0,0.8029,0
1,0,1,1,1.0523,0,0,0,2622,14,1.6943,0,0,3,18917.89,0,0.8137,0
1,1,1,1,0.8947,0,0,0,2250,56,0.8761,0,0,2,498.39,1,1.0,0
1,1,1,1,1.0637,0,0,0,3469,84,1.1635,0,0,0,15030.96,0,0.7954,0
0,0,1,1,1.0088,0,0,0,479,63,0.4765,0,0,1,10337.36,0,0.6324,0
1,1,1,1,1.1084,0,0,0,1776,96,1.022,0,0,2,27078.11,0,1.0,0
1,1,0,1,0.9991,1,0,0,1367,76,1.1763,1,0,1,30806.21,0,0.8812,0
1,1,1,1,1.0201,0,0,0,1266,85,1.4371,0,0,3,945.97,0,0.6823,0
1,1,1,1,1.0087,0,0,1,88,5,1.5904,0,0,3,2975.35,0,0.8931,0
1,1,1,1,1.0352,0,0,0,1554,93,0.3999,0,0,2,18314.15,0,0.9739,0
1,1,1,1,0.9743,0,0,0,1928,89,1.0851,0,0,3,458.67,0,0.7169,0
1,1,1,1,1.0324,0,0,0,3249,147,0.7013,0,0,1,7617.33,0,0.9094,0
0,0,1,1,1.0735,0,0,0,1889,24,0.9711,0,0,1,20592.38,0,0.8076,0
1,1,1,1,1.0,0,0,0,3423,170,1.0217,0,0,1,16209.89,0,0.7126,0
1,1,1,1,0.9493,0,0,0,786,76,0.9139,0,0,3,2956.62,0,0.7269,0
1,1,1,1,0.9207,0,0,0,2927,170,0.9947,0,0,0,37821.53,0,0.8126,0
1,1,1,1,1.0901,0,0,0,3608,186,0.8173,0,0,3,8295.97,0,0.8382,0
1,1,1,1,1.011,0,0,0,2013,123,0.6422,0,0,2,7282.69,0,0.974,0
1,1,0,1,0.874,0,0,1,124,0,0.801,0,1,0,1100.25,0,0.7176,0
1,1,0,1,1.0224,0,0,1,176,2,0.8638,0,0,1,6129.15,1,0.9013,0
1,1,1,0,1.0078,0,0,1,90,2,0.7387,0,0,1,55889.42,0,1.0,0
1,1,1,1,0.9646,0,0,0,2020,10,1.3017,0,0,1,21388.59,0,0.9572,0
1,1,1,1,1.0901,0,0,0,539,44,0.9519,0,0,1,9245.97,0,0.8657,0
1,1,1,1,0.9705,0,0,0,1867,149,0.5722,1,0,3,24374.31,0,1.0,0
1,1,1,1,0.9639,0,0,0,1115,10,1.0167,0,0,1,26613.11,0,0.9132,0
1,1,0,1,0.9845,0,0,0,1253,24,0.9026,0,0,0,3761.33,0,0.6987,0
1,1,1,1,0.971,0,1,0,817,134,1.0226,0,0,0,4691.13,0,0.8911,0
1,1,1,1,0.9864,0,0,0,2967,161,1.4049,0,0,1,8858.16,0,0.885,0
0,0,1,1,0.9579,0,0,0,2197,195,0.918,0,0,0,6231.92,0,0.9352,0
0,0,0,1,1.0812,0,0,0,2092,115,1.667,0,0,1,7058.99,0,0.8435,0
1,0,1,0,1.0929,0,0,0,191,96,1.1412,0,0,0,1935.45,0,0.9552,0
1,1,1,1,0.9964,0,0,0,2642,18,0.9369,0,0,0,111.48,0,0.861,0
1,1,0,1,1.0194,0,0,0,2654,60,1.3095,0,0,2,1276.86,0,0.8158,0
1,1,1,1,1.0007,0,0,0,2442,28,1.1175,0,0,1,8018.27,0,0.9482,0
1,1,1,1,0.9156,0,0,1,71,5,1.2553,0,0,2,13677.49,0,0.8879,0
1,1,1,1,0.9478,0,0,0,565,59,0.9258,0,0,3,15631.06,0,0.7759,0
0,0,1,1,1.211,1,0,1,64,2,1.4273,0,0,3,8107.49,0,0.5478,1
0,0,1,1,1.0594,0,0,0,1040,80,1.1157,0,0,3,897.24,0,0.9077,0
1,1,1,1,0.9817,0,0,1,32,5,1.4998,0,0,0,30094.2,0,0.8862,0
1,1,1,1,0.963,0,0,0,1801,41,1.003,0,0,2,7821.0,0,0.9086,0
1,1,1,1,1.0101,0,0,1,99,1,0.8726,0,0,2,28017.82,1,0.9061,0
1,1,1,0,0.9598,0,0,0,249,101,0.591,0,0,3,21167.63,0,0.8768,0
1,1,1,1,1.0158,0,0,0,2273,135,1.2234,0,0,0,23542.81,0,0.8446,0
1,1,1,1,1.0638,0,1,0,2504,88,1.1447,0,0,0,1501.31,0,0.7991,0
1,1,1,1,1.0208,0,0,0,591,43,1.2566,0,0,0,12563.09,0,0.7011,0
1,1,1,1,1.0787,0,1,0,478,158,0.9186,0,0,3,22699.6,0,0.8005,0
1,1,1,1,1.1125,0,0,1,118,4,0.5388,1,0,0,13132.97,0,0.6697,0
1,1,1,1,0.85,0,0,0,1413,77,0.4732,0,0,2,505.09,0,1.0,0
1,1,1,1,1.0517,0,0,0,1021,28,0.9508,0,0,0,42594.38,0,0.9349,0
1,1,1,1,1.0412,0,0,0,979,40,0.8449,0,0,0,13157.22,0,1.0,0
0,0,1,1,0.9997,0,0,0,2065,154,0.8842,0,0,3,339.84,0,0.7895,0
1,1,1,1,1.0741,0,0,0,184,137,0.398,0,0,2,5694.86,0,0.8744,0
1,1,1,1,0.9909,0,0,0,215,143,0.9789,0,0,0,8979.36,0,0.8708,0
1,1,0,1,1.0527,0,0,0,3125,37,1.1935,0,0,2,11268.99,0,0.7502,0
1,1,1,1,1.6378,0,0,0,755,41,1.2424,0,0,2,91443.93,1,0.5985,1
1,1,0,1,1.0515,0,1,0,1553,188,1.6664,0,0,1,7856.75,0,1.0,0
1,1,1,1,1.1126,0,0,0,1656,154,0.7775,0,0,0,11878.02,0,0.7557,0
1,1,1,1,1.0281,0,1,0,2365,55,0.9996,1,0,0,931.27,0,0.8777,0
1,1,1,1,1.02,0,1,0,1125,17,0.9454,0,0,2,15274.15,0,1.0,0
1,1,1,1,1.0031,0,0,1,66,3,1.4421,0,0,3,9709.86,0,0.8638,0
0,0,1,1,0.9561,0,0,1,111,1,1.0553,0,0,1,19215.32,0,0.8273,0
1,1,1,1,1.0,0,0,0,1791,122,0.7377,0,0,0,44527.89,0,0.7346,0
1,1,1,1,1.0042,0,0,0,1881,47,0.7109,0,0,1,12863.02,0,0.8531,0
1,1,1,1,0.9343,0,0,0,1243,168,0.7545,0,0,1,12356.93,0,1.0,0
1,1,1,1,1.0244,0,0,0,2867,187,1.2518,0,0,1,3578.43,0,0.891,0
1,1,1,1,1.0423,0,0,1,39,0,0.9751,0,0,2,3994.28,0,0.942,0
1,1,1,1,0.9827,0,0,0,1505,200,1.4502,0,0,2,39537.59,0,0.8094,0
1,1,1,1,1.0166,0,0,0,998,68,1.1952,0,0,1,30084.54,0,0.8157,0
1,1,1,1,0.956,0,0,0,2339,173,0.7861,0,0,1,7006.58,0,0.7939,0
1,1,1,1,0.9557,0,0,0,2264,35,2.001,0,0,2,46798.42,0,0.7725,0
1,1,1,1,0.9768,0,0,0,2565,129,0.2,0,0,2,22500.11,0,0.9141,0
1,1,0,1,0.9258,0,0,1,172,3,0.7666,0,0,0,9136.23,0,0.7892,0
1,1,1,1,1.0233,0,0,0,317,103,0.2788,0,0,2,14695.66,0,0.7575,0
1,1,1,1,0.9656,0,0,0,208,111,0.9951,0,0,3,9603.13,0,0.7094,0
1,1,1,1,1.0569,0,0,0,3589,124,0.9615,0,0,1,7914.07,0,0.9031,0
1,1,1,1,1.0426,0,0,0,2730,36,0.7628,0,0,0,7995.12,0,0.7718,0
1,1,1,1,1.0235,0,0,1,119,4,1.0361,0,0,1,21242.63,0,0.8323,0
1,1,1,1,1.0109,0,0,0,2716,139,1.3053,0,0,3,8896.78,0,0.9372,0
1,1,1,0,1.0402,0,0,0,1530,65,1.225,0,0,2,33452.45,0,0.7216,0
1,1,1,1,1.0135,0,0,0,3475,54,1.1475,0,0,1,13527.6,0,0.8584,0
1,1,1,1,0.9862,0,0,0,3034,41,1.2231,0,1,3,20624.05,0,0.8389,0
1,1,1,1,0.9772,0,0,0,1712,37,0.5798,1,0,3,10513.34,0,0.6801,0
1,1,1,0,1.0003,0,0,0,1706,29,0.394,0,0,1,14995.47,0,0.7768,0
1,1,1,1,0.944,0,0,0,1287,184,0.9377,0,0,3,7605.84,0,0.8972,0
1,1,1,1,1.0622,0,0,0,1656,56,0.347,0,0,3,2523.83,0,0.858,0
1,1,1,1,1.0245,0,0,0,1528,7,1.081,0,0,0,69483.76,0,0.8352,0
1,1,0,1,0.9461,0,0,0,1630,56,0.2,0,0,1,32889.47,0,0.886,0
1,1,1,1,0.9814,0,0,0,1811,122,1.0117,0,0,2,4426.79,0,0.9397,0
1,1,1,1,1.0008,0,0,0,2003,13,0.396,0,0,0,40375.41,0,0.7992,0
1,1,1,1,1.0146,0,0,1,38,5,0.9752,0,0,3,11635.51,0,0.9657,0
1,1,1,1,1.0511,0,0,0,1812,51,1.0023,0,0,1,27086.69,0,0.8753,0
1,1,1,1,0.9747,0,1,0,1645,32,1.109,1,0,2,48376.64,0,0.3526,1
1,1,1,1,1.0475,0,0,0,1573,119,1.0614,0,1,2,16092.78,0,0.8189,0
1,1,1,1,0.9338,0,0,0,2960,148,1.4111,0,0,1,43578.52,0,0.852,0
1,1,1,1,0.9981,0,0,0,2414,106,0.6073,0,0,0,3028.29,0,0.6909,0
1,1,1,1,1.0251,0,0,1,116,3,0.808,0,0,0,2170.32,0,0.8263,0
1,1,1,1,1.055,0,0,0,844,147,0.836,0,0,2,7594.85,0,0.8835,0
1,1,1,1,1.0114,0,0,0,2608,164,0.8567,0,0,2,1564.59,0,0.8199,0
1,1,1,1,0.877,0,0,0,2155,101,1.19,0,0,0,1500.48,0,0.8046,0
1,1,1,1,0.9615,0,0,0,788,11,1.293,0,0,3,2427.04,0,0.7636,0
1,1,1,1,1.0136,0,0,0,2303,43,0.593,0,0,1,46184.68,0,0.8354,0
1,1,0,1,0.9115,0,0,0,2513,191,1.0407,1,0,2,695.04,0,0.9119,0
1,1,1,1,0.9742,0,0,0,1619,151,1.0995,0,0,0,29760.54,0,0.8853,0
1,1,1,1,0.9365,0,0,0,977,74,1.8852,0,0,0,3704.37,0,0.7836,0
1,1,1,1,0.9741,0,0,1,142,0,1.1267,0,0,2,17195.69,0,0.9258,0
1,0,1,1,1.0417,0,0,0,3566,159,0.4418,0,0,2,8176.73,0,0.5826,0
1,1,1,1,1.0171,0,1,0,1047,159,0.8612,0,0,3,7462.99,0,0.8045,0
1,1,1,1,1.0233,0,0,0,3131,41,1.01,0,0,0,1897.51,0,0.9542,0
1,0,1,1,0.9883,0,0,0,1718,134,0.8631,0,0,2,30012.71,0,0.8164,0
1,1,1,1,0.8867,0,0,0,251,164,1.0277,0,0,1,48690.06,0,0.7112,0
1,1,1,1,0.9001,0,0,0,859,85,0.9501,0,0,0,31984.77,0,0.9327,0
1,1,1,1,0.9748,0,0,0,446,97,0.8088,0,1,3,2060.99,0,0.9571,0
1,1,1,1,1.0105,0,0,0,1519,15,1.4002,0,0,3,28950.13,0,1.0,0
1,1,1,1,1.0176,0,1,1,60,3,1.0285,0,0,3,14592.09,0,0.8422,0
1,1,0,1,0.943,0,0,0,1275,36,1.0197,0,0,0,33602.57,0,0.8377,0
1,1,1,1,1.0162,0,0,0,351,118,1.3772,0,0,0,7680.18,0,1.0,0
1,1,1,1,0.9739,0,0,0,1159,159,1.1756,0,0,1,2067.15,0,0.7391,0
1,1,1,1,0.9528,0,0,0,2107,197,1.0624,0,0,1,25329.8,0,0.8461,0
1,1,1,1,1.0478,0,0,0,1415,195,0.6466,0,0,2,13214.89,0,0.7819,0
1,1,1,1,1.0309,0,0,0,954,132,0.5665,1,0,3,4501.5,0,0.7114,0
1,1,1,1,1.0166,0,0,0,2508,92,0.8425,0,0,2,49323.75,0,0.8752,0
1,1,1,1,1.0067,0,1,0,1437,29,1.0003,0,0,1,504.55,0,0.6504,0
1,1,1,1,0.9381,0,0,1,33,5,0.9504,0,0,1,11559.36,0,0.8985,0
1,1,1,1,0.9875,0,0,0,2752,160,1.2901,0,0,0,804.84,0,0.9323,0
1,1,1,1,1.0541,0,0,0,2667,136,1.1078,0,1,2,8748.97,0,0.7885,0
1,1,1,1,1.1453,0,0,1,132,2,1.046,0,0,3,6992.97,0,0.8455,0
1,1,1,1,0.9856,0,0,0,2709,117,1.0749,0,0,0,25580.92,0,0.8519,0
1,1,0,1,0.9756,0,0,0,1999,6,0.9151,0,0,1,13882.84,0,0.7725,0
1,1,1,1,1.0676,0,0,0,2050,147,0.9979,0,0,2,3026.05,0,0.8164,0
1,1,1,1,0.9573,0,0,0,2339,105,0.3775,0,0,2,15330.09,0,0.7502,0
1,0,1,1,1.0446,0,1,1,32,4,0.4267,0,0,3,36394.17,0,0.9504,0
1,1,1,1,1.0374,0,0,0,1992,93,0.9213,0,0,0,8508.4,0,0.9089,0
1,1,1,1,1.0598,0,0,0,1722,153,0.8523,0,0,3,2511.59,0,0.9295,0
1,1,1,1,1.0554,0,1,1,59,2,1.2713,1,0,6,96505.0,0,0.683,1
1,1,1,1,1.0045,0,0,0,3057,115,0.8019,0,0,2,5868.39,0,0.7544,0
1,1,1,1,0.8883,0,0,0,884,74,1.1314,0,0,0,26440.75,0,0.9177,0
1,1,1,1,1.0762,0,0,0,1599,160,0.9129,0,0,1,6920.93,0,0.7952,0
1,1,1,1,0.9314,0,0,0,2425,119,1.2242,0,0,3,31525.12,0,0.8835,0
1,1,1,1,1.0142,0,0,1,101,4,0.755,0,0,3,29376.92,0,0.9146,0
1,1,1,1,1.0468,0,0,0,3538,122,1.2589,0,0,2,25870.62,0,0.8428,0
1,1,1,1,1.006,0,0,1,88,0,0.6825,0,0,3,41116.42,0,1.0,0
1,1,1,1,0.8681,0,0,0,778,178,0.7057,0,1,0,951.52,0,0.8781,0
1,1,1,1,1.0132,0,0,0,2118,88,1.1322,0,0,3,7601.3,0,0.9459,0
1,1,1,0,0.9688,0,0,0,615,119,0.244,0,0,3,1680.58,0,0.8108,0
1,1,1,1,0.9634,0,0,0,365,26,0.7253,0,0,3,20700.78,0,0.9084,0
1,1,1,1,0.9768,0,0,0,2777,44,1.2833,0,0,2,15182.17,0,0.803,0
1,1,0,1,1.0587,0,0,1,17,31,2.1146,1,1,6,95769.59,0,0.4007,1
1,1,1,1,1.0215,0,0,0,741,123,0.3841,0,0,3,31930.3,0,0.8712,0
1,1,1,1,0.9614,0,0,0,2434,85,1.4993,0,0,2,1556.04,0,0.8183,0
1,1,1,1,0.9599,0,0,1,81,5,1.1045,0,0,0,15754.68,0,0.765,0
1,1,1,1,1.044,0,0,0,1391,180,1.2925,0,0,3,11818.9,0,0.9695,0
1,1,1,1,0.9881,0,0,0,1122,134,1.1362,0,0,3,10459.37,0,0.9765,0
1,1,1,1,0.9606,0,0,0,810,101,0.8841,0,0,1,13438.24,0,0.8222,0
1,1,1,1,1.0542,0,0,0,1066,166,1.4194,0,0,3,5838.03,0,0.846,0
1,1,1,1,0.999,0,0,1,119,2,1.1761,0,0,3,20295.06,0,0.9356,0
1,1,1,1,0.95,0,0,0,1756,23,0.9657,0,0,2,20645.13,0,0.6543,0
1,1,1,1,1.0511,0,0,0,614,59,1.337,0,0,0,2833.09,0,0.6566,0
1,1,0,1,1.0077,0,0,1,108,0,0.815,0,1,2,4607.23,0,0.7146,0
1,1,1,1,1.0219,0,0,0,443,18,0.4007,0,0,1,14247.98,0,0.9998,0
1,1,1,1,0.9588,0,1,1,13,1,4.423,0,0,6,63917.02,0,0.931,1
1,1,1,1,0.9938,0,0,0,3377,33,1.5162,0,1,2,39607.32,0,0.8495,0
1,1,1,1,0.9901,0,0,0,2805,141,0.8406,0,0,3,571.15,0,0.9214,0
1,1,1,0,1.0493,0,0,0,1693,158,1.2831,0,0,1,24031.8,0,0.8411,0
1,1,1,1,0.9235,0,0,0,861,23,1.016,0,0,3,13138.26,0,0.9334,0
1,1,1,1,1.1156,0,0,1,135,0,0.6771,0,1,1,21836.59,0,0.6586,0
1,1,1,1,0.9332,0,0,0,856,85,1.2018,1,0,2,7579.11,0,0.971,0
1,1,1,1,0.9377,0,0,0,1598,143,0.994,0,0,2,30030.74,0,0.9823,0
1,1,1,0,1.0913,0,0,0,395,31,1.2888,0,0,3,4577.5,0,1.0,0
1,1,1,1,0.9595,0,0,0,641,131,1.0233,0,0,3,103703.85,0,0.6859,0
1,1,1,1,0.954,0,0,0,2527,128,0.9602,0,0,0,163.08,0,1.0,0
1,1,1,1,1.0232,0,0,0,3580,46,0.9289,0,0,1,3711.24,0,0.8575,0
1,1,1,1,0.9521,0,0,0,273,127,1.1144,0,0,0,7614.69,0,0.8427,0
1,1,1,1,1.0274,0,0,1,48,1,0.8418,0,0,0,261.63,0,0.7038,0
0,0,1,1,1.0479,0,0,0,2466,52,1.1177,0,0,3,4446.93,0,0.7869,0
1,1,1,1,0.9382,0,0,0,330,41,0.438,0,0,0,9305.31,0,0.9394,0
1,1,1,1,0.9479,0,0,0,944,189,0.9017,0,0,0,1230.95,0,0.8343,0
1,1,1,1,1.0113,0,0,1,158,0,1.2046,0,0,0,39816.47,0,0.6613,0
1,1,1,1,1.0428,0,0,0,2546,191,1.2494,0,0,3,44744.09,0,0.6801,0
1,1,1,1,0.979,0,0,0,1058,75,0.9955,0,0,3,19091.55,0,0.803,0
1,1,1,1,1.0695,0,0,0,2709,12,0.9073,0,0,3,29663.03,0,0.7329,0
0,0,1,1,1.0553,0,0,0,2104,178,1.2459,0,0,3,554.55,0,0.9787,0
1,1,1,1,0.9194,0,0,0,1497,132,0.9336,0,0,0,34310.69,0,0.7853,0
1,1,0,1,0.9997,0,0,0,785,45,0.9536,0,0,1,29.23,0,0.9503,0
1,1,1,1,1.0103,0,0,0,3334,7,0.5018,0,0,1,3476.53,0,0.8893,0
0,0,1,0,1.0918,0,0,0,643,133,0.242,1,0,3,38142.93,0,0.7782,0
1,1,1,1,1.0951,0,0,0,2726,34,0.9423,0,0,0,7153.55,0,0.6253,0
1,1,1,1,1.0734,1,0,0,1884,117,0.9205,0,0,1,33714.96,0,0.8703,0
1,1,1,1,1.0781,0,0,0,2435,39,0.9164,0,0,0,9080.02,0,0.9683,0
1,1,1,1,1.047,0,0,1,164,1,1.6197,0,0,0,50145.94,0,0.8412,0
1,1,1,0,0.9616,0,0,0,1409,55,0.7583,0,0,1,21247.52,0,0.7842,0
1,1,1,1,1.0019,0,0,0,861,135,1.5078,0,0,0,13141.52,0,0.7394,0
1,1,1,1,1.0667,0,0,0,1987,37,0.513,0,0,2,3560.73,0,0.7507,0
1,1,1,1,1.0734,0,0,0,465,198,1.6857,0,0,0,10355.58,1,0.7689,0
1,1,1,1,0.9037,0,0,0,2268,18,0.8295,0,0,3,3896.77,0,1.0,0
1,1,1,1,1.0448,0,0,1,167,3,0.2083,0,0,3,4208.93,0,0.9197,0
1,1,0,1,1.084,0,0,0,3505,156,0.9749,0,0,3,1503.76,0,0.8719,0
1,1,1,1,0.9871,0,0,1,128,2,1.3165,0,0,2,4606.45,0,0.804,0
1,1,1,1,1.0983,0,0,0,1123,124,1.2139,0,0,3,85677.81,0,0.7431,0
1,1,1,1,0.9449,0,0,0,2878,55,0.934,0,0,3,8562.35,0,0.9522,0
1,1,1,1,1.0133,0,0,1,65,2,0.9849,0,0,1,18498.64,0,1.0,0
0,0,1,1,0.9785,0,0,0,3509,121,1.0109,0,0,2,5705.49,0,0.6982,0
1,1,1,1,1.0257,0,0,0,3594,61,1.4267,0,0,2,18066.67,0,0.8693,0
1,1,1,1,1.0359,0,0,0,1057,96,0.8073,0,0,3,14326.32,0,0.9011,0
1,1,1,1,0.9597,0,0,0,2064,161,0.9772,0,0,0,12524.41,0,0.89,0
1,1,1,1,1.042,0,0,0,1258,131,0.9023,0,0,1,1452.74,0,1.0,0
1,1,1,1,0.9258,0,0,0,942,55,0.5435,0,0,2,3903.58,0,0.9452,0
1,1,1,1,0.8778,0,0,0,893,157,0.9465,0,0,0,1228.06,0,0.925,0
1,1,0,1,0.9557,0,0,0,796,58,1.042,0,0,1,13225.3,0,0.8685,0
1,1,1,0,0.9639,0,0,0,653,196,1.1667,0,0,3,8895.24,0,1.0,0
1,1,1,1,0.9817,0,0,0,1087,8,1.1231,0,0,3,20670.0,0,0.8177,0
1,1,1,0,0.979,0,0,0,2150,143,1.248,0,0,1,7860.08,0,0.8497,0
1,1,1,1,0.9841,0,0,0,3405,88,0.9373,0,0,3,20314.23,0,0.8334,0
1,1,1,1,1.0566,0,0,0,1679,84,0.5766,0,0,2,26955.92,0,0.9172,0
1,1,0,1,0.9796,0,0,0,1443,118,0.868,0,0,1,7587.42,0,0.9691,0
1,1,1,1,0.9452,0,0,0,2813,177,0.4838,0,0,3,115.79,0,0.775,0
1,1,1,1,1.0625,0,0,0,3155,89,1.1908,0,0,2,16351.2,0,0.8585,0
1,1,1,1,0.902,0,0,0,1487,54,0.7964,0,0,0,12932.8,0,0.6026,0
1,1,1,1,1.0452,0,0,0,806,71,0.827,1,0,2,6830.06,0,0.9014,0
1,1,1,1,0.9798,0,0,0,1977,165,1.3118,0,0,3,24590.64,0,0.663,0
1,1,1,1,1.0085,0,1,0,358,5,1.3049,1,0,0,9678.89,0,1.0,0
1,1,1,1,1.0272,0,0,0,814,172,1.0297,0,0,1,17842.38,0,0.9396,0
1,1,1,1,0.9799,0,0,0,3170,83,1.5747,0,0,3,17593.13,0,0.741,0
1,1,1,1,0.9966,0,0,0,2947,108,0.9507,0,0,2,23901.79,0,0.8037,0
1,1,1,1,0.9519,0,0,0,300,198,0.8921,0,0,2,20924.81,0,0.8507,0
1,1,1,1,0.9841,0,0,0,2862,84,1.2629,0,0,1,9655.81,0,0.8341,0
1,1,1,1,1.0801,0,0,0,3423,15,0.8999,0,0,0,4251.19,0,0.7717,0
1,1,1,1,1.0132,0,0,0,821,136,1.0462,0,0,2,34814.25,0,0.7993,0
1,1,1,1,1.0089,0,0,0,467,139,0.9833,0,0,3,11574.2,0,0.7814,0
1,1,1,1,0.9469,0,0,0,1725,63,0.5093,0,0,0,16980.26,0,0.7449,0
1,1,1,1,1.0939,0,0,0,3356,186,0.8023,0,0,0,1606.87,0,0.8525,0
1,1,1,0,0.9531,0,1,0,1470,104,1.1869,0,0,2,2641.26,0,0.8592,0
1,1,0,1,1.0207,0,0,0,2703,197,1.2982,0,0,1,4034.77,0,0.7452,0
1,1,1,1,1.12,0,0,0,2972,89,0.7285,0,1,0,8596.84,0,0.7369,0
1,1,1,1,0.9869,0,0,0,1612,15,0.9287,0,0,3,120.95,0,0.9178,0
1,1,1,1,0.9991,0,0,0,3404,22,1.5109,0,0,1,5811.52,0,0.8724,0
1,1,1,1,1.0504,0,0,0,1490,39,0.9835,0,0,1,19377.73,0,0.7273,0
1,1,1,1,1.0141,0,0,0,897,133,0.7053,0,1,0,9872.83,0,0.8456,0
1,1,1,1,0.9638,0,0,0,2837,112,1.1489,0,0,2,8414.77,0,0.9837,0
1,1,1,0,0.963,0,0,0,378,100,0.7108,0,0,2,52086.7,0,0.8842,0
1,1,1,1,0.964,0,0,0,1447,71,1.0002,0,0,3,1189.63,0,0.6424,0
1,1,1,1,1.013,0,0,0,1016,59,1.1146,0,0,2,1913.11,0,0.7823,0
1,1,1,1,1.0117,0,0,0,2986,144,1.0862,0,0,1,20274.49,0,0.9464,0
1,1,1,1,1.0216,0,0,0,3600,137,0.682,0,0,0,14948.16,1,0.9407,0
1,1,1,1,1.7698,0,1,0,1982,22,0.3245,0,0,0,5084.66,0,0.8525,1
1,1,1,1,1.0589,0,0,0,2782,15,0.7885,0,0,2,19082.99,0,0.7418,0
1,1,1,1,0.9242,0,0,1,123,1,1.0689,0,0,1,4261.13,0,0.8545,0
1,1,1,1,1.0775,0,0,0,2625,142,1.1859,1,0,3,11537.71,0,0.9226,0
1,1,1,1,0.9791,0,0,0,1083,163,1.4305,0,0,3,4317.39,0,0.8227,0
1,1,1,1,0.9418,0,0,0,951,14,1.1776,0,0,3,17892.87,0,0.872,0
1,1,1,1,0.9195,0,0,0,726,23,0.8973,0,0,3,10000.4,0,0.8517,0
1,1,1,1,1.0168,0,0,0,607,7,1.3993,0,0,2,54669.23,0,0.7609,0
1,1,1,1,1.035,0,0,0,838,94,0.7832,0,0,3,4590.76,0,0.9566,0
1,1,1,1,1.0242,0,0,0,2064,101,1.0808,0,0,0,24430.89,0,0.8361,0
1,1,1,1,0.979,0,0,0,3562,130,1.1497,0,0,2,23635.45,0,0.8399,0
1,1,1,1,1.0121,0,0,0,1152,14,0.8118,0,0,3,14498.01,0,0.7283,0
0,0,1,1,0.8709,0,0,0,3041,27,0.7352,0,0,1,24742.44,0,0.8625,0
1,1,1,1,1.0487,0,0,0,3148,163,0.9794,0,0,1,13384.87,0,0.8716,0
1,1,0,1,1.0457,0,0,0,1793,70,1.2727,0,0,2,43899.96,0,0.9123,0
1,1,1,1,1.067,0,0,0,2828,35,1.1238,0,0,2,11614.85,0,0.741,0
1,1,1,1,0.9716,0,0,1,123,3,1.1685,0,0,3,1567.36,0,0.8088,0
1,1,1,1,1.0007,0,0,0,1304,50,0.6998,0,0,0,4967.84,0,0.903,0
1,1,1,1,0.9459,0,0,0,2707,55,0.753,0,0,2,10316.89,0,0.8668,0
1,1,1,1,1.0024,0,0,0,2909,110,0.8049,0,0,1,7743.0,0,0.8402,0
1,1,1,1,1.0435,0,0,0,1241,151,1.1463,0,0,0,3904.2,0,0.8177,0
1,1,1,1,1.0396,0,0,0,1829,7,0.7197,0,0,1,19067.99,1,0.6686,0
1,1,1,1,0.9869,0,0,0,1958,100,1.2653,0,0,0,188.52,0,0.9268,0
1,1,0,1,1.0081,0,0,0,2876,137,1.6839,0,0,1,17088.01,0,0.8288,0
1,1,1,1,0.9406,0,0,0,3284,195,0.9275,0,0,0,19066.35,0,0.9908,0
1,1,1,1,0.9796,0,0,0,2541,120,1.4974,0,0,0,6018.87,0,0.9406,0
1,1,1,1,0.9601,0,0,0,1532,178,0.9474,0,0,2,13495.53,0,0.8559,0
1,1,1,1,0.9229,0,0,0,2988,164,0.9884,0,0,0,916.59,0,0.8762,0
1,1,1,1,0.9603,0,0,0,692,75,0.8514,0,0,3,8126.92,0,0.7593,0
1,1,1,1,1.0363,0,0,0,1276,181,1.0941,0,0,0,49268.99,0,0.7252,0
1,1,1,1,1.0655,0,0,0,3347,185,0.7948,0,0,3,21039.12,0,0.875,0
1,1,1,1,0.9625,0,0,0,391,109,1.0169,0,0,1,8723.95,0,0.648,0
1,1,1,1,1.0053,0,0,0,1290,150,0.5331,0,0,2,937.57,0,0.9371,0
1,1,1,1,0.968,0,0,0,3376,107,0.8376,0,0,3,5716.07,0,0.9698,0
1,1,0,1,0.9166,0,0,0,2956,106,0.7655,0,0,1,30355.93,0,0.838,0
1,1,1,1,1.099,0,0,0,3476,191,1.1114,0,0,3,2444.45,0,0.9261,0
1,1,1,0,1.0128,0,0,0,1231,13,1.2681,0,0,2,17286.41,0,0.8191,0
1,1,1,1,0.9434,0,0,1,52,1,0.6856,0,0,0,7723.23,0,0.9614,0
1,1,1,1,0.9652,0,1,0,3142,143,0.7499,0,0,1,17807.91,0,0.599,0
1,1,1,0,0.9657,0,0,0,590,98,1.1279,0,0,0,11535.1,0,0.812,0
1,1,1,1,0.9819,0,0,0,2239,86,1.2601,0,0,0,5760.2,0,0.7921,0
1,1,1,1,0.9142,0,0,0,2256,110,1.0519,0,0,3,1851.23,0,0.8848,0
1,1,1,1,1.0288,1,0,0,1340,73,0.8262,0,0,1,5346.94,0,0.8883,0
1,1,1,1,1.0062,0,0,0,1657,118,1.0777,0,0,1,18561.47,0,0.9733,0
1,1,1,1,0.9739,0,0,0,2773,11,0.7131,0,0,1,497.66,0,0.7431,0
1,1,1,1,1.0602,0,0,0,840,195,1.0814,0,0,1,4508.05,0,0.8561,0
1,1,1,1,0.9233,0,0,0,250,46,1.0993,0,0,3,5913.85,0,0.6302,0
1,1,1,1,1.0831,0,0,0,1406,71,1.1016,0,0,1,16798.1,0,0.8636,0
1,1,1,1,1.1116,0,0,0,3247,127,0.691,0,0,1,38665.59,0,0.6497,0
1,1,1,1,1.056,0,0,0,610,42,1.1034,0,0,2,22594.01,0,0.7474,0
1,1,1,1,0.9872,0,0,0,1929,77,1.1479,0,1,1,15893.08,0,0.6754,0
1,1,1,1,1.064,0,0,0,1290,173,0.8697,0,0,1,30098.8,0,0.6447,0
1,1,1,1,0.9706,0,0,1,166,3,1.6667,0,0,2,514.95,0,0.7829,0
1,1,1,1,0.9371,0,0,0,3121,41,0.4734,0,0,2,19577.24,0,0.8835,0
1,1,1,0,0.9592,0,0,0,517,145,0.8679,0,0,1,2586.68,0,0.6949,0
1,1,1,1,1.0646,0,0,0,3314,196,0.5853,0,0,2,23982.05,0,0.949,0
1,1,1,1,0.9775,0,0,0,3351,126,0.8314,0,0,1,59716.15,0,1.0,0
1,1,1,1,1.0183,0,0,0,2639,65,0.852,0,0,1,2625.39,1,0.8512,0
1,1,0,1,0.9566,0,0,0,2393,130,0.9627,0,0,2,605.37,0,1.0,0
1,1,0,1,1.0082,0,0,0,3566,195,0.4734,0,0,3,18461.51,0,0.7007,0
1,1,1,1,1.0309,0,0,0,3356,172,0.9894,0,0,3,6375.74,0,0.866,0
1,1,1,1,1.1055,0,0,1,31,1,2.3445,0,1,9,126830.99,1,0.5486,1
1,1,0,1,1.0201,0,0,0,3068,25,1.4213,0,0,3,30177.78,0,0.8065,0
1,1,1,1,0.8904,0,0,0,1682,67,1.3477,1,0,2,2576.89,1,0.8891,0
1,1,1,1,0.9717,0,1,0,276,190,0.7139,0,0,2,8703.01,0,0.9522,0
1,1,1,1,0.9715,0,0,0,1004,184,0.9078,0,0,2,6129.44,0,0.826,0
1,1,1,1,1.0801,0,0,0,3573,112,1.0322,1,0,0,10275.73,0,0.8562,0
1,1,1,1,0.9875,0,0,1,112,3,0.6648,0,0,1,8496.35,0,0.8235,0
1,1,1,1,1.0499,0,0,0,190,64,0.5576,0,0,0,13257.98,0,0.9106,0
1,1,1,1,0.9482,0,0,0,3475,126,0.4697,0,0,0,19231.88,0,0.8308,0
1,1,1,1,1.0019,0,0,0,1567,200,0.836,0,0,2,5152.41,0,0.9901,0
1,1,1,1,0.9407,0,0,0,3338,31,1.3002,0,0,2,46146.22,0,0.9166,0
1,1,1,1,0.9789,0,0,0,334,188,0.7852,0,0,0,13633.33,0,0.9094,0
1,1,1,1,0.9379,0,0,0,748,169,0.7975,0,0,1,32569.44,0,0.7923,0
1,1,1,1,1.0072,0,0,0,2991,95,0.7857,0,0,0,42292.44,1,0.9108,0
1,1,1,1,0.9157,0,0,0,1098,111,0.7728,0,0,3,23433.08,0,0.7925,0
1,0,1,1,0.9943,0,0,0,210,97,1.1696,0,0,2,6149.37,0,0.8138,0
1,1,1,1,1.0987,0,0,0,1229,53,1.2401,0,0,0,37517.34,0,0.9485,0
1,1,1,1,1.0006,0,0,0,2879,181,1.071,0,0,1,10643.66,0,0.7763,0
1,1,1,1,0.9603,0,0,1,131,0,1.2759,0,0,3,2234.28,0,0.8481,0
1,1,1,1,0.9139,0,0,0,1948,12,1.3894,0,0,1,25232.21,0,0.6645,0
1,1,1,1,1.0443,0,0,1,88,3,0.6675,1,0,1,18423.47,0,0.8237,0
0,0,1,1,1.2118,0,1,1,36,1,1.7877,1,1,2,179850.92,0,0.5538,1
1,1,1,1,0.9814,0,0,0,2564,72,1.118,0,1,0,12177.75,0,0.9023,0
1,1,1,1,1.0153,0,0,0,2810,78,0.7681,0,0,1,8375.75,0,0.718,0
1,1,1,1,1.0306,0,0,0,2463,196,1.5542,0,1,1,2842.9,0,0.6049,0
0,0,1,0,1.0846,0,0,1,26,1,3.5711,0,0,4,21010.13,0,0.6549,1
1,1,1,1,1.0165,0,0,0,2593,175,0.4704,0,0,3,3935.45,1,0.8718,0
0,0,1,1,0.9979,0,0,0,1929,178,1.1455,0,0,2,33999.68,0,0.8655,0
1,1,1,1,0.9003,0,0,0,333,81,1.2886,1,0,3,6958.29,0,0.9367,0
1,1,1,1,0.9319,0,0,0,2250,92,0.6173,0,0,1,136.31,0,0.8094,0
1,1,1,1,0.9845,0,0,0,880,115,1.3162,0,0,0,3894.09,0,0.8951,0
1,1,1,1,1.0763,0,0,0,689,97,1.3048,0,1,1,63430.99,0,0.7377,0
1,1,1,1,1.0597,0,0,0,2312,80,1.016,0,0,0,5789.42,0,0.8334,0
1,1,1,1,1.0181,0,0,0,1398,164,0.9213,0,0,0,10603.59,0,0.9146,0
1,1,1,1,0.9918,0,0,0,720,179,1.1459,0,0,0,251.94,0,0.8468,0
1,1,1,1,1.0035,0,0,0,758,102,0.8581,0,0,2,21228.84,0,0.8206,0
1,1,1,0,0.9103,0,0,0,2191,83,1.3218,0,0,1,4178.47,0,0.9052,0
1,1,1,1,1.0359,0,0,0,1568,166,1.1806,0,0,2,11151.3,0,0.8787,0
0,0,1,1,0.973,0,0,0,1215,114,0.8711,0,0,0,36.47,0,1.0,0
1,1,1,1,1.0382,0,0,0,1407,88,1.1621,0,0,2,15230.93,0,0.8472,0
1,1,1,1,1.0058,0,0,0,441,66,1.4586,0,0,3,1789.46,0,0.9002,0
1,1,1,1,1.0268,0,0,0,3223,15,1.0935,0,0,1,8688.59,0,0.8609,0
1,1,1,1,1.0252,0,0,0,1685,155,1.0967,0,0,3,52020.92,0,0.9466,0
1,1,1,1,1.0419,0,0,0,1284,44,0.8583,0,0,1,1640.63,0,0.7416,0
1,1,1,1,1.0606,1,0,0,1607,21,1.3927,1,1,0,23388.53,0,0.4782,1
1,1,1,1,1.0062,0,0,0,1815,111,0.9012,0,1,3,58234.93,0,0.84,0
1,1,1,1,1.0529,0,0,1,37,3,1.2777,1,0,3,573.67,0,0.8557,0
1,1,1,1,0.9721,0,0,0,592,44,1.1388,0,0,2,15607.9,0,0.9268,0
1,1,1,1,0.9565,0,0,0,3219,66,0.9708,0,0,3,27682.19,0,0.8587,0
1,0,1,1,0.9616,0,0,0,3610,139,1.0315,0,0,1,2079.43,0,0.8541,0
1,1,1,1,0.9639,0,0,0,2161,34,0.502,0,0,3,7061.95,0,0.9316,0
1,1,1,1,0.9822,0,0,0,2564,129,1.2836,0,0,2,1623.99,0,0.7196,0
1,1,1,1,0.9492,0,0,1,176,2,0.7583,1,0,0,28909.31,0,0.7798,0
1,1,1,1,0.9643,0,0,0,289,111,0.8855,0,0,3,526.9,0,0.9243,0
1,1,1,1,0.9909,0,1,0,2020,194,0.5669,0,0,0,49.31,0,0.9681,0
1,1,1,1,1.0769,0,0,0,3245,196,1.1093,0,0,0,10374.5,0,0.7705,0
1,1,1,1,1.0765,0,0,1,54,5,1.0268,1,0,1,42722.39,0,0.9034,0
1,1,1,1,0.9177,0,0,0,2480,147,1.2853,0,0,3,16947.93,0,0.803,0
1,1,1,1,0.9309,0,0,0,2140,196,1.0001,0,0,0,17156.94,0,0.9611,0
1,1,1,1,1.0916,0,0,0,1897,86,1.2861,0,1,2,602.0,0,1.0,0
1,1,1,1,1.0267,0,0,0,1477,76,0.6697,0,0,1,35130.3,0,0.9216,0
1,1,1,1,0.931,0,0,0,432,146,0.7225,0,0,2,1775.91,0,0.8766,0
1,1,1,1,1.0531,0,0,0,1394,30,0.8534,0,0,3,11816.96,0,0.7847,0
1,1,1,1,1.0408,0,0,0,899,36,1.0685,0,0,3,8764.16,0,0.8202,0
1,1,1,1,0.9771,0,0,0,2571,113,0.7295,0,0,1,2452.96,0,0.719,0
1,1,1,1,1.028,0,0,0,1698,184,0.8179,0,0,1,2836.88,0,0.8869,0
1,1,1,1,1.0489,0,0,0,2648,81,1.0944,0,0,1,1304.2,0,0.8543,0
1,1,1,1,0.9343,0,0,0,3634,21,0.8822,0,0,0,326.47,0,0.8302,0
1,1,1,0,1.0325,0,0,0,282,36,0.5303,0,0,1,17061.02,0,0.9392,0
1,1,1,1,1.0719,0,0,0,684,18,1.0419,0,0,0,42684.01,0,0.7955,0
1,1,1,1,0.9884,0,0,0,2026,146,0.8746,0,0,2,34906.91,0,0.9157,0
0,0,0,1,1.0203,0,0,1,96,4,0.9376,0,0,0,32817.48,0,0.7623,0
1,1,1,1,0.8814,0,0,0,348,129,1.062,0,0,2,25534.65,0,0.939,0
1,1,1,1,0.925,0,0,1,72,5,0.6393,0,0,3,6694.5,0,0.8446,0
1,1,1,1,1.092,0,0,0,960,9,1.1217,0,0,3,24781.31,0,0.7676,0
1,1,1,1,1.0136,0,0,0,1414,165,0.7474,0,0,1,12677.06,0,0.833,0
1,1,1,1,0.981,0,0,0,1924,6,0.8689,0,0,1,16729.52,0,0.7349,0
1,1,1,1,1.0416,0,0,0,3212,7,0.9709,0,0,3,2692.2,0,0.994,0
1,1,0,1,1.1251,0,0,1,21,0,2.0198,1,1,7,3858.8,0,0.6658,1
1,1,1,1,1.0381,0,0,0,1070,174,1.3597,0,0,0,32159.56,0,0.8684,0
1,1,0,0,1.0263,0,0,0,1922,20,1.2649,0,0,2,2041.1,0,0.6363,0
1,1,1,1,0.9756,0,0,0,285,40,0.8706,0,0,0,33376.12,0,0.7677,0
1,1,1,1,1.0162,0,0,1,51,3,0.8543,0,0,0,13957.47,0,0.8895,0
0,0,1,1,0.9982,0,0,0,685,169,0.7842,0,0,0,24.48,0,0.7861,0
0,0,1,1,0.9926,0,0,0,490,179,0.7198,0,0,2,11706.71,0,0.875,0
1,1,1,1,1.0296,0,0,0,231,30,0.5948,0,0,0,1419.55,0,0.8377,0
1,1,1,1,1.0368,0,0,0,828,180,1.2507,0,0,3,17595.45,0,0.8452,0
1,1,1,1,1.0169,0,0,0,3436,151,1.4447,0,0,2,12032.23,0,0.7616,0
0,0,1,1,0.9563,0,0,1,64,5,1.3855,0,0,1,20458.61,0,0.8132,0
1,0,1,1,0.9361,1,0,0,2025,178,0.5665,0,0,1,2776.84,0,0.9287,0
1,1,1,1,1.0253,0,0,0,1741,188,1.424,0,0,2,3684.9,0,0.9316,0
1,1,1,1,0.9365,0,0,0,505,188,1.234,0,0,0,25250.96,0,0.8182,0
1,1,1,1,1.0189,0,0,0,3170,24,0.7735,0,0,0,52185.21,0,1.0,0
1,1,0,1,0.9772,0,0,0,2507,50,1.2988,0,0,0,8765.44,0,0.6658,0
1,1,1,1,0.9953,0,0,0,451,42,1.1856,0,0,0,6417.46,1,0.8066,0
1,1,1,1,0.9987,0,0,0,551,36,0.654,0,0,3,1219.56,0,0.782,0
1,1,1,1,1.0127,0,0,0,2731,196,1.6978,1,0,3,771.56,0,0.7282,0
1,1,1,1,1.0428,0,0,0,3092,136,0.8839,0,0,1,35054.44,0,0.8994,0
1,1,1,1,1.0424,0,0,0,2985,120,0.8956,0,0,3,75161.63,0,0.8919,0
1,1,1,1,0.9373,0,0,0,3183,85,1.009,0,0,3,15890.83,0,0.7437,0
1,1,1,1,1.0119,0,0,0,2876,82,0.5682,0,0,1,2104.34,0,0.56,0
1,1,1,1,0.9809,0,0,0,3635,175,1.0489,0,0,1,6786.86,0,0.7908,0
1,1,1,1,1.0058,0,0,0,2012,8,1.388,0,0,0,9079.42,0,0.7272,0
1,1,1,1,1.0401,0,0,0,2258,152,1.2151,0,0,1,6605.47,0,0.9749,0
1,1,1,1,1.2568,0,1,0,1928,42,3.734,0,0,7,39239.41,0,0.5303,1
1,1,1,1,0.9334,0,0,0,1914,5,0.9008,0,0,2,10454.77,0,0.958,0
1,1,1,1,0.9999,0,0,0,1854,134,0.8041,0,0,3,6524.45,0,0.7087,0
1,1,1,1,1.047,0,0,0,1205,67,1.2342,0,0,0,9549.37,0,0.9698,0
0,0,1,0,1.1101,0,0,0,1426,176,1.1376,0,0,3,4270.71,0,0.8503,0
1,1,1,1,0.9683,0,0,1,108,5,0.3304,0,0,2,55913.51,0,0.9058,0
1,1,1,1,1.0615,0,0,0,265,22,0.8907,1,0,0,73837.82,0,0.9453,0
1,1,1,1,1.0443,0,0,0,2531,16,0.9271,0,0,1,4519.9,0,0.8144,0
1,1,1,1,1.1331,0,0,1,67,0,0.9631,0,0,0,35878.77,0,1.0,0
1,1,0,1,1.0214,0,0,0,688,106,1.2738,0,0,2,4220.92,0,1.0,0
1,0,0,1,1.0814,0,0,0,2599,17,1.2413,0,1,2,13616.9,0,0.8558,0
1,1,1,1,1.3353,0,0,1,6,2,0.9942,1,0,6,86003.73,1,0.3097,1
1,1,1,1,0.9761,0,0,0,3186,139,1.1907,0,0,1,7678.13,0,1.0,0
1,1,1,1,0.9424,0,0,0,287,174,1.2278,0,0,2,1696.77,0,0.7891,0
1,1,1,1,0.9666,0,0,1,121,4,0.4557,0,0,0,27543.83,0,0.7113,0
1,1,1,1,1.0174,0,0,0,1017,136,0.8936,0,0,1,15346.53,0,0.8708,0
1,1,1,1,1.0583,0,0,0,3504,109,0.7425,0,0,1,7790.07,0,0.7821,0
1,0,1,1,1.0069,0,0,0,3364,60,0.7523,0,0,0,13938.49,0,0.9243,0
1,1,1,1,1.0246,1,0,0,690,9,1.3994,0,0,1,785.08,0,0.902,0
1,1,1,1,1.0413,0,0,0,2882,163,1.0189,0,0,0,6116.11,0,0.9141,0
1,1,1,1,0.9516,0,0,1,111,1,0.6531,0,0,3,4674.93,0,0.8791,0
1,1,0,1,0.9775,0,0,0,299,116,1.4195,1,0,0,9372.57,0,0.8394,0
1,1,1,1,0.9259,0,0,0,983,25,1.3605,0,0,3,3606.68,0,0.8035,0
0,0,1,1,1.0173,0,1,1,91,2,1.3272,0,0,2,1209.62,0,0.8323,0
0,0,1,1,1.0219,0,0,0,1340,21,1.5016,0,0,0,2938.91,0,0.749,0
1,1,1,1,0.9222,0,0,0,1498,40,0.8532,0,0,0,2466.42,0,0.8635,0
0,0,1,1,0.9395,0,0,0,1968,130,1.2769,1,0,1,2680.97,0,0.9041,0
1,1,1,1,1.0745,0,0,0,3530,47,1.1032,0,0,1,15004.78,0,0.763,0
1,1,1,1,1.0351,0,0,0,3377,182,0.8229,0,0,0,38795.82,0,0.8289,0
1,1,1,1,1.0584,0,0,0,2227,40,0.751,0,0,1,234.77,0,0.6857,0
1,1,1,1,0.9854,0,0,0,3275,30,0.9068,0,0,2,26905.98,0,0.7371,0
1,1,1,1,0.9668,0,0,0,1097,113,0.9526,0,0,0,50391.52,0,0.82,0
1,1,1,1,0.989,0,0,1,74,4,0.8744,0,0,3,1967.17,0,0.9147,0
1,1,1,1,0.8775,0,0,0,3128,23,0.7277,1,0,1,19373.62,0,0.892,0
1,1,1,1,0.9835,0,0,0,2164,5,1.7984,0,0,1,26481.79,0,0.8592,0
1,1,1,1,0.9895,0,0,0,3321,49,1.1974,0,0,0,10518.72,0,0.8306,0
1,1,1,1,1.0311,0,0,0,228,166,0.7249,0,0,3,9573.24,0,0.9511,0
0,0,1,1,1.0811,0,0,1,139,2,1.1532,0,0,3,13131.47,0,0.9376,0
1,1,1,1,1.0871,0,0,1,29,1,6.3074,0,0,2,4306.44,0,0.399,1
1,1,1,1,0.9711,0,0,0,2700,64,1.2245,0,0,2,28661.43,0,0.6979,0
1,1,1,1,1.061,0,0,0,2765,96,0.8847,0,0,0,859.6,0,0.8358,0
1,1,1,1,1.0468,0,0,0,3022,67,0.9695,0,0,0,13995.18,0,0.811,0
1,0,1,1,0.9658,0,0,0,1828,186,2.0526,0,0,3,5226.79,0,0.9721,0
1,1,1,1,1.0273,0,0,0,2830,47,0.67,0,0,3,10892.35,0,0.8737,0
1,1,0,1,1.0313,0,0,1,122,1,1.1953,0,0,1,14526.96,0,0.8106,0
1,1,0,1,0.9619,0,0,0,2945,140,1.1027,0,0,1,8252.05,0,1.0,0
1,1,1,1,1.0348,0,0,1,86,3,0.7118,0,0,2,6336.74,0,0.8784,0
1,1,1,1,0.9976,0,0,0,1301,160,1.365,0,0,0,25885.03,0,0.9442,0
1,1,1,1,1.0,0,0,0,1943,117,0.791,1,0,2,16862.41,0,0.8927,0
1,1,1,1,0.8941,0,0,0,754,52,1.1563,0,1,3,2918.54,0,0.8889,0
1,1,1,1,1.0164,0,0,0,2619,77,0.8777,0,0,0,37677.82,0,1.0,0
1,1,1,0,0.9508,0,0,0,2214,23,1.1835,0,0,3,9685.23,0,0.7555,0
0,0,1,1,0.9984,0,0,0,2111,86,1.1763,0,0,3,19531.37,1,0.8587,0
1,1,1,1,1.0078,0,0,0,3226,99,0.8738,0,0,0,6112.1,0,0.9103,0
1,1,1,0,1.0202,0,0,0,988,11,1.0704,0,0,1,29746.13,0,0.8728,0
1,1,1,1,0.9355,0,0,0,307,58,1.4247,0,0,1,32741.51,0,0.8833,0
1,1,1,1,0.9926,0,0,0,2380,104,1.3418,0,0,3,316.59,0,0.8567,0
1,1,1,0,0.9877,0,0,1,133,1,0.9479,0,0,1,48347.27,0,0.6905,0
1,1,0,1,1.0352,0,0,0,2880,82,0.8094,1,0,2,6169.78,0,0.9454,0
1,1,1,1,1.0074,0,0,0,1323,65,0.7113,0,0,1,17081.98,0,0.8722,0
1,1,1,1,0.9673,0,0,0,2239,40,1.0381,0,0,3,17582.61,0,0.8508,0
1,1,1,1,1.0075,0,0,0,182,133,0.9887,0,0,2,5882.59,0,0.9537,0
1,1,1,1,1.0366,0,0,0,537,38,1.153,0,0,3,22783.45,0,0.9345,0
0,0,1,1,1.0794,0,0,0,701,15,1.2771,0,0,3,17599.97,0,0.7168,0
1,1,0,1,1.0614,0,0,0,1253,55,1.1536,0,0,1,2435.38,0,0.8627,0
1,1,1,1,0.948,0,0,0,3472,21,0.9036,0,0,1,5587.71,0,0.7832,0
1,1,1,0,1.046,0,0,0,1027,27,0.47,0,0,0,9059.31,0,0.7257,0
1,1,1,1,1.0033,0,0,0,2126,156,1.0481,0,0,0,15403.91,0,1.0,0
1,1,1,1,0.9377,0,0,0,2961,115,1.1099,0,0,0,17893.31,0,0.8397,0
1,1,1,1,1.0087,0,0,0,2836,20,0.7823,0,0,0,29986.98,0,0.9421,0
1,1,1,1,1.0475,0,0,0,385,51,0.4342,0,0,1,798.72,0,0.7655,0
1,1,1,1,0.9331,0,0,1,30,3,1.138,0,0,1,58588.51,0,0.8204,0
1,1,0,1,1.0003,0,0,0,2909,174,1.2873,0,0,2,9582.46,0,0.7719,0
1,1,0,1,1.1036,0,0,0,1679,194,0.8461,0,0,2,961.57,0,0.6076,0
1,1,0,1,0.9892,0,0,0,1209,103,1.3439,0,0,1,4082.46,0,0.778,0
0,0,1,1,1.0224,0,0,0,1500,163,1.7766,0,0,0,13769.36,0,0.8162,0
1,1,1,1,1.013,0,0,0,2860,159,1.266,0,1,1,15972.15,0,1.0,0
1,1,1,1,1.0193,0,0,0,3155,180,1.4188,0,0,3,4897.34,0,0.8305,0
1,1,0,1,1.044,0,0,0,1835,123,1.0791,0,0,0,4892.55,0,0.9717,0
1,1,1,1,0.9793,0,0,0,2222,158,1.2419,0,0,1,41444.92,0,0.8627,0
1,1,0,1,1.0079,0,0,1,64,1,1.2448,0,0,1,1062.3,0,0.9259,0
1,1,1,1,0.9909,0,0,0,2504,59,0.5941,0,0,1,13192.92,0,0.778,0
1,1,1,1,1.0112,0,0,0,3456,191,0.9703,0,0,3,9313.55,0,0.8149,0
1,1,1,0,1.0336,0,0,0,2314,104,1.4616,0,0,2,28561.63,0,0.9645,0
1,1,0,1,0.9024,0,0,0,2213,49,1.1326,0,0,1,3169.72,0,0.83,0
0,0,1,1,1.0212,0,0,0,3160,112,0.7384,0,0,0,112811.93,0,0.8084,0
1,1,1,1,0.9224,0,0,0,3525,151,1.3682,0,0,2,3630.38,0,0.6861,0
1,1,1,1,1.0084,0,0,0,1546,47,1.7398,1,0,15,133689.23,1,0.6021,1
1,1,1,1,0.9287,0,0,0,3338,109,0.9889,0,1,0,28032.72,0,0.8682,0
1,1,1,1,1.0673,0,0,0,3646,177,1.0239,0,0,3,13677.17,0,0.7932,0
1,1,1,1,0.9335,0,0,0,1676,89,1.0785,0,0,0,4784.18,0,0.9572,0
1,1,1,1,1.0058,0,0,1,178,1,1.1631,0,0,2,36846.93,0,0.694,0
1,1,1,1,1.0168,0,0,1,96,5,0.8329,0,0,2,5149.79,0,0.9276,0
1,1,1,1,0.979,0,0,0,2840,18,0.7079,0,0,3,8737.5,0,0.9247,0
1,1,1,1,2.4696,0,0,0,1140,5,1.1156,0,0,0,12540.52,0,0.831,1
1,1,1,1,0.9861,0,0,0,1131,101,1.1127,1,0,2,18182.27,0,0.9054,0
1,1,1,1,1.0294,0,0,0,3615,133,0.9615,0,0,2,22062.03,0,0.8078,0
1,1,1,1,1.0192,0,1,0,2256,130,0.8587,0,0,0,15404.79,0,0.9533,0
1,1,1,1,0.9951,0,0,0,891,7,0.7326,0,0,2,25975.04,0,0.8445,0
1,1,1,1,0.9868,0,0,0,2028,16,0.5246,0,0,3,8794.88,0,0.7585,0
1,1,1,1,0.9786,0,0,1,162,3,0.7715,0,0,3,48850.72,0,1.0,0
1,1,1,1,0.9975,0,0,0,498,22,1.4714,0,1,1,8804.3,0,0.7345,0
0,0,1,1,0.9966,0,0,0,665,38,1.021,0,0,0,3238.21,0,0.7401,0
1,0,1,1,0.9836,0,1,0,1286,72,1.3718,0,0,3,6073.34,0,1.0,0
1,1,1,1,0.9615,0,0,0,449,143,0.944,0,0,1,41765.98,0,0.8392,0
1,1,1,1,1.0119,0,0,0,1420,75,0.7,1,0,3,15725.54,0,0.9203,0
0,0,0,1,0.9506,0,0,0,779,34,1.6526,1,1,4,31080.32,0,0.4611,1
0,0,0,1,0.9991,0,0,0,1227,61,0.8982,0,0,2,27014.82,0,0.8669,0
1,1,1,1,0.8844,0,0,0,2288,191,0.705,0,0,0,11984.04,0,0.7803,0
1,1,1,1,0.933,0,0,0,2665,190,1.2286,0,0,0,10612.87,0,0.7537,0
1,1,1,1,0.9982,0,0,0,2730,127,0.4732,0,0,3,18700.97,0,0.9153,0
1,1,1,1,1.3992,0,0,1,57,2,1.7373,1,0,1,27796.64,0,0.6056,1
1,1,1,0,1.0049,0,0,0,3248,132,0.5795,0,0,3,5471.76,0,0.9335,0
1,1,1,1,1.0556,0,0,0,1832,162,0.784,0,0,3,6352.43,0,0.6132,0
1,1,1,1,0.9412,0,0,0,918,62,1.5639,0,0,1,50917.36,0,0.7957,0
1,1,1,1,0.9826,0,0,0,282,109,0.5142,0,0,1,29154.11,0,0.7617,0
1,1,1,1,1.0362,0,0,0,481,56,0.9952,0,0,3,25517.8,0,0.8433,0
1,1,1,1,0.9352,0,0,0,306,103,1.1758,0,0,1,2317.72,0,0.8618,0
1,1,0,1,0.9675,0,0,0,2546,121,0.4431,0,0,2,20558.26,0,0.9449,0
1,1,1,1,1.0541,0,0,0,2509,16,0.6261,0,0,2,25012.67,0,0.8395,0
1,1,1,1,0.9696,0,0,0,2505,179,1.2435,0,0,3,4557.8,0,0.9025,0
1,1,1,1,1.0619,0,0,0,2765,124,0.9126,0,0,3,25247.88,0,0.9756,0
1,1,1,1,0.9839,0,0,0,219,108,1.9219,1,0,2,23209.18,0,0.7638,0
1,1,1,1,0.9494,0,0,0,2160,172,0.7016,0,0,3,6405.02,0,0.8274,0
1,1,0,1,0.9772,0,0,0,3230,95,1.063,0,0,0,18094.6,0,0.8061,0
1,1,0,1,1.0273,0,0,0,970,34,1.4764,0,0,3,1473.39,0,0.7861,0
1,1,1,1,0.9948,0,0,0,2055,182,1.1444,0,0,3,8856.99,0,0.8125,0
1,1,1,1,1.0648,0,0,0,1363,88,0.886,0,0,0,3331.04,0,0.9075,0
1,1,1,1,1.0103,0,0,0,3448,123,0.9643,0,0,3,5708.0,0,0.8562,0
0,0,1,1,1.0323,0,0,0,2864,96,1.4104,0,0,1,6970.69,0,0.9078,0
1,1,1,1,0.9183,0,0,1,175,3,1.1986,1,0,0,9636.97,0,0.9448,0
1,1,1,1,2.4816,0,1,1,48,2,1.789,0,0,0,4454.75,0,0.8171,1
1,1,1,1,0.9688,1,0,0,3601,40,0.8293,0,0,2,8726.91,0,0.9074,0
1,1,1,1,1.0267,0,0,0,871,175,1.2572,0,0,2,48513.14,1,0.8723,0
0,0,1,1,0.998,0,0,0,2364,157,0.8458,0,1,1,5234.29,0,0.8132,0
1,1,1,1,1.0332,0,0,0,1524,42,0.9903,0,0,1,40890.01,0,0.9617,0
1,1,1,1,0.9997,0,0,0,2113,87,1.1764,0,0,2,6241.88,0,1.0,0
1,1,1,1,1.0187,0,0,0,2532,191,1.7275,0,0,2,5833.92,0,0.7735,0
1,1,1,1,0.9319,0,0,0,3166,121,1.2069,0,0,0,6796.07,0,0.7436,0
1,1,1,1,1.0051,0,0,0,700,28,1.2323,0,0,1,16586.65,0,0.6658,0
1,1,1,1,1.025,0,0,0,2799,195,1.0139,0,0,3,20738.5,0,0.8956,0
1,1,1,1,0.9117,0,0,0,2364,29,1.0745,0,0,2,1276.2,0,0.7756,0
1,1,1,1,0.9286,0,0,0,2760,61,0.7276,0,0,3,8773.31,1,0.8278,0
1,1,1,1,1.0286,0,0,0,3447,70,0.8192,0,0,2,15491.45,1,0.8324,0
1,1,1,1,0.9645,0,0,0,3360,136,1.1971,0,0,1,5573.06,0,0.8543,0
1,0,1,1,0.9457,0,0,0,2446,148,0.9559,0,0,1,6024.96,0,0.828,0
1,1,1,1,0.9653,0,0,0,3201,130,0.7227,0,0,0,23020.99,0,1.0,0
1,1,1,1,0.9809,0,0,0,1753,24,0.9266,0,0,2,6110.45,0,0.8588,0
1,1,1,1,0.975,0,0,0,2794,85,1.15,0,0,1,8226.6,0,0.8364,0
1,1,1,1,1.0621,0,0,0,3205,162,1.4203,0,0,0,937.87,0,0.8536,0
0,0,1,1,1.04,0,0,0,916,142,1.2595,0,0,1,16731.02,0,0.8056,0
1,1,1,1,0.9917,0,0,0,3415,64,1.0363,0,0,3,431.28,1,0.9066,0
0,0,1,1,0.9719,0,0,0,2911,126,0.9402,0,0,0,828.96,0,0.8816,0
1,1,1,1,0.9451,0,0,0,1511,174,1.007,0,0,2,11166.36,0,0.7617,0
1,1,1,0,0.9786,0,0,0,184,193,0.5874,0,0,2,6269.42,0,0.9733,0
1,0,1,0,1.0113,0,0,0,1291,177,0.2,0,0,2,30918.84,0,0.8157,0
1,1,1,0,0.9793,0,0,0,1077,12,1.1398,0,0,1,60089.03,0,0.8673,0
1,1,1,1,1.0859,0,0,0,3348,170,1.0261,0,0,2,18825.78,0,0.831,0
1,1,1,1,1.0415,0,0,0,3458,173,0.8499,0,0,0,36453.98,0,0.775,0
1,0,1,1,0.9961,1,0,0,1169,9,0.8052,0,1,2,34.07,0,0.6819,0
1,1,1,1,0.9999,0,0,0,1201,107,1.1392,0,0,3,32264.34,0,0.9039,0
1,1,1,1,1.0387,0,0,0,3057,162,0.8723,0,0,2,8976.51,0,0.8171,0
1,1,1,1,1.0723,0,0,0,197,64,0.7431,1,0,2,5416.69,0,0.862,0
1,1,1,1,0.9625,0,0,0,2281,167,0.8727,0,0,1,3435.64,0,0.8739,0
0,0,0,0,1.1569,1,1,1,11,2,1.6408,0,1,6,275662.34,0,0.1669,1
1,0,1,1,0.9499,0,0,0,572,189,1.6089,0,0,0,6653.25,0,0.9253,0
1,1,1,1,1.017,0,0,0,737,104,0.8506,0,0,3,14332.83,0,0.844,0
1,1,1,1,1.1034,0,0,0,1467,115,0.5074,0,0,2,1844.72,0,0.8105,0
1,1,1,1,0.9593,0,0,1,60,0,1.0713,0,0,1,26131.41,0,0.9805,0
1,1,1,1,1.0064,0,0,0,2901,37,0.8589,0,0,3,7015.61,0,0.965,0
1,1,1,1,1.0026,0,0,0,3354,146,0.659,0,0,3,3054.81,0,0.805,0
1,1,1,1,0.989,0,0,0,2728,138,0.8377,0,0,0,29706.47,0,0.692,0
1,1,1,1,1.0616,0,0,0,2873,185,1.1077,0,0,3,7498.85,0,0.721,0
0,0,1,1,1.0389,0,0,0,3222,24,1.0246,0,0,3,27946.31,0,0.7114,0
1,1,1,1,1.0105,0,0,1,55,2,1.6867,0,0,0,1460.02,0,0.7682,0
1,1,1,1,0.9993,0,0,0,3495,46,1.4367,0,0,3,7435.59,0,0.8343,0
1,1,1,1,0.9873,0,0,1,166,4,0.3889,1,0,2,18150.46,0,0.9747,0
1,1,1,1,1.0333,0,0,0,1613,57,1.325,0,0,2,81.16,0,0.9063,0
1,1,1,1,0.9481,0,0,0,381,160,1.1024,0,0,3,3833.92,0,0.6907,0
1,1,1,1,0.9941,0,0,0,2022,106,0.7446,0,0,0,35476.1,0,0.8626,0
0,0,1,1,0.9789,0,0,0,1579,131,0.9743,0,0,2,5011.44,0,0.9275,0
1,1,1,1,0.9956,0,0,0,2519,85,1.3513,0,0,1,12178.91,0,1.0,0
0,0,1,1,0.95,0,0,0,1541,136,0.749,0,0,0,41027.74,0,1.0,0
1,1,1,1,1.0111,0,0,0,2891,192,1.3197,0,0,2,11880.56,0,0.9145,0
1,1,1,1,1.0053,0,0,0,1471,48,1.1538,0,0,1,60858.62,0,0.7375,0
1,1,1,1,1.0446,0,0,0,3618,144,1.3054,0,0,2,15506.98,0,0.6486,0
1,1,1,1,1.0014,0,0,0,1694,66,0.9089,0,0,3,12959.27,0,0.9065,0
1,1,1,1,1.0067,0,0,0,876,109,0.9473,0,0,2,31077.28,0,0.8707,0
1,1,1,1,1.0399,0,0,0,2881,172,1.7262,0,0,1,6183.85,0,1.0,0
1,1,0,1,0.9781,0,1,0,2840,89,0.6156,0,0,0,2558.76,0,0.7591,0
1,1,1,1,1.0092,0,0,0,2324,170,1.1697,0,0,2,280.59,0,0.6538,0
1,1,1,1,0.9505,0,0,0,1958,32,0.9065,0,0,2,21292.47,0,0.8085,0
1,1,1,1,1.0008,0,0,0,3453,179,1.331,0,0,1,11392.2,0,0.7704,0
1,1,1,1,1.078,0,0,0,1791,26,1.0705,0,0,3,2962.91,0,0.7651,0
1,0,1,1,1.0324,0,0,0,1905,168,0.9461,0,0,1,32724.42,0,0.8297,0
1,1,1,1,1.0419,0,0,0,611,7,0.9952,0,0,3,41517.48,0,0.9916,0
1,1,1,1,1.1166,0,0,1,160,0,1.503,0,0,1,2353.26,0,0.7863,0
1,1,1,1,1.0011,0,0,0,1541,43,0.6393,0,0,0,30191.61,1,0.7954,0
1,1,1,1,0.9623,0,0,0,3510,94,1.2111,0,0,2,41290.65,0,0.9405,0
1,1,1,1,1.0037,0,0,0,1126,39,1.0222,0,0,3,19404.2,1,0.83,0
1,1,1,1,1.0172,0,0,0,2606,151,1.6861,0,0,0,100.77,0,0.8532,0
1,0,1,1,0.9227,0,0,0,1082,166,0.5895,0,0,3,8843.06,0,0.9035,0
1,1,1,1,0.9864,0,0,0,1801,126,1.3125,0,0,0,9245.86,0,0.8676,0
1,1,1,1,0.9931,0,0,0,1640,53,0.893,0,1,1,2199.22,0,0.9679,0
1,1,1,1,1.018,0,0,0,1431,16,0.5724,0,0,1,24169.22,0,0.8134,0
1,1,1,1,0.9964,0,0,0,2394,41,1.077,0,0,0,50212.59,0,0.7427,0
1,1,1,1,0.8518,0,0,0,2226,165,0.8319,0,0,0,5372.42,0,0.7592,0
1,1,1,1,1.0693,0,0,0,844,169,1.486,0,0,1,30712.15,0,0.7465,0
1,1,1,1,1.0731,0,0,0,3031,39,0.4866,0,0,3,1161.74,0,0.7646,0
1,1,1,1,0.97,0,0,0,997,193,1.021,0,0,2,48682.88,0,0.8761,0
1,1,1,1,1.0182,0,0,0,638,152,0.7753,0,0,1,9308.95,0,0.9006,0
1,1,1,1,1.0072,0,0,0,2048,137,0.7075,0,0,3,1343.46,0,0.7794,0
1,1,1,1,0.9148,0,0,0,2118,164,1.2683,0,0,3,22188.8,0,0.9709,0
1,1,1,1,1.0017,0,0,0,3530,173,0.8877,0,0,0,51106.12,0,0.9523,0
1,1,1,1,1.0023,0,0,1,141,2,0.8177,0,0,0,4320.95,0,0.8221,0
1,1,1,1,0.9968,0,0,0,1801,116,0.8165,0,0,3,25025.77,0,0.7522,0
0,0,0,1,1.1261,0,1,0,332,40,2.1606,0,0,3,62295.55,0,0.4656,1
1,1,1,1,0.9488,0,0,0,2533,51,0.8121,0,0,1,13271.08,0,0.8873,0
1,1,1,1,1.061,0,0,0,2586,119,0.8116,0,0,2,7027.56,0,0.8781,0
1,1,1,1,1.2232,1,0,0,1026,48,1.1516,0,0,5,24436.21,0,0.3759,1
1,1,1,1,0.9845,0,0,0,2715,49,0.5823,0,0,0,9949.34,0,0.891,0
1,1,1,1,1.0416,0,0,0,2492,123,0.3955,0,0,3,5650.25,0,0.9112,0
1,1,1,1,0.9739,0,0,0,642,145,0.8986,0,0,0,2822.27,1,0.9823,0
1,1,1,1,1.0093,0,0,0,245,170,1.1963,0,1,3,8938.37,0,0.8804,0
1,1,0,1,0.9055,0,0,0,3338,128,0.5132,0,1,2,33757.24,0,0.618,0
1,1,1,1,1.018,0,0,1,99,2,1.0212,0,0,2,51428.24,0,0.8732,0
1,1,1,0,0.9994,0,0,0,2453,67,0.8258,0,0,3,12352.76,0,0.8058,0
1,1,1,1,1.0001,0,0,0,2376,123,1.1504,0,0,0,25653.47,0,0.8773,0
1,1,1,1,0.9777,0,0,0,1893,81,1.3614,0,0,2,10413.6,0,0.9165,0
1,1,1,1,0.998,0,0,0,2752,182,0.8886,0,0,1,29747.13,0,0.7366,0
1,1,1,1,1.04,0,0,0,3637,28,0.9385,0,0,0,53388.73,0,0.8608,0
1,1,1,1,1.0304,0,0,0,2699,188,0.917,1,0,2,15660.06,0,0.5774,0
1,1,1,1,0.994,0,0,0,2616,61,0.4798,0,0,2,19303.51,0,0.832,0
1,1,1,1,0.9565,0,0,0,492,173,0.6434,0,0,1,80884.87,0,0.8789,0
1,1,1,1,1.031,0,0,1,63,5,0.9074,0,0,3,19290.2,0,0.86,0
1,1,1,1,1.0363,0,0,0,3065,159,1.1549,0,0,2,7854.06,0,0.9581,0
1,1,1,1,1.0012,0,0,0,2721,53,1.2817,0,0,0,1164.43,0,0.8925,0
1,1,1,1,1.0027,0,0,0,2646,193,1.2294,0,0,3,9536.37,0,0.9066,0
1,1,0,1,1.0031,0,0,0,1317,87,0.361,0,0,0,23.41,0,0.9493,0
1,1,1,1,1.1181,0,0,0,1160,22,1.1173,0,0,3,16171.19,0,0.9343,0
1,0,1,1,0.9502,0,0,1,177,5,1.039,0,0,1,12175.94,0,0.7617,0
1,1,1,0,1.0524,0,0,0,3562,21,1.1493,0,0,2,43785.52,0,0.843,0
1,1,1,1,0.9739,0,0,0,2412,191,0.2706,0,0,3,13388.01,0,0.876,0
1,1,1,1,1.009,0,1,0,1665,11,0.3935,0,0,1,19888.75,0,0.9216,0
1,1,1,1,1.0037,0,1,0,3328,183,1.0372,1,0,1,3629.75,0,0.9775,0
1,1,1,1,0.9922,0,0,0,1281,17,1.2079,0,0,1,52475.47,0,0.8008,0
1,1,0,1,0.9494,0,0,0,3496,74,1.3476,0,0,3,27475.19,0,0.8083,0
1,1,0,1,1.0102,0,0,0,3614,188,1.1373,0,0,1,10281.68,0,1.0,0
1,1,1,1,0.9683,0,0,0,3377,140,0.7531,0,0,1,36032.97,0,0.8118,0
1,1,1,1,1.1213,0,1,0,2823,115,1.1653,0,1,1,23895.55,0,0.7198,0
1,1,1,1,0.9759,0,0,0,580,5,0.928,0,0,0,12982.89,0,0.946,0
1,1,1,1,1.0243,0,0,0,3496,27,0.5957,0,0,3,6940.28,0,0.9225,0
1,1,1,1,1.0151,0,0,0,459,64,1.0589,0,0,3,9383.52,0,0.8982,0
1,1,1,1,0.9038,0,0,0,1732,161,0.6056,0,0,0,12955.67,0,0.7471,0
1,1,1,1,1.0379,0,0,0,1137,17,1.2396,0,0,3,1889.22,0,0.6412,0
1,1,1,1,1.064,0,0,0,3441,140,1.2903,0,0,2,23267.62,0,0.9437,0
1,1,0,1,1.0031,0,0,0,817,191,1.3284,0,0,0,20431.07,0,0.7373,0
1,1,1,1,0.9353,0,0,0,563,22,1.0667,1,0,3,61490.85,0,0.7932,0
1,1,0,1,0.9877,0,0,0,2673,61,1.63,0,0,2,27594.17,0,0.8511,0
1,1,1,1,1.0191,0,1,0,1934,175,1.6254,0,1,0,493.81,0,0.6779,0
1,1,0,1,0.9275,0,0,0,2406,26,0.6204,0,0,1,3102.63,0,0.7893,0
1,1,1,1,1.0187,0,0,0,561,120,0.8675,0,0,3,35141.35,0,1.0,0
1,1,1,1,0.914,0,0,0,368,169,0.8821,0,0,1,2544.34,0,0.7066,0
1,1,1,1,0.9092,0,0,0,993,25,0.5153,0,0,1,19557.66,0,0.9908,0
1,1,1,1,1.0346,1,0,0,2788,130,1.0794,1,0,3,35483.96,0,0.7989,0
1,1,1,1,1.0001,0,0,0,2327,21,1.4086,0,0,3,5250.8,0,0.7589,0
1,1,1,1,1.0425,0,0,0,2897,168,0.7998,0,0,0,20068.4,0,0.8311,0
1,1,1,1,0.9678,0,0,0,1347,126,0.7084,0,0,0,664.07,0,0.8188,0
1,1,1,1,0.9998,1,0,0,1740,78,0.5529,0,0,3,14149.79,0,0.8914,0
1,1,1,1,0.9069,0,0,0,1388,14,0.4865,0,0,2,19772.54,0,0.7406,0
1,1,1,1,1.0338,0,1,0,2891,26,0.2308,0,0,1,18310.76,0,0.8536,0
1,1,1,1,0.9166,0,1,0,2453,34,1.1922,1,0,0,2925.64,0,0.8711,0
1,1,1,0,1.1069,0,0,1,4,0,2.612,1,0,5,73.31,1,0.9204,1
1,1,1,1,0.9965,0,0,0,2346,33,0.6018,1,0,2,13008.66,0,0.7234,0
1,1,1,0,1.0245,0,0,0,1488,115,1.1412,0,0,1,1567.65,0,0.7742,0
1,1,1,1,0.9882,0,0,0,2486,152,1.1717,0,0,3,1399.07,0,0.8833,0
1,1,1,1,1.0628,0,0,0,3332,118,1.5096,0,0,1,2372.68,0,0.8599,0
1,1,1,1,1.0235,0,0,0,2225,142,0.67,0,0,0,2416.4,0,0.8535,0
1,1,1,1,1.0147,0,0,1,161,4,0.9082,0,0,1,15513.7,0,0.74,0
1,1,1,1,0.9213,0,0,1,156,5,1.4148,0,0,1,10137.91,1,0.9103,0
1,1,1,1,0.974,0,0,0,3180,140,1.1244,0,0,1,1814.47,0,0.9071,0
1,0,1,1,0.9986,0,0,1,82,2,1.2116,0,0,2,50392.79,0,0.6898,0
1,1,1,1,0.9689,0,0,0,265,99,0.7804,0,0,2,15363.88,0,0.8559,0
1,1,1,1,0.9901,0,0,0,1689,196,1.0735,0,0,3,6682.23,0,0.826,0
1,1,1,1,0.9457,0,0,0,3001,93,0.6435,0,1,0,5387.64,0,0.7982,0
1,1,1,1,0.9756,0,0,0,551,138,0.7332,0,0,0,8675.06,0,0.8172,0
1,1,1,1,1.0003,0,0,0,2184,125,0.9758,0,0,2,13021.61,0,0.9078,0
1,1,1,1,0.8882,0,0,0,1656,161,0.829,0,0,1,23153.51,0,0.8744,0
1,1,0,1,0.972,0,0,0,2631,61,0.7076,0,0,0,14767.06,0,0.81,0
1,1,1,1,1.0065,0,0,0,2095,74,0.679,0,0,1,981.38,0,1.0,0
1,1,1,1,1.0067,0,0,1,129,4,1.0209,0,0,0,1248.79,0,0.8932,0
1,1,1,1,1.0889,0,0,0,2962,36,0.9569,0,0,3,8639.06,0,1.0,0
1,1,1,1,0.967,0,0,0,363,105,1.3499,0,0,1,7859.12,0,0.8889,0
1,1,1,1,0.9607,0,0,0,932,34,0.4933,0,0,3,7328.09,0,0.6886,0
1,1,1,1,1.04,0,0,0,1883,112,1.4694,0,0,0,12270.26,0,0.71,0
1,1,1,1,1.0645,0,0,0,3246,27,0.915,0,0,2,4256.75,0,0.6336,0
1,1,1,1,0.999,0,0,0,2776,163,0.5395,0,0,2,15185.24,0,0.8245,0
1,1,0,1,0.9606,1,1,0,1568,35,1.4197,1,0,0,22848.31,0,0.4131,1
1,1,1,1,0.9986,0,0,0,1784,112,0.7345,0,0,0,17740.29,0,0.982,0
1,1,1,1,1.9865,0,0,1,38,1,1.6973,0,1,3,11017.24,0,0.5107,1
1,0,1,1,1.0475,0,0,0,1399,196,1.4449,0,0,0,2893.9,0,0.672,0
1,1,1,0,1.0077,0,0,0,1977,97,0.2603,0,0,3,6433.4,0,0.8783,0
1,1,1,1,0.9634,0,0,1,45,1,0.6874,0,0,3,19650.13,0,0.8114,0
1,1,1,1,1.0065,0,0,0,251,164,0.7298,0,0,1,14730.11,0,0.7295,0
1,1,1,1,0.9463,0,0,0,18,1,0.8413,0,1,3,17011.27,1,0.5426,1
1,1,1,1,1.0467,0,0,0,2372,19,1.4249,0,0,3,20027.96,0,0.7664,0
1,1,1,1,0.9358,0,0,0,1729,53,1.3551,0,0,1,38925.02,0,0.888,0
1,1,1,1,1.0504,0,0,1,135,1,0.7857,0,0,2,27523.43,0,1.0,0
1,1,1,1,0.9056,0,0,0,236,122,0.9142,0,0,3,63.43,0,0.8065,0
1,1,1,1,1.065,0,0,1,102,2,0.6001,0,0,1,14083.12,0,0.8165,0
1,1,1,1,1.0686,0,0,0,213,56,0.8674,0,0,2,20187.68,0,0.7678,0
1,1,1,1,0.9364,0,0,0,2274,168,0.6814,0,0,3,11138.06,1,1.0,0
1,1,0,1,0.9663,0,0,0,209,39,0.743,0,0,3,7554.2,0,0.8718,0
1,1,0,1,1.0181,0,0,0,487,25,0.5937,0,0,2,22519.01,0,1.0,0
1,1,1,1,1.0121,0,0,1,75,4,0.9648,0,0,1,5129.57,0,0.881,0
1,1,0,1,1.0466,0,0,0,493,146,1.4627,0,0,0,687.5,0,0.8427,0
1,1,1,1,0.9187,0,0,0,2614,12,0.8934,0,0,1,15972.64,0,0.8322,0
1,1,1,1,0.9938,0,0,0,770,43,0.7328,0,0,0,2212.43,0,0.8042,0
1,1,1,0,0.85,0,0,1,53,5,0.493,0,0,2,19448.28,0,0.7623,0
1,1,1,1,0.9821,0,0,0,3619,42,1.1464,0,0,0,47857.48,0,0.8794,0
1,1,1,1,0.9407,0,0,0,1439,17,0.677,0,0,1,2534.56,0,0.7441,0
1,1,1,1,1.0331,0,0,0,308,89,1.3867,0,0,2,33954.55,0,0.9266,0
1,1,1,1,0.973,0,0,0,3179,99,1.0225,0,0,0,4624.86,0,0.8685,0
1,1,1,1,0.9891,0,0,0,1609,134,0.7007,0,0,1,8363.75,0,0.7549,0
1,1,1,1,0.9039,0,0,0,1085,61,1.1503,0,0,0,52135.9,0,0.631,0
1,0,1,1,1.0385,0,1,0,984,173,0.5817,0,0,0,64634.05,0,0.9786,0
1,1,1,1,1.0318,0,0,0,1752,113,0.9076,0,0,2,5210.18,0,0.8047,0
1,1,1,1,0.9959,0,0,1,143,5,1.4185,0,0,0,52034.08,0,0.8554,0
1,1,1,1,1.1036,0,0,0,211,40,1.1915,0,0,3,32595.62,0,1.0,0
1,1,1,0,1.0055,0,0,0,918,185,1.1764,0,0,2,17362.95,0,1.0,0
1,1,0,1,1.0436,0,0,1,126,2,0.7028,0,0,1,5152.0,0,0.5944,0
0,0,0,1,1.0789,1,1,0,452,44,2.1944,0,0,0,8940.36,0,0.55,1
1,1,0,1,0.9388,0,0,0,1339,53,0.8443,0,0,1,6590.62,0,0.8142,0
1,1,1,1,1.1026,0,0,0,1937,161,0.499,0,0,3,48351.12,0,0.8469,0
1,1,1,1,1.15,0,0,0,3394,40,1.234,0,0,0,28547.55,0,1.0,0
1,1,1,1,1.0452,0,0,0,218,183,0.731,0,0,3,878.09,0,0.7515,0
1,1,1,1,0.9631,0,0,0,1699,104,1.0448,0,0,2,5809.27,0,0.8764,0
1,1,1,1,1.0403,0,0,0,1324,98,0.8693,0,0,1,18448.19,0,0.992,0
1,1,1,1,1.0776,0,0,0,540,144,0.2,0,0,0,7562.72,0,0.8017,0
1,1,1,1,1.0094,0,0,1,99,5,1.2212,0,0,2,65937.57,0,0.9693,0
1,1,1,1,1.0148,0,0,0,324,72,0.738,0,0,2,4313.72,0,0.8377,0
1,1,0,1,1.0274,1,0,0,1617,22,1.0932,0,0,2,9756.25,0,0.8684,0
1,1,0,1,1.0613,0,0,1,77,2,0.4602,0,0,2,10034.64,0,0.8077,0
1,1,1,1,0.963,0,0,0,3037,150,0.6554,0,0,1,5893.65,0,0.8872,0
1,1,1,1,0.921,0,0,0,3242,200,1.3049,0,0,2,9885.79,0,0.7214,0
1,1,1,1,0.9625,0,0,0,268,105,1.1584,0,0,1,1843.51,0,0.8612,0
0,0,1,1,0.9558,0,0,0,3623,8,0.9102,0,0,0,50692.29,0,0.8518,0
1,1,1,1,0.998,0,1,0,1180,141,0.5843,0,0,2,2262.51,0,0.8425,0
1,1,1,1,1.0599,0,0,1,31,5,0.9231,0,0,2,19072.33,0,0.7467,0
1,1,1,1,1.085,0,0,1,98,5,0.6135,0,0,3,66017.23,0,0.8302,0
1,1,1,1,0.9971,0,0,0,792,68,1.3623,0,0,2,17232.85,0,0.783,0
1,1,1,1,1.0129,0,0,0,2571,94,1.0916,0,0,1,6441.41,0,0.7314,0
1,1,1,1,0.9939,0,0,0,2883,182,0.9399,0,0,1,15876.61,0,0.8404,0
1,0,1,1,1.0848,0,0,0,1952,87,0.9448,0,0,1,14846.55,0,0.7798,0
1,1,1,1,0.9744,0,0,0,2003,96,0.8513,0,0,0,21061.96,0,0.7544,0
1,1,1,1,0.9814,0,0,0,1550,10,0.7223,0,0,3,16458.69,0,0.6878,0
1,1,1,1,0.9659,0,0,0,2448,71,1.1232,1,0,3,16512.28,0,0.8522,0
1,1,1,1,1.05,0,0,0,512,164,1.2817,0,0,2,788.48,0,0.9215,0
1,1,0,1,0.9242,0,0,0,3599,107,0.7064,0,0,2,12100.05,0,0.8256,0
1,1,1,1,0.9956,0,0,0,845,124,0.5161,0,0,3,2785.47,0,0.8839,0
0,0,1,1,1.0474,0,0,0,1367,53,0.6344,0,0,2,30370.29,0,0.8207,0
1,1,1,1,1.0291,0,0,0,3404,89,1.6523,0,0,1,12265.86,0,0.8581,0
1,1,1,1,0.9317,0,0,0,453,173,0.6031,0,0,0,13127.07,0,0.794,0
1,1,1,1,0.8947,0,0,0,543,119,0.8488,0,0,0,7940.24,0,0.8499,0
1,1,1,1,0.92,0,0,0,470,129,1.07,0,0,3,5866.79,0,0.8465,0
1,0,1,1,1.0198,0,0,0,494,73,1.1912,0,0,2,15540.05,0,1.0,0
1,1,1,1,0.9497,1,0,0,3078,53,1.4846,0,0,0,9827.23,0,0.8002,0
1,1,1,1,1.008,0,0,0,768,136,0.2417,0,0,0,7744.5,0,0.9314,0
1,1,1,1,0.982,0,0,0,2894,185,1.007,1,0,1,22969.75,0,0.9726,0
1,1,1,1,1.0308,0,0,0,1889,142,0.8319,0,0,3,23388.47,0,0.8507,0
0,0,1,1,1.0515,0,0,1,129,5,1.0333,0,0,0,15678.23,0,0.8091,0
1,1,1,1,0.9939,0,0,0,1716,21,1.2335,0,0,3,191.8,0,0.8512,0
1,1,0,1,0.9989,0,0,0,831,140,1.0518,0,0,1,1353.93,0,0.8243,0
1,1,1,1,0.9749,0,0,0,2726,126,0.798,0,0,2,4539.61,0,0.7717,0
0,0,1,1,0.9668,0,0,0,2343,195,0.9859,0,0,2,20937.03,0,0.8695,0
1,1,1,1,1.1281,0,0,1,177,3,1.2435,0,0,2,63551.49,0,0.9239,0
1,1,1,1,0.9757,0,0,0,1322,6,0.9831,0,0,0,21537.49,0,0.7867,0
1,1,1,1,0.9373,0,0,0,3429,56,0.646,1,0,2,2362.12,0,0.9222,0
1,1,1,1,1.0044,0,0,0,1762,101,1.1359,0,0,1,369.68,0,0.8681,0
1,1,1,1,1.0601,0,0,0,2365,131,0.4513,0,0,1,7274.2,0,0.9029,0
1,1,1,1,1.0157,0,0,0,1642,60,1.032,0,0,3,2134.97,0,0.8582,0
1,1,1,1,1.0137,0,0,0,2458,33,1.1302,0,0,1,7821.26,0,0.8638,0
1,1,1,1,1.0733,0,0,0,2481,137,0.7343,0,0,2,40487.32,0,0.7215,0
1,1,1,1,0.9626,0,0,0,301,154,1.1837,0,0,1,30992.83,0,0.8418,0
0,0,1,1,0.9287,0,0,0,3005,77,0.8795,0,0,1,2159.71,0,0.8888,0
1,1,1,1,0.9678,0,0,0,3167,49,1.2932,0,0,2,8958.91,0,0.9006,0
1,1,1,1,0.9801,0,0,1,31,1,0.7068,0,0,1,4873.27,0,0.877,0
1,1,1,1,1.0644,0,0,0,332,23,1.1427,0,0,0,9593.9,0,0.7805,0
1,1,1,1,0.9993,0,0,0,3306,159,0.8009,0,0,3,2625.8,0,0.6164,0
1,1,1,1,1.0115,0,0,0,3208,90,1.4245,1,0,1,383.33,0,0.7218,0
1,1,1,1,0.9853,0,1,0,2200,166,0.804,0,0,2,4861.98,0,0.7248,0
1,1,1,1,0.9815,0,0,0,1301,89,1.5221,0,0,0,17437.89,0,0.8191,0
0,0,1,1,1.1086,0,0,0,255,157,0.6746,0,0,2,7938.55,0,1.0,0
1,1,1,1,0.9951,0,0,0,636,98,1.0813,1,0,2,3165.87,0,0.8571,0
1,1,1,1,1.0175,0,0,0,727,175,1.1013,0,0,2,18843.21,0,0.8433,0
1,1,1,1,0.9925,0,0,0,1262,120,1.0918,0,0,3,27222.74,0,0.7872,0
0,0,1,1,1.0843,0,0,0,2297,164,1.3494,0,0,1,1961.64,0,0.8587,0
1,1,1,1,0.9712,0,0,1,88,4,0.9696,0,0,2,45321.5,0,0.885,0
1,1,1,1,1.0194,0,0,0,1796,16,1.7761,0,0,3,15926.52,0,0.8531,0
1,1,0,1,1.0317,0,0,0,976,30,0.9744,0,0,3,11862.88,0,0.8491,0
1,1,1,1,1.0925,0,0,0,3624,76,1.1663,0,0,3,4664.47,0,0.8624,0
1,1,0,1,1.0243,0,0,0,1111,159,0.9533,0,1,1,11294.5,0,0.7853,0
1,1,1,1,0.9778,0,0,0,2432,116,1.3674,0,0,0,4545.21,0,0.9265,0
1,1,1,1,1.1491,0,0,0,3182,82,1.062,0,0,1,14628.44,0,0.7308,0
1,1,1,1,1.0519,0,0,0,1429,23,0.9062,0,0,3,1795.7,0,0.8634,0
1,0,1,1,1.0569,0,0,0,1066,103,1.661,0,0,1,14643.3,0,0.8518,0
1,1,1,1,1.0348,0,0,0,1238,7,1.0318,0,0,1,24759.02,0,0.7699,0
1,1,1,1,0.9985,0,0,0,625,92,1.1224,0,0,0,7557.78,0,0.9013,0
1,1,1,1,1.0217,0,0,0,2262,38,1.1646,0,0,1,3547.9,0,1.0,0
1,1,1,0,1.0241,0,0,1,111,2,1.3601,0,0,0,14413.63,0,0.9293,0
1,1,1,1,1.0874,0,0,0,3308,51,0.6692,0,0,1,27907.29,0,0.7823,0
1,1,1,1,0.9646,0,0,1,83,5,0.852,0,0,0,8683.25,0,0.9008,0
1,1,1,1,1.0205,0,0,0,2052,95,1.9174,0,0,3,6483.32,0,1.0,0
1,0,1,1,1.0479,0,0,1,98,0,1.5207,0,0,2,6015.41,0,0.9577,0
1,1,1,1,1.0047,0,0,0,413,178,1.6211,0,0,0,9253.35,0,1.0,0
1,1,1,1,0.9614,0,0,1,153,1,1.4232,0,0,0,5959.55,0,0.9702,0
1,1,1,1,1.0634,0,0,0,3156,181,0.7984,0,0,2,25850.76,0,0.8108,0
1,1,1,1,0.8871,0,0,0,1945,67,0.9301,0,0,2,4066.61,0,0.7049,0
1,1,1,1,1.1223,0,0,0,1687,197,0.6188,0,0,0,63241.24,0,0.7461,0
1,1,1,1,0.9796,0,0,1,160,5,1.0911,1,0,1,2861.97,0,0.7129,0
1,1,1,1,1.0159,0,0,0,2319,73,1.1214,0,0,2,17478.98,0,0.7496,0
1,1,1,1,0.9984,0,0,0,719,116,0.5718,0,0,1,8881.74,0,0.8656,0
1,1,1,0,0.9695,0,0,1,109,4,0.3239,0,0,1,4106.73,0,0.794,0
1,1,1,1,0.9506,0,0,0,1970,102,0.7145,0,0,3,39784.46,0,0.7262,0
1,1,1,1,0.9998,0,0,0,1278,164,0.7447,0,0,2,29484.56,1,0.7936,0
1,1,1,1,1.0268,0,0,0,309,104,0.9223,0,0,3,3924.21,0,0.8192,0
1,1,1,1,0.9489,0,0,1,48,5,1.1422,0,1,3,8502.6,0,0.8369,0
1,1,1,1,1.1444,0,0,0,3042,186,0.9498,0,0,1,16987.68,0,1.0,0
1,1,1,1,1.0816,0,0,0,1343,118,1.077,0,0,2,4817.43,0,0.8602,0
1,1,1,1,0.9646,0,0,0,752,137,1.4133,0,0,2,9315.93,0,0.7819,0
1,1,1,1,0.9561,0,0,0,2768,135,0.9107,1,0,3,13328.12,0,0.844,0
1,0,1,1,1.0647,0,0,1,179,1,1.0229,0,0,2,2668.42,0,0.8165,0
1,1,1,1,1.1031,0,0,0,2205,146,0.8759,0,0,3,6861.11,0,0.9837,0
1,1,1,1,1.0363,0,0,0,2621,106,0.9943,0,0,0,9606.78,0,0.7212,0
1,1,0,1,1.0794,0,0,0,1944,36,0.7685,1,0,1,12399.63,0,0.8347,0
1,1,1,1,1.0134,0,0,0,1254,181,1.7388,0,0,3,2072.12,0,0.8858,0
1,1,1,1,1.0012,0,1,0,2695,64,0.6247,0,0,2,651.43,0,0.752,0
1,1,1,1,1.011,1,0,0,1863,17,1.3686,0,0,1,8860.74,0,0.8512,0
1,1,1,1,1.0694,0,0,0,2265,134,0.7457,0,0,3,51255.28,0,0.912,0
1,1,1,1,0.958,0,0,0,2798,176,1.5202,0,0,2,25078.1,0,0.7381,0
1,1,1,1,0.9475,0,0,0,1285,142,1.7382,0,0,2,19094.49,0,0.8689,0
1,1,1,1,0.9725,0,0,0,2065,74,0.9064,0,0,0,30591.92,0,0.8239,0
1,1,1,1,1.0213,0,0,0,1579,36,1.1249,0,0,1,13292.16,0,0.7403,0
0,0,1,1,1.1045,0,0,0,2044,61,0.6962,0,0,0,10985.22,0,0.9292,0
1,1,1,1,0.9522,0,0,0,1396,155,0.3053,0,0,0,4451.1,0,0.9305,0
1,1,1,1,0.9431,0,0,0,1906,44,1.1397,0,0,2,14727.98,1,0.8762,0
1,1,1,1,0.966,0,0,0,2993,108,0.6554,0,0,0,7727.51,0,0.7617,0
1,1,1,1,1.0002,0,0,0,2015,8,0.7463,0,0,1,7419.0,0,0.7889,0
1,1,1,1,0.9392,0,0,0,1633,140,0.9807,0,0,3,6724.13,0,0.9932,0
1,1,1,1,0.9721,0,0,0,906,79,1.0919,0,0,1,10880.66,0,0.6426,0
1,1,1,1,1.0038,0,0,0,3362,7,0.6376,0,0,2,13089.54,0,0.6802,0
1,1,1,1,0.9648,0,0,0,1324,61,0.8467,0,0,0,5476.82,0,0.8309,0
1,1,1,1,0.9155,0,0,0,196,17,1.0978,1,0,1,1701.83,0,0.7586,0
1,1,1,1,1.0047,0,0,0,752,166,0.8492,0,0,2,14131.87,0,0.9787,0
1,1,1,1,0.9864,0,0,0,2649,5,0.6386,0,0,0,28636.11,0,0.863,0
1,1,1,0,1.0708,0,0,0,3072,152,0.7931,0,0,1,5595.8,0,0.8917,0
1,1,1,1,0.9391,0,0,0,2028,70,0.6236,0,0,3,25757.58,0,0.8737,0
1,1,1,1,0.9795,0,0,0,2713,51,0.9042,0,0,3,6310.16,0,0.846,0
1,1,1,1,1.0642,0,0,0,2379,78,1.3736,0,0,2,6112.97,0,0.7868,0
1,1,1,0,0.9437,0,0,0,2438,155,1.1382,0,0,3,384.11,0,0.9272,0
1,1,1,1,0.9142,0,0,0,2861,38,0.4602,0,0,2,3385.4,0,0.7591,0
1,1,1,0,0.8635,0,0,0,1227,159,0.7922,0,0,2,17273.38,0,0.88,0
1,1,1,1,0.96,0,0,0,3609,7,1.2871,0,0,1,26771.3,0,0.8706,0
1,1,0,1,1.0238,0,0,0,704,176,1.0787,0,0,2,54132.89,1,0.8653,0
1,1,1,1,0.9539,0,0,1,37,3,1.0578,0,0,1,11819.62,0,1.0,0
0,0,1,1,1.029,0,0,0,2574,99,0.7156,0,0,1,7229.41,0,0.8181,0
1,1,1,1,1.0212,0,0,0,2526,75,1.0766,0,0,0,6032.85,0,0.7609,0
1,1,1,1,0.9617,0,0,1,144,5,0.9015,0,0,2,3251.41,0,1.0,0
1,1,1,1,0.9321,0,0,0,3114,103,0.6645,0,0,2,15812.2,0,0.8761,0
1,1,1,1,1.0114,0,0,1,19,1,5.8279,1,0,6,90061.86,0,0.6696,1
1,1,1,1,1.0617,0,0,0,3561,87,0.9936,0,0,0,2879.1,0,0.8024,0
1,1,1,1,1.0128,0,0,0,751,12,1.2154,0,0,1,4544.39,0,0.8892,0
1,1,1,1,1.029,0,0,0,2292,178,0.8347,0,0,0,2762.18,0,0.8287,0
1,1,1,1,1.0257,0,1,1,95,2,0.4737,0,0,0,4266.41,0,0.7581,0
1,1,1,1,0.9074,0,0,0,2911,80,0.574,0,0,1,11503.59,0,0.8871,0
1,1,1,1,0.9922,0,0,0,1391,60,0.916,0,0,1,33980.0,0,0.8247,0
1,0,1,1,0.9198,0,0,1,107,4,0.9567,0,0,1,35366.79,0,0.857,0
1,1,1,1,1.148,0,0,0,3525,10,1.6414,0,0,3,51615.63,0,0.8232,0
1,0,0,1,1.0009,0,0,0,1171,178,1.6857,0,0,0,8586.25,0,0.7084,0
1,1,1,1,1.0512,0,0,0,2622,146,0.9139,1,0,1,11124.82,0,0.7007,0
1,1,1,1,1.0016,0,0,0,2197,111,1.2602,0,0,2,8190.37,0,0.8888,0
0,0,0,1,1.1327,0,0,0,709,42,1.0859,1,0,2,221686.25,0,0.1516,1
1,1,1,1,1.0279,0,0,1,137,2,1.5569,0,0,0,7093.93,0,0.7389,0
1,1,0,1,1.044,0,0,0,2796,58,0.9636,0,1,2,16212.65,0,0.8275,0
1,1,1,1,1.0264,0,0,0,2225,122,1.2269,0,0,2,22238.35,0,0.7474,0
1,1,1,1,0.9601,0,0,0,2814,194,1.6714,0,0,3,3505.99,0,0.8628,0
1,1,1,1,0.9903,0,0,0,3591,155,0.5873,0,0,3,845.69,1,0.9448,0
1,1,1,1,1.019,0,0,0,915,70,0.6987,0,0,0,14579.12,0,0.9531,0
1,1,1,1,0.9893,0,0,0,2074,164,0.7036,0,0,0,3054.43,0,0.7211,0
1,1,1,1,1.052,0,0,0,307,191,1.0571,0,0,2,2396.16,0,0.8822,0
1,1,1,1,0.9459,0,0,0,1576,184,0.7499,0,0,0,8656.11,0,0.852,0
1,1,1,1,0.9819,0,0,0,1061,183,0.8965,0,0,0,11297.83,0,0.9149,0
1,1,1,0,1.1805,1,0,0,971,37,1.932,0,0,2,19092.95,0,0.2568,1
1,1,1,0,1.0076,0,0,0,1366,23,0.4666,1,0,2,6634.23,0,0.8746,0
1,1,1,1,0.9314,0,0,0,1500,81,1.3762,0,0,0,661.55,0,0.7578,0
1,1,0,1,1.022,0,0,0,1998,147,0.7953,1,0,2,4455.32,0,0.877,0
1,1,1,1,1.0338,0,0,0,1785,198,0.683,0,0,2,22601.88,0,0.7744,0
1,1,0,1,1.0562,0,0,0,1809,95,1.2764,0,0,0,4562.71,0,0.8578,0
1,1,1,1,0.9998,0,0,0,2789,43,0.7136,0,0,3,949.09,0,0.8755,0
1,1,1,1,0.9495,0,0,0,289,120,0.5825,0,0,2,19150.25,0,0.9485,0
1,1,1,1,0.9893,0,0,0,2024,19,0.6953,0,1,1,62187.44,0,0.8464,0
1,1,1,1,0.9013,0,0,0,2355,141,1.1514,0,0,2,2887.92,0,0.815,0
1,1,1,1,0.9973,0,0,0,1596,176,0.7191,0,0,0,2991.66,0,0.8198,0
1,1,1,1,0.9647,0,0,0,3542,99,0.9848,0,0,3,609.6,0,0.9475,0
1,1,1,1,1.0587,0,0,0,1197,80,1.1325,0,0,3,5858.51,1,0.8699,0
1,1,1,1,0.9718,0,0,0,2132,61,0.6842,0,0,3,18825.56,0,0.9183,0
1,1,1,1,1.0213,0,0,1,147,5,1.087,0,0,3,3507.13,0,0.8341,0
1,1,1,1,0.9061,0,0,0,2216,156,1.4404,0,0,2,6550.13,0,0.9653,0
1,1,1,1,0.9859,0,0,0,1881,55,1.0974,0,0,1,57246.6,0,0.7773,0
1,1,0,1,0.9793,0,0,0,2864,164,0.8311,1,0,1,21060.67,0,0.6404,0
1,1,1,1,0.9688,0,0,0,2917,39,1.1935,0,0,2,1960.19,0,0.9043,0
1,1,1,1,0.976,0,0,0,1953,45,1.5456,0,0,3,7488.46,0,0.8866,0
1,1,1,1,0.9718,0,0,0,714,86,0.7236,0,0,2,5479.79,0,0.9903,0
1,1,1,1,1.0234,0,0,0,2685,194,1.3901,0,0,0,2366.59,0,0.8963,0
1,1,0,1,0.9804,0,0,0,308,9,1.2757,0,0,3,17054.06,0,0.9087,0
1,1,1,1,0.932,0,0,0,1728,119,0.8646,0,0,0,36903.38,0,0.8119,0
1,1,1,0,1.0158,0,0,1,133,4,0.6859,0,0,2,1671.86,0,1.0,0
1,1,0,1,0.997,0,0,0,459,54,1.2357,0,0,0,12427.99,0,0.5848,0
1,1,1,1,0.9733,0,0,0,2594,50,1.4801,0,0,3,405.55,0,0.823,0
1,1,1,1,0.9802,0,0,0,3202,40,0.8657,0,0,1,4804.62,0,0.7845,0
1,1,1,1,0.9838,0,0,0,471,106,1.0326,0,0,1,5200.77,0,0.8027,0
0,0,0,0,1.1701,0,0,1,17,0,1.3093,1,1,1,8302.81,0,0.315,1
1,1,1,1,0.9831,0,0,1,170,0,1.2973,0,0,0,13028.09,0,0.8984,0
1,1,1,1,0.9747,0,0,0,481,70,0.8113,0,0,2,13537.14,0,0.7922,0
1,1,1,1,1.0503,0,0,0,2771,8,0.8172,0,0,0,23887.82,0,0.8402,0
1,1,1,1,0.9945,0,0,0,2706,90,0.5829,0,0,2,20386.46,0,0.7434,0
0,0,1,1,0.9894,0,0,0,502,72,1.1925,0,0,2,2794.18,0,0.9849,0
1,1,1,1,1.0049,0,0,0,836,16,0.8694,0,0,0,3072.18,0,0.8294,0
1,1,1,1,1.0227,0,0,1,69,3,0.925,0,0,0,19390.41,0,0.6777,0
1,1,1,1,1.0329,0,0,0,1113,40,1.0765,0,0,3,9835.97,0,0.8357,0
1,1,1,1,0.9295,0,0,0,2666,175,0.7356,0,0,0,6860.37,0,0.8637,0
1,1,1,1,0.914,0,0,0,2698,114,0.6604,0,0,1,2242.76,0,0.9006,0
1,1,1,1,1.3148,0,0,1,24,2,2.0512,0,1,4,19351.07,0,0.9543,1
1,1,1,1,0.9906,0,0,0,2079,65,0.8017,0,0,3,30361.52,0,0.9091,0
1,1,1,1,0.8819,0,0,0,1629,167,1.5967,0,0,0,9598.87,0,0.7439,0
1,1,1,1,0.9622,0,0,0,1958,172,0.9195,0,0,1,2439.55,0,0.7328,0
1,1,1,1,1.0548,0,0,0,3191,93,1.288,0,0,3,12370.85,0,0.6891,0
1,1,0,1,0.9461,1,0,0,1183,192,1.1863,0,0,2,18603.77,0,0.9202,0
1,1,1,1,1.0364,0,0,0,2628,6,1.0417,0,0,2,26953.78,0,0.9063,0
1,1,1,1,1.0148,0,0,0,1630,101,1.3981,0,0,3,11480.07,0,0.8614,0
1,1,1,1,1.0296,0,0,0,1633,199,0.9369,0,0,3,650.47,0,0.8506,0
1,1,1,1,0.8855,0,0,0,3560,146,0.5384,0,0,2,2409.37,0,0.6436,0
1,1,1,1,0.9959,0,0,0,2220,91,0.8868,0,0,2,5791.01,0,0.8551,0
1,1,1,1,0.9829,0,0,0,2361,22,1.0076,0,0,1,763.15,0,0.9704,0
1,1,1,1,0.9668,0,0,0,3440,127,1.1054,1,0,0,4604.56,0,0.8423,0
1,1,1,1,0.9405,0,0,0,2892,146,0.7235,0,0,0,51429.24,0,1.0,0
1,1,1,1,0.9809,0,0,0,1210,199,1.2051,0,0,3,6005.15,0,0.7338,0
1,1,1,1,0.8979,0,0,0,2547,29,0.9126,0,0,0,23891.95,0,0.9721,0
1,1,1,1,1.0365,0,0,0,2015,43,0.5998,0,0,3,9596.71,0,0.9531,0
1,1,1,1,0.9352,0,0,1,34,2,0.9167,0,0,3,61313.65,0,0.6335,0
1,1,1,1,0.85,0,0,0,1160,95,1.0827,0,0,0,3506.73,0,0.8471,0
1,1,1,1,1.0376,0,0,0,665,132,1.225,1,0,3,3935.6,0,0.8244,0
1,1,1,1,1.0053,0,0,0,1523,136,1.3881,0,0,2,32433.89,0,0.7606,0
1,1,1,1,0.9616,0,0,0,3478,46,1.1862,0,0,3,464.57,0,0.776,0
1,1,1,1,1.0509,0,0,0,864,41,0.7956,0,0,0,23465.84,0,0.8705,0
1,1,1,0,0.9914,0,0,0,1989,44,1.3315,0,0,0,8066.56,0,0.731,0
1,1,1,1,1.0893,1,0,0,1081,28,0.4838,1,0,3,19919.63,0,0.3184,1
1,1,1,1,1.0173,0,1,0,1618,128,0.9961,0,0,3,6364.85,0,0.8788,0
1,1,1,1,0.9886,0,0,0,2924,104,0.4269,1,0,3,21217.23,0,0.849,0
1,1,1,1,0.9742,0,0,0,2717,164,1.1559,0,0,0,2968.88,1,0.7877,0
1,1,1,1,0.9804,0,0,0,1054,189,1.2864,0,0,2,14263.17,0,0.7563,0
1,1,1,1,1.0689,0,0,1,138,5,0.7311,0,0,3,3585.47,0,0.8752,0
1,0,1,1,1.086,1,1,0,638,28,1.2243,1,0,4,56111.56,0,0.5571,1
0,0,1,1,0.9854,0,0,0,1378,137,0.7879,0,0,1,27458.56,0,0.8335,0
1,1,1,1,1.0334,0,0,1,115,1,0.8296,0,0,3,13741.18,0,0.8377,0
1,0,1,0,1.0583,0,0,0,872,63,0.4212,0,0,0,8993.73,0,0.7182,0
1,1,1,1,1.0084,0,0,1,163,1,0.6606,0,0,3,2741.57,0,0.8206,0
1,1,1,1,1.0186,0,0,0,879,151,0.9924,0,0,0,13000.35,0,0.7786,0
1,1,1,1,1.028,0,0,0,1606,128,1.2495,0,0,1,661.46,0,0.6428,0
1,1,1,1,1.0198,0,0,0,3412,129,0.7149,0,0,2,8422.45,0,0.9717,0
1,1,1,1,0.9241,0,0,0,1640,153,0.6399,0,0,3,6459.14,0,0.8377,0
1,1,1,1,1.0229,0,0,0,679,179,1.376,0,0,2,7002.03,0,1.0,0
1,1,1,1,1.0597,0,0,0,1291,86,0.7585,0,0,1,6597.77,0,0.8392,0
1,1,1,1,0.9922,0,0,1,150,5,0.5779,0,0,3,9873.77,0,0.9542,0
1,1,1,1,1.3,0,0,0,439,49,1.2818,1,0,4,111969.36,1,0.5452,1
1,1,1,0,1.0356,0,0,0,2019,117,1.079,0,0,1,28049.95,0,0.8378,0
0,0,1,1,1.0434,0,0,1,123,5,0.5811,0,0,0,13280.45,0,0.8486,0
1,1,1,1,1.0897,0,0,0,1176,45,0.8866,0,0,1,45905.17,0,0.9438,0
1,1,1,1,0.9966,0,0,0,3150,29,0.8279,0,0,0,38075.68,0,0.9305,0
1,1,1,1,1.0187,0,0,0,3615,26,0.6814,0,0,3,5907.56,0,0.6942,0
1,1,1,1,1.0464,0,0,0,3520,85,0.8944,0,0,3,14797.64,0,0.8778,0
1,1,1,1,1.0655,0,0,0,333,92,1.0897,0,0,1,17418.08,0,0.8378,0
1,1,1,1,1.0467,0,1,0,2628,30,0.7564,0,0,2,18331.74,0,0.9349,0
1,1,1,1,1.0477,0,0,0,1815,28,1.0954,0,0,3,17591.57,0,0.8185,0
1,1,1,1,1.0042,0,0,0,803,40,0.9895,0,0,0,4235.59,0,0.9161,0
1,1,1,1,1.0507,0,0,0,2918,162,0.703,0,0,3,38039.49,0,0.8551,0
1,1,1,1,1.057,0,0,0,2683,128,1.2208,0,0,1,8097.41,0,0.9046,0
1,1,1,1,1.0442,0,0,0,750,25,1.1878,0,0,2,26452.38,0,0.8318,0
1,1,1,1,0.9075,0,0,0,1524,89,0.9282,1,0,0,11595.23,0,1.0,0
1,1,1,1,1.0694,0,0,0,1065,164,0.6763,0,0,0,43799.4,0,0.8267,0
1,1,1,0,0.9965,0,0,0,1434,94,0.5465,0,0,2,9281.04,0,0.8246,0
1,1,1,1,0.9556,0,0,0,3410,13,0.8337,0,0,0,4316.19,1,0.7436,0
1,1,1,1,0.9593,0,0,0,1122,83,1.139,0,0,0,23951.74,0,0.9487,0
1,1,1,1,1.0233,0,0,0,1095,74,1.3228,0,0,3,3415.86,0,0.9022,0
1,1,1,1,1.0712,0,0,0,2141,107,1.3469,0,0,2,3689.66,0,0.7759,0
1,1,1,1,1.0015,0,1,0,2317,39,1.1738,0,0,3,17734.61,0,0.9263,0
1,1,1,1,0.9911,0,0,0,3333,94,0.4836,0,0,0,1079.96,0,0.7288,0
1,1,1,1,1.0313,0,0,0,2928,82,0.7471,0,0,0,31793.64,0,0.8823,0
1,1,1,1,0.9672,0,0,0,2350,98,0.7065,0,0,3,13212.61,0,0.89,0
0,0,1,1,0.9663,0,0,0,2566,6,0.3445,0,0,2,9041.4,0,0.8807,0
0,0,1,1,0.9625,0,0,0,3335,200,1.4082,0,0,2,12056.41,0,0.9106,0
1,1,1,1,1.0673,1,0,0,1540,29,0.885,0,0,1,8.09,0,1.0,0
1,1,1,1,0.9357,0,0,0,997,30,1.3596,1,0,3,22829.75,0,0.9271,0
1,1,1,1,1.0425,0,0,0,1195,28,0.6854,0,0,2,1414.95,0,0.8074,0
1,1,1,1,0.9454,0,0,1,66,5,1.3729,0,0,0,46394.47,0,1.0,0
1,1,1,1,0.9852,0,0,0,449,28,1.1159,0,0,2,2673.33,0,0.6052,0
1,1,1,1,1.0279,0,0,0,1814,129,1.0473,0,0,0,7791.98,0,0.8571,0
1,1,1,1,1.014,0,0,0,1273,84,1.3259,0,0,0,7666.36,0,0.8469,0
1,1,0,1,0.9743,0,0,0,432,123,1.2817,0,0,3,10385.7,0,0.6806,0
1,1,1,1,0.967,0,0,0,1200,104,0.9183,0,0,1,1591.08,0,0.7081,0
1,1,1,1,1.0047,0,0,0,3019,125,0.7969,0,0,3,4825.75,0,0.9088,0
1,1,1,1,0.9847,0,0,1,87,1,0.7923,0,0,0,14395.47,0,0.8446,0
1,1,1,1,0.9226,0,0,0,3616,116,1.0383,0,0,2,15129.25,1,0.8269,0
1,1,1,1,1.0672,0,0,0,3439,122,1.1709,0,0,1,24377.5,0,0.7615,0
1,1,1,0,1.0341,0,0,1,178,5,1.0101,0,0,1,15715.68,0,0.7834,0
1,1,1,1,0.9534,0,0,0,2286,177,0.4071,1,0,1,12469.89,0,0.7768,0
1,1,1,1,1.0523,0,0,0,3493,11,0.8967,0,0,0,3082.1,1,0.9073,0
1,1,1,1,1.0726,0,0,0,1051,120,1.0253,0,0,2,4640.5,0,0.8677,0
1,1,1,1,1.0024,0,0,1,87,0,0.8892,0,0,2,5256.74,0,0.7313,0
1,1,1,1,0.9404,0,0,0,1691,91,1.2089,0,0,0,15130.53,0,0.9616,0
1,1,1,1,0.986,0,0,0,935,87,0.6266,0,0,1,3619.63,0,0.925,0
1,1,1,1,1.0187,0,1,1,65,5,0.6445,0,0,1,19649.56,0,0.9749,0
1,1,1,1,0.8829,0,0,0,387,37,0.7992,0,0,2,18067.58,0,0.9007,0
1,1,1,0,1.1643,0,0,1,3,1,2.5043,0,1,4,27888.82,0,0.9042,1
1,1,1,1,0.9223,0,0,0,269,197,1.0779,0,0,3,16682.07,0,0.6904,0
1,1,1,1,1.0452,0,0,0,849,101,0.7366,0,0,2,33156.55,0,0.7878,0
1,1,1,1,0.9901,0,0,0,3413,150,0.9076,0,0,1,2029.29,0,0.8581,0
1,1,1,1,0.9658,0,0,1,176,0,1.3164,0,0,2,2010.19,0,0.9371,0
1,1,1,1,1.0167,0,0,1,56,4,0.6689,0,0,2,22005.94,0,0.8849,0
1,1,1,1,1.0201,0,0,0,2752,96,1.2947,0,0,1,39124.59,0,0.8514,0
1,1,1,1,1.0244,0,0,0,3559,37,1.0219,0,0,2,748.14,0,0.7684,0
0,0,1,1,1.0125,0,0,1,178,4,0.8982,0,0,1,10064.67,0,0.8391,0
1,1,1,0,0.9822,0,0,0,1528,6,1.4863,0,0,1,19109.72,0,0.9313,0
1,1,1,1,1.0219,0,0,0,1449,90,0.7523,0,0,3,7746.62,0,0.9731,0
1,1,0,1,1.0719,0,0,0,2723,147,0.8056,0,0,3,2918.17,0,0.8164,0
1,1,1,1,0.9408,1,0,0,2133,146,0.854,0,0,1,8.7,0,0.8703,0
1,1,0,1,0.9679,0,0,0,644,113,1.1109,0,0,1,42105.48,0,0.8866,0
1,1,1,1,1.0898,0,0,0,2060,147,0.9545,0,0,2,32524.84,0,1.0,0
1,1,1,1,0.958,0,0,0,2919,174,1.1834,0,0,1,14053.36,0,0.9296,0
1,1,1,1,0.9719,0,0,0,742,64,1.0392,0,0,0,4933.81,1,0.8668,0
1,0,1,1,1.0494,0,0,0,3509,6,0.5225,0,0,2,6632.66,0,0.8517,0
1,1,0,1,1.0479,0,0,0,3048,11,1.3261,0,0,0,45020.8,0,0.8841,0
1,1,1,1,1.0656,0,0,0,2846,107,1.0116,0,0,0,1682.49,0,0.9974,0
1,1,1,1,0.9709,0,0,0,3605,21,1.5695,0,0,3,18382.64,0,0.9339,0
1,1,1,1,1.062,0,0,0,756,145,0.4897,0,0,2,39664.83,0,0.9737,0
1,1,1,1,0.8823,1,0,0,3600,109,1.1158,0,0,1,874.46,0,0.7886,0
1,1,1,1,0.9833,0,0,0,2052,200,1.0532,0,0,1,5197.13,0,0.8423,0
1,1,1,1,1.0111,0,0,1,113,1,0.9688,0,0,1,4280.84,0,0.7472,0
1,1,1,1,1.0353,0,0,0,983,190,1.5679,0,0,1,5665.9,0,0.8281,0
1,1,1,1,0.9976,0,0,1,179,0,0.6093,0,0,2,4847.96,0,0.832,0
1,1,0,1,1.0809,0,0,0,2878,126,0.9936,0,0,1,39686.28,0,1.0,0
1,1,0,1,1.0527,0,0,0,1393,130,1.2823,0,0,3,24075.29,0,0.7625,0
1,1,1,1,0.9211,0,0,0,260,127,0.9835,0,0,1,2242.91,0,0.8746,0
1,1,1,1,1.0564,0,0,0,288,140,0.8183,0,0,1,6025.1,0,0.9218,0
1,1,1,1,1.0324,0,0,1,164,5,1.4963,0,0,3,210.64,0,0.8319,0
1,1,1,1,0.9336,0,1,0,1038,193,1.6341,0,0,2,41134.21,0,0.7267,0
1,1,1,1,1.0263,0,0,0,2760,159,1.0469,0,0,3,2491.71,0,0.8653,0
1,1,1,1,1.014,0,0,0,1482,31,1.4832,0,0,2,154.82,0,1.0,0
1,1,1,1,0.9626,0,0,0,2272,16,1.0449,0,0,3,3437.38,0,0.8172,0
1,1,1,1,0.999,0,0,0,2692,106,1.4817,0,0,0,21144.78,0,0.8491,0
1,1,1,1,0.9598,0,0,0,1417,96,1.0544,1,0,1,6186.38,0,0.7978,0
1,1,1,1,0.9835,0,0,0,2337,87,0.6535,0,0,1,13918.56,0,0.94,0
1,1,1,1,1.0974,0,0,0,2715,135,1.5983,0,0,1,5289.51,0,0.9939,0
1,1,1,1,1.0,0,0,0,3022,108,0.4284,0,0,2,12387.0,0,0.9165,0
1,1,1,1,0.9775,0,1,0,2423,50,1.139,0,0,1,11635.31,0,0.9462,0
1,1,1,1,0.9988,0,0,0,1816,173,0.9722,0,0,3,27837.84,0,1.0,0
1,1,0,1,1.1122,0,0,0,1156,59,0.8814,0,0,0,3601.88,0,0.883,0
1,1,1,1,1.1009,0,0,0,1345,8,1.0793,1,0,1,8666.01,0,0.8708,0
1,1,1,1,1.0487,0,0,0,2664,117,0.7163,0,0,2,3349.32,0,0.9417,0
1,1,0,1,0.9911,0,0,0,2427,120,0.9425,0,0,0,10659.37,0,0.7405,0
0,0,1,1,1.0358,0,0,0,834,116,0.8422,0,0,3,5744.98,0,0.8493,0
1,1,0,1,0.9242,0,0,0,3323,36,0.6893,0,0,3,8041.72,0,0.7606,0
1,1,1,1,0.9765,1,0,0,3469,164,1.2225,0,0,3,43024.38,0,0.7339,0
1,1,1,1,0.964,0,0,0,2704,149,0.9683,0,0,0,8092.91,0,0.7927,0
1,1,1,1,1.0227,1,0,1,50,5,1.109,0,0,1,4835.91,0,0.6443,0
1,1,1,1,0.964,0,0,0,247,109,0.7638,0,0,3,14802.67,0,0.8471,0
1,1,1,1,1.6847,0,0,0,1553,34,1.2909,0,0,5,14205.18,0,0.4849,1
1,1,1,1,0.9628,0,0,0,3225,118,0.6794,0,0,2,44034.62,0,0.8473,0
1,1,1,1,0.9242,0,0,0,1246,89,1.0534,0,0,0,2310.16,0,0.8019,0
0,0,1,1,0.886,0,0,0,1124,148,0.6601,0,0,3,67369.69,0,0.7136,0
1,0,1,1,0.8875,0,0,0,3104,193,0.8892,0,0,2,2374.77,0,0.9115,0
1,1,0,1,0.963,0,0,0,1432,24,0.965,0,0,0,22274.22,0,0.8398,0
1,1,0,1,1.0846,0,0,0,925,122,0.7479,0,0,3,5437.72,0,0.9656,0
1,1,1,1,0.9602,0,0,0,3312,161,0.7228,0,0,0,19403.36,0,0.9794,0
1,1,1,1,1.0015,0,1,0,1205,12,1.1302,0,0,2,1033.47,0,0.9309,0
1,1,1,1,1.0026,0,0,0,2656,69,1.1872,1,0,2,2458.13,0,0.9363,0
1,1,1,1,0.9728,0,0,0,3573,21,0.8601,1,0,0,5623.51,0,0.7712,0
1,1,1,1,0.9676,0,0,0,3468,137,0.9122,0,0,1,1001.02,0,0.9337,0
1,1,1,1,0.9758,0,0,0,3118,159,0.6239,1,0,0,17001.68,0,0.8593,0
1,1,1,1,0.9855,0,0,0,1070,90,1.023,0,0,3,6893.81,0,0.8584,0
0,0,1,1,0.951,0,0,0,2655,75,1.3171,0,0,3,15205.33,0,0.9675,0
1,1,1,1,1.0684,0,0,0,3531,141,1.2403,0,0,1,42510.18,1,0.8802,0
1,1,1,1,0.9368,0,0,0,1319,192,1.1686,0,0,0,21822.05,1,1.0,0
1,1,1,0,1.2925,1,0,0,1105,48,2.2046,1,0,11,78149.27,1,0.3736,1
1,1,1,1,1.0686,0,0,0,2264,109,0.7832,0,0,1,27045.77,0,0.9639,0
1,1,1,1,1.0308,0,0,0,1419,79,1.0164,0,0,3,16144.2,0,0.7416,0
0,0,1,1,1.0741,0,0,1,50,0,1.1782,0,0,2,18865.38,0,0.9452,0
1,1,1,1,0.9789,0,0,0,2718,192,0.9001,0,0,0,11062.13,0,0.7836,0
1,1,1,1,1.0615,0,0,0,3436,129,1.2357,0,0,1,15642.99,0,0.8652,0
1,1,1,1,0.9997,0,0,0,1934,46,1.4203,0,0,3,2046.82,0,0.8078,0
1,1,1,1,1.019,0,0,0,3070,55,1.1104,0,1,3,3330.75,0,0.8833,0
1,1,1,1,1.0113,0,0,0,2115,136,0.8206,0,0,1,107663.03,0,0.6941,0
0,0,1,1,1.2097,0,1,0,85,0,0.8586,1,1,5,4773.29,0,0.4951,1
1,1,1,1,0.9069,0,0,0,3214,35,0.6877,0,0,3,52395.79,0,0.8626,0
1,1,0,1,1.0679,0,0,0,1032,163,1.098,0,0,0,35611.7,0,0.7693,0
1,1,1,1,1.0156,0,0,0,2831,99,0.7513,0,0,2,16551.34,0,0.7805,0
1,1,1,1,0.997,0,0,0,2538,105,1.1499,0,0,2,9811.17,0,0.8798,0
1,1,0,1,0.9049,0,0,0,1074,37,0.8963,0,0,2,2355.79,0,0.8801,0
1,1,1,0,1.0416,0,0,1,77,4,1.0907,0,0,2,47365.47,0,0.8872,0
1,1,1,1,1.0945,0,0,0,1668,63,1.1312,0,0,0,4217.73,0,0.9453,0
1,1,1,1,0.9675,0,0,0,421,44,1.1008,0,0,3,13802.85,0,0.9751,0
1,1,1,1,1.0002,0,0,0,1018,33,1.0268,0,0,2,4967.09,0,0.802,0
1,1,1,1,1.0067,0,0,0,495,9,0.8926,0,0,2,1400.34,0,0.7784,0
1,1,1,1,0.9905,0,0,0,812,183,1.1194,0,1,0,5819.32,0,0.9069,0
1,1,1,1,0.9879,0,0,0,1225,82,0.6695,0,0,3,19960.14,0,0.969,0
1,0,1,1,1.0069,0,0,0,2295,76,1.0314,0,0,1,225.89,0,1.0,0
1,1,1,1,0.9981,0,0,0,1827,11,0.8165,0,0,1,28999.73,0,0.9963,0
1,1,1,1,0.9882,0,0,0,2600,135,0.834,1,0,0,27336.96,0,0.8146,0
1,1,1,1,1.0019,1,0,0,1440,155,1.302,0,0,0,7264.67,0,0.9458,0
1,1,1,1,0.9669,0,0,0,764,20,1.1684,0,0,2,19304.76,0,0.8509,0
1,1,0,1,0.9868,0,0,0,932,100,0.8435,0,0,2,8688.35,0,0.9208,0
1,1,1,1,0.923,0,0,0,2455,180,0.8581,0,0,3,5481.82,0,0.9447,0
1,1,1,1,1.0036,0,0,0,778,148,1.2695,0,0,0,2222.71,0,0.9768,0
1,1,1,1,0.9457,0,0,0,2514,175,0.4422,0,0,0,27426.1,0,0.7309,0
1,1,1,1,0.9477,0,0,0,1157,153,0.8533,0,0,0,5562.37,0,0.9239,0
1,1,1,1,1.0338,0,0,0,1625,133,1.1053,0,0,1,24709.34,0,0.8231,0
1,1,1,1,0.9671,0,0,1,177,2,0.9685,0,0,3,33428.39,0,0.9467,0
1,0,1,0,0.9214,0,0,0,1749,152,1.1665,0,0,2,419.6,0,0.8689,0
1,1,1,1,1.0489,0,0,0,1697,18,0.4863,0,0,3,3549.04,0,0.9024,0
1,1,1,1,1.0402,0,0,0,3319,113,0.9818,0,1,3,2885.84,0,0.9232,0
1,1,1,1,0.98,0,0,0,1764,145,1.1719,0,0,0,27908.48,0,0.9592,0
1,1,1,1,1.0264,0,0,0,199,24,0.6063,0,0,3,36540.94,0,0.7586,0
1,1,1,1,0.9988,0,0,0,1164,151,1.6348,0,0,1,28588.41,0,0.8045,0
1,1,1,1,1.029,0,0,0,2054,9,1.3464,0,0,3,6515.73,0,0.7549,0
1,1,1,1,1.0477,0,0,0,2361,6,0.8186,0,0,2,15100.15,0,0.9915,0
1,1,1,1,0.8859,0,0,0,2560,167,1.2038,0,0,3,37832.21,0,0.7042,0
1,1,1,1,1.0297,0,0,0,1788,136,1.0686,0,0,0,7808.65,0,0.8702,0
1,1,0,1,0.9781,0,0,0,915,33,1.4627,0,0,0,1283.78,0,0.9323,0
1,1,1,0,0.9861,0,0,0,2785,132,1.1287,0,0,1,20702.01,0,0.93,0
1,1,1,1,1.0009,0,0,0,2925,35,0.8692,0,0,3,8925.17,0,0.9735,0
1,1,1,1,1.0122,0,0,0,3078,73,0.9295,0,0,3,1936.19,0,0.9346,0
1,1,1,1,1.0432,0,0,0,3043,79,1.0146,0,0,1,28363.15,0,0.9215,0
1,1,0,1,0.9334,0,0,0,860,19,0.6171,1,0,0,8980.27,0,1.0,0
1,1,1,1,0.9955,0,0,0,1949,98,1.2994,0,0,0,1560.3,0,0.9826,0
1,1,1,1,0.9296,0,0,0,3574,31,0.9893,0,0,3,4457.49,0,0.9979,0
1,1,1,1,0.9805,0,0,0,477,129,0.6714,0,0,3,34948.9,0,0.8292,0
1,1,1,1,0.9247,0,0,0,856,116,0.3548,0,0,3,243.1,0,1.0,0
1,1,1,1,1.0744,0,0,0,499,63,0.664,0,0,2,4961.31,0,1.0,0
1,1,1,1,1.0053,0,0,0,1199,102,0.8305,0,0,3,11548.6,0,0.772,0
1,1,0,1,1.0395,0,0,0,1510,190,1.073,0,0,2,28885.59,0,0.8978,0
1,1,1,1,1.1139,0,0,0,3382,31,1.5206,0,0,1,2255.92,0,0.7497,0
1,1,1,1,0.9961,0,0,0,2132,169,1.0603,0,0,2,6440.0,0,0.7906,0
1,1,1,1,0.9291,0,0,1,131,1,1.6214,0,0,1,36994.19,0,0.8527,0
1,1,1,0,0.9268,0,0,0,3048,112,1.5382,0,0,2,7703.62,0,0.8818,0
1,1,0,1,0.9917,0,0,0,1792,48,1.2203,0,0,1,32097.63,0,0.9163,0
1,1,1,1,1.0608,0,0,0,833,51,1.0848,0,0,1,202.89,0,0.6693,0
1,1,1,1,0.935,0,0,0,2470,185,0.4686,0,0,1,36926.95,0,0.7864,0
1,1,1,1,1.0541,0,0,0,890,116,0.4465,0,0,0,3063.25,0,1.0,0
1,1,1,1,1.0664,0,0,0,2899,167,1.2115,0,0,2,20743.12,0,1.0,0
1,1,1,1,0.9649,0,0,0,1295,112,1.0302,0,0,3,17011.43,0,1.0,0
1,1,1,1,0.9446,0,0,0,2743,161,1.2509,0,0,3,8641.95,0,0.8747,0
1,1,1,1,0.9666,0,0,1,140,5,1.1837,0,0,3,61500.06,0,0.8834,0
1,1,1,1,1.0446,0,0,1,63,1,0.7267,0,0,3,7090.37,0,0.7173,0
1,1,1,1,0.9649,0,0,0,3631,189,0.639,0,0,2,23640.98,0,0.8429,0
1,1,1,1,1.0961,0,0,1,169,3,1.3862,0,0,0,2275.9,0,0.8266,0
1,1,1,1,0.9624,0,0,0,1369,170,1.2296,1,0,0,36796.26,0,0.8377,0
1,1,1,1,0.9939,0,0,1,158,3,0.9714,0,0,3,12243.02,0,0.6592,0
1,0,1,1,1.0874,0,0,0,2439,33,0.7776,0,0,3,23223.11,0,0.7015,0
1,1,1,1,1.0303,0,0,0,565,77,0.5687,0,0,3,13247.51,0,0.9689,0
1,1,0,0,1.0901,0,1,0,288,35,1.1705,0,1,5,48773.07,0,0.3819,1
1,1,1,0,1.0087,0,0,0,3082,37,1.2666,0,0,1,4707.02,0,0.8434,0
1,1,1,1,0.96,0,0,0,3208,88,0.6731,0,0,3,3274.87,0,0.8152,0
1,1,1,1,0.9627,0,0,0,478,72,1.186,0,0,3,8273.42,0,0.8219,0
1,1,0,1,1.0896,0,0,0,1862,44,1.5893,0,0,3,9609.05,0,1.0,0
1,1,1,1,1.1299,0,0,1,69,4,1.1281,0,0,0,3203.55,0,0.9722,0
1,1,1,0,0.9099,0,0,0,271,124,0.609,0,0,1,14175.77,0,0.8171,0
1,1,1,1,1.0799,0,0,0,949,17,1.4096,0,0,3,2874.82,0,0.9164,0
1,1,1,1,1.0494,0,0,0,1056,167,1.0027,0,1,1,2363.68,0,0.775,0
1,1,1,1,1.0594,0,0,0,3168,140,0.9636,0,0,2,28446.4,0,0.7916,0
1,1,1,1,1.0817,0,0,0,3302,71,1.5381,0,0,1,2254.52,0,0.9068,0
1,1,1,1,1.0235,0,0,0,1504,147,1.5711,0,0,0,14243.21,0,0.7759,0
1,1,1,1,1.0039,0,0,0,1403,143,1.1136,0,0,1,8377.81,0,0.9099,0
1,1,1,1,0.9719,0,0,0,2796,24,1.2687,0,0,3,18083.92,0,0.8063,0
1,1,1,1,0.9473,0,0,0,887,191,1.0088,0,0,2,2016.37,0,0.9996,0
1,1,1,1,0.9947,0,0,0,635,40,1.291,0,0,0,443.73,0,0.7194,0
1,1,1,1,1.0855,0,0,0,983,18,0.3132,0,0,3,3657.27,0,0.7076,0
1,1,1,1,1.0588,0,0,0,2528,136,1.1707,0,0,1,23646.58,0,0.7279,0
1,1,1,0,0.9699,0,0,0,500,31,1.0601,0,0,0,29810.42,0,0.9356,0
1,1,1,1,0.9473,0,0,0,2811,133,0.7845,0,0,1,5706.03,0,0.8231,0
0,0,1,1,1.0229,0,0,0,760,77,0.6589,0,0,3,32375.76,0,0.8442,0
1,1,1,1,0.958,0,1,0,3386,9,1.0631,0,0,1,9990.74,0,0.9937,0
0,0,1,1,0.9901,0,0,0,2048,126,0.6132,0,0,1,6858.48,0,0.9055,0
1,1,1,1,1.0154,0,0,0,679,181,0.9298,0,0,2,52444.2,0,0.7043,0
1,1,1,1,1.0217,0,0,0,2265,75,0.9627,0,0,0,64555.53,0,0.9772,0
1,1,1,1,1.0484,0,0,1,161,1,1.0679,0,0,0,337.9,0,1.0,0
1,1,1,1,1.0312,0,0,0,635,121,1.1508,0,0,1,519.62,0,0.7789,0
1,1,1,1,0.9299,0,0,0,582,102,0.2,0,0,2,10946.64,0,0.814,0
0,0,1,1,1.0073,0,1,1,62,1,1.6575,1,0,4,71240.93,0,0.955,1
1,1,1,1,1.0696,0,0,0,2894,131,0.6482,0,0,1,3827.14,0,0.9057,0
1,1,1,1,0.9853,0,0,0,1015,157,0.7637,0,0,2,19163.76,0,0.8125,0
1,1,1,1,1.0162,0,0,0,2791,163,1.4793,0,0,0,31258.04,0,0.8716,0
1,0,1,1,1.0081,0,0,0,2167,107,0.9942,0,0,1,31745.13,0,0.7773,0
1,1,1,1,1.0461,0,0,0,600,144,1.7035,0,0,2,6816.55,0,0.8952,0
1,1,1,1,0.9312,0,0,0,1994,91,0.6755,0,0,2,17492.34,0,0.8349,0
1,1,1,1,0.9952,0,0,0,553,147,1.2317,0,0,1,15738.59,0,0.8712,0
1,1,1,1,1.0342,0,0,0,1386,30,0.851,0,0,3,21147.77,0,0.7218,0
1,1,1,1,0.9097,0,1,0,3291,131,0.7856,0,0,0,14314.12,0,0.9473,0
1,1,1,1,1.094,0,0,0,681,113,1.0266,0,0,3,16643.04,0,0.757,0
1,1,1,1,1.0426,0,1,0,3639,84,0.8723,0,0,1,24716.04,0,0.9774,0
0,0,1,1,1.0,0,0,0,2909,85,1.1921,0,0,0,289.22,0,0.9404,0
1,1,0,1,0.959,0,0,0,432,111,1.017,0,0,1,19504.77,0,0.7981,0
1,1,1,1,1.0718,0,0,0,2939,102,0.7629,0,0,3,1192.13,0,0.8327,0
1,1,1,1,0.9325,0,0,0,1328,53,0.6981,0,0,2,3307.14,0,0.8825,0
1,1,1,1,1.0094,0,1,1,145,2,1.2902,0,0,2,4378.67,0,0.6288,0
1,1,1,1,1.0231,0,0,0,3228,67,0.8332,0,0,3,20288.68,0,0.7532,0
1,1,1,1,0.9542,0,0,0,3278,19,1.1939,0,0,1,364.25,0,0.8909,0
1,1,1,1,0.9501,0,0,0,2918,115,0.8814,0,0,0,21755.93,0,0.969,0
1,1,1,1,0.9827,0,0,0,3640,77,1.2394,0,0,0,24664.2,0,0.8891,0
1,1,1,1,1.069,0,1,0,3434,175,1.2223,0,0,0,801.56,0,0.8313,0
1,1,1,1,0.9047,0,0,0,2588,18,1.2666,0,0,3,3421.23,0,0.9007,0
1,1,1,1,0.9934,0,0,0,2453,98,0.8625,0,0,0,31656.51,0,0.8174,0
1,0,1,1,0.964,0,0,0,280,151,0.6783,0,0,1,16065.36,0,0.759,0
1,1,1,1,0.949,0,0,0,3144,163,0.4626,0,0,1,22342.22,0,0.8751,0
1,1,1,0,0.8859,0,0,0,854,175,0.8641,0,0,3,759.72,0,0.94,0
1,1,1,1,1.0874,0,0,0,2398,158,0.6005,0,0,3,6043.88,0,0.9274,0
1,1,1,1,1.0007,0,0,0,258,176,1.1353,1,0,0,3361.68,0,0.8901,0
1,1,1,1,0.9838,0,0,0,3594,57,1.1342,0,0,3,11371.4,0,0.8542,0
1,1,1,1,0.9821,0,0,1,132,4,0.7671,0,0,2,66571.34,0,0.7677,0
1,1,1,1,1.017,0,0,0,2958,91,1.1606,0,0,3,2258.07,0,0.8765,0
1,1,1,1,1.0496,0,0,0,1499,114,0.9897,0,0,0,11254.57,0,0.9367,0
1,1,1,1,1.0368,0,0,0,1928,76,1.3642,0,0,2,1153.11,1,0.8035,0
0,0,1,1,0.9864,0,0,0,2520,53,0.4872,0,0,0,15766.98,0,0.9116,0
1,1,0,1,0.9985,0,0,0,2524,176,1.0281,0,0,1,3980.41,0,0.8957,0
1,1,1,1,0.9882,0,0,0,1691,26,1.4097,0,0,2,6237.27,0,0.9951,0
1,1,1,1,1.064,0,0,0,1062,70,0.8417,0,0,1,2176.72,0,0.9362,0
1,1,1,1,1.0078,0,0,0,1560,52,1.021,0,0,0,239.99,0,0.8087,0
1,1,0,1,1.0263,0,0,0,1193,18,1.0433,0,0,2,10677.61,0,0.8668,0
0,0,1,1,0.9992,0,0,0,3390,171,0.4129,1,0,0,542.82,0,0.7696,0
0,0,1,1,0.9111,0,0,0,3211,168,0.8168,0,0,2,25073.74,0,0.7545,0
1,1,1,1,0.9816,0,0,0,3434,146,1.2735,0,0,3,10225.61,0,0.9233,0
1,1,0,1,1.0863,0,0,0,3249,74,1.1687,0,0,0,5523.46,0,0.9417,0
1,1,1,1,0.9733,0,0,1,129,5,1.1558,0,0,3,31648.02,0,1.0,0
1,1,1,0,1.0167,0,0,0,2064,188,0.9661,0,0,3,7266.83,0,0.732,0
1,1,1,1,1.0281,0,0,0,1843,145,0.5592,0,0,0,18631.76,0,0.9849,0
1,1,1,0,0.9188,0,0,0,1018,95,1.1081,0,0,0,13203.45,0,0.9291,0
1,1,1,1,0.9672,0,0,0,2147,102,1.0484,0,0,3,17432.59,0,0.7764,0
1,1,1,1,1.0092,0,0,0,924,13,0.4981,0,0,1,456.7,0,0.7963,0
1,1,1,1,1.0661,0,0,0,1004,28,0.4727,0,0,1,16629.68,0,0.7565,0
1,1,1,1,0.9472,0,0,0,1432,116,1.0168,0,0,2,58363.8,0,0.8713,0
1,1,1,1,0.9498,0,0,0,3560,174,0.4388,0,0,3,706.15,0,0.9812,0
1,1,1,1,0.9569,0,0,1,31,5,0.6803,0,0,1,40776.41,0,0.8259,0
1,1,1,1,1.0214,0,0,0,3262,98,1.0615,0,0,1,10235.06,0,0.8478,0
1,1,1,1,0.9874,0,0,0,299,171,1.218,0,0,0,17314.6,0,0.9185,0
1,1,1,1,0.9043,0,0,0,1578,160,0.7422,0,0,2,6606.04,0,0.9933,0
1,1,1,0,1.0661,0,0,0,1159,25,0.9384,0,0,10,64809.11,1,0.5525,1
1,1,1,1,1.11,0,0,0,3430,167,0.6569,0,1,3,5445.03,0,0.8626,0
1,1,1,1,1.0098,0,0,0,2943,140,0.882,0,0,2,6759.47,0,0.737,0
1,1,1,1,1.9638,0,0,0,999,5,3.3233,0,0,1,64274.1,0,0.532,1
1,1,1,1,1.0015,0,0,0,1331,178,1.1454,1,0,3,5652.14,0,0.8523,0
1,1,1,0,0.9527,0,0,0,2895,89,1.1506,0,0,0,9474.47,0,0.8227,0
1,1,1,1,0.9646,0,0,0,3440,113,1.3304,0,0,2,1891.1,0,0.9643,0
1,1,1,1,1.028,0,0,0,505,143,0.5993,0,0,0,11202.15,0,0.8861,0
1,1,1,1,1.0417,0,0,0,2911,58,0.7417,0,0,2,3867.03,0,0.7574,0
1,1,1,1,0.9474,0,0,1,175,5,1.3052,0,0,2,27904.26,0,0.8861,0
1,1,1,1,0.9811,0,1,0,1380,188,0.8069,0,0,3,31732.91,0,0.9367,0
1,1,1,1,1.0173,0,0,1,78,5,1.1423,0,0,0,12888.55,0,0.8016,0
1,1,1,0,0.9609,0,0,0,977,91,1.5276,0,0,1,140.85,0,0.8329,0
1,0,1,1,1.0171,0,0,0,1755,7,0.6415,0,0,0,72.68,0,0.603,0
1,1,1,1,0.9441,0,0,0,495,55,0.2444,0,0,2,15926.25,0,0.8759,0
1,1,1,1,0.9768,0,0,0,2784,87,1.2895,0,0,2,21900.09,0,0.8486,0
1,1,1,1,0.9568,0,0,0,2296,137,1.3739,1,0,0,50193.7,0,1.0,0
1,1,1,0,1.0272,0,0,0,3079,59,1.313,0,0,3,23912.46,0,0.8513,0
1,1,1,1,1.0127,0,0,0,2444,67,0.4526,0,0,1,4321.95,0,0.9839,0
1,1,1,1,0.984,0,0,0,1199,102,0.702,0,0,0,27266.66,0,0.7232,0
1,1,1,1,0.955,0,0,0,3004,66,1.3905,0,0,2,907.31,0,0.9727,0
1,1,1,1,1.0241,0,0,0,1560,62,0.9119,0,0,3,5282.29,0,0.8688,0
1,1,1,1,0.939,0,0,0,2022,87,1.2049,0,1,0,1535.63,0,0.7491,0
1,1,1,1,0.9624,0,0,0,1260,47,1.0759,1,0,0,25696.42,0,0.7337,0
1,1,1,1,1.012,0,0,0,2399,192,1.0456,0,0,2,7999.25,0,0.7649,0
1,1,1,1,1.0257,0,0,0,3049,13,1.4378,0,0,1,1383.27,0,0.8861,0
1,1,0,1,1.0507,0,0,0,2574,88,0.9819,0,0,1,7905.3,0,0.8979,0
1,1,1,1,1.0066,0,0,0,3122,37,1.1031,0,0,1,7160.43,0,0.8745,0
1,1,1,1,0.9575,0,0,0,2371,195,0.8443,0,0,1,10447.06,0,0.8878,0
0,0,1,1,1.0152,0,0,0,2290,194,0.8536,0,0,2,13369.54,0,0.7661,0
1,1,1,1,1.0568,0,0,0,485,90,1.4721,0,0,3,32259.31,0,1.0,0
0,0,1,1,0.9997,0,0,0,1171,157,1.3113,0,1,3,48553.56,0,0.9485,0
1,1,1,1,0.9137,0,0,0,1112,56,1.2365,0,0,1,10146.06,1,0.8197,0
1,1,1,1,1.0201,0,0,0,2446,185,0.9914,0,0,0,6509.79,0,0.8748,0
1,0,1,0,1.0737,0,0,0,808,162,1.3258,0,0,1,10418.87,0,0.9148,0
1,1,1,1,0.9321,0,0,1,159,4,0.9175,0,0,1,19060.94,0,0.7092,0
1,1,1,0,2.1564,0,0,0,1632,18,0.3,1,0,3,60962.0,0,0.5564,1
1,1,1,1,0.9612,0,0,0,3314,107,0.8468,0,0,0,12492.75,0,0.7957,0
1,1,1,1,1.0348,0,0,0,1520,169,1.0313,0,0,0,2284.7,0,0.8982,0
1,1,1,1,0.9452,0,0,0,3607,46,1.2515,0,0,3,7824.46,0,0.877,0
1,1,1,1,0.9718,0,0,0,3213,51,0.6227,0,0,0,12310.01,0,0.8282,0
1,1,1,1,1.0701,0,0,0,3551,146,0.4946,0,0,2,16339.3,0,0.8209,0
1,1,1,1,1.0259,0,0,0,2361,63,0.4813,0,0,1,26423.31,0,0.9109,0
1,1,0,1,0.9572,0,0,0,2758,49,0.9944,0,0,3,6974.2,0,0.7863,0
1,1,1,1,1.0013,0,0,0,3321,132,0.3918,0,0,0,4328.41,0,0.8929,0
1,1,1,1,0.9539,0,0,0,3578,36,0.985,0,1,0,244.52,0,0.78,0
1,1,1,1,1.0089,0,0,0,985,8,0.2,0,0,3,3021.56,0,0.8647,0
1,1,1,1,0.9972,0,0,0,923,162,1.0294,0,0,1,6826.68,0,0.9992,0
1,1,1,1,1.0314,0,0,0,1053,15,1.198,0,0,1,2550.87,0,0.8291,0
1,1,1,1,0.9825,0,0,1,134,3,1.228,0,0,3,76304.71,0,0.8788,0
1,1,1,1,0.9615,0,0,0,3511,178,1.115,1,0,0,8331.18,0,0.7787,0
1,1,1,1,1.0173,0,0,0,1706,145,1.4828,0,0,2,5234.68,0,0.7515,0
1,1,1,1,1.001,0,0,1,52,3,0.9085,0,0,3,12200.0,0,0.7451,0
1,1,0,1,0.9711,0,0,0,2293,66,0.6662,0,0,2,30036.84,0,0.7758,0
1,1,0,1,1.0592,0,0,1,107,3,0.9666,0,0,2,25241.77,0,0.8149,0
1,1,1,1,1.0327,0,0,0,1124,63,1.4348,0,0,3,1427.26,0,0.8157,0
1,1,1,1,1.0519,0,1,0,1087,91,0.6227,0,0,2,12272.05,1,0.9792,0
1,1,0,1,0.983,0,0,0,1680,150,0.9386,0,0,2,6614.52,0,1.0,0
1,0,1,1,0.994,0,0,0,609,47,1.2348,0,0,0,46426.48,0,0.8859,0
1,1,0,1,0.751,0,0,0,1032,16,0.9454,1,0,12,127311.19,1,0.4817,1
1,1,1,1,0.9828,0,0,1,168,2,1.3433,0,0,0,44324.58,0,0.7644,0
0,0,1,0,1.0254,0,0,0,3345,100,1.1825,0,0,3,38301.79,0,0.7874,0
1,1,1,1,0.9178,0,0,0,1134,43,1.9321,0,0,3,2933.35,0,0.8389,0
1,0,1,1,0.9066,0,0,0,2120,172,1.1329,0,0,1,2218.33,0,0.8912,0
0,0,1,1,1.0302,0,0,0,2918,7,0.854,0,0,2,33316.07,0,1.0,0
1,1,1,1,0.9422,0,0,0,2224,40,0.9235,0,0,1,9415.72,0,0.7406,0
1,1,1,1,1.0346,0,0,0,1526,42,1.0978,0,0,0,927.57,0,0.7274,0
1,1,1,1,0.9856,0,0,0,2990,147,1.5276,0,0,3,8592.28,0,0.7722,0
1,1,1,1,0.9534,0,0,0,732,22,1.0566,0,0,1,9792.37,0,1.0,0
1,1,1,1,1.0161,0,0,0,361,153,0.9318,0,0,3,4697.06,0,0.6879,0
1,1,0,1,1.0455,0,0,0,2320,13,1.0344,0,0,3,1872.7,0,0.794,0
1,1,1,1,1.025,0,0,1,102,3,0.7928,0,0,2,14547.62,0,0.8345,0
1,1,1,1,0.9658,0,0,0,2623,32,0.6463,0,0,2,5487.44,0,0.8532,0
1,1,1,1,1.112,0,0,1,69,3,0.581,0,0,1,54024.15,0,0.6948,0
1,1,1,1,1.0426,0,0,0,3435,95,0.7809,0,0,1,483.16,0,0.7933,0
1,1,1,1,0.9913,0,0,0,465,8,1.0557,0,0,3,26701.64,0,0.9831,0
1,1,1,1,1.035,0,0,0,506,188,1.1063,0,0,3,5550.19,0,0.7472,0
1,1,1,1,1.0328,0,0,0,2511,87,1.3582,0,0,1,1698.71,0,0.8089,0
1,1,1,1,0.9482,0,0,0,2178,7,1.0205,0,0,1,25260.16,0,0.8359,0
1,1,1,1,1.0375,0,0,0,1109,98,0.4866,0,0,2,8028.97,0,0.7866,0
1,1,1,1,0.9041,0,0,0,2427,13,0.9572,1,0,0,7558.74,0,0.8635,0
1,1,1,1,1.0662,0,0,0,1416,92,1.0633,0,0,2,3482.81,0,0.8745,0
1,1,1,1,1.0046,0,0,0,2839,42,1.1026,0,0,3,626.53,0,1.0,0
1,0,1,1,0.9276,0,0,0,3120,161,0.5781,0,0,0,17654.13,0,0.9326,0
1,1,1,1,0.9355,0,0,0,1079,162,1.0146,0,0,1,28761.83,0,0.8043,0
1,1,1,1,1.1072,0,0,0,1912,13,1.3198,0,0,0,5224.22,0,0.7685,0
1,1,1,1,0.9248,0,0,0,2869,96,0.6982,0,0,1,1056.28,0,0.5527,0
1,1,1,1,0.9103,0,0,0,2199,120,0.747,0,0,0,25160.69,0,0.9603,0
0,0,1,1,0.9602,0,0,0,2236,41,0.8496,0,0,2,3317.59,0,0.9441,0
1,1,1,1,1.0115,0,0,0,913,113,1.3577,0,0,1,3314.32,0,0.9162,0
1,1,1,1,0.9611,0,0,0,913,54,1.327,0,0,1,9313.0,0,0.6543,0
1,1,1,1,0.9676,0,0,1,36,2,1.2951,0,0,2,20492.06,0,0.7405,0
1,1,1,1,0.9369,0,0,0,2686,13,0.8324,0,0,3,3387.26,0,0.9272,0
1,1,1,1,1.0271,0,0,0,1853,200,0.8657,0,0,1,11310.01,0,0.6639,0
1,1,1,1,1.0113,0,0,0,2068,171,0.8333,0,0,3,1561.9,0,0.8622,0
1,0,1,1,0.9222,0,0,1,8,1,3.5229,0,0,3,13054.69,0,0.7318,1
1,1,1,1,1.0543,0,0,1,156,3,0.747,0,0,1,5543.61,1,0.7446,0
1,1,1,1,0.977,0,0,0,972,155,1.3616,0,0,3,2925.44,0,0.6759,0
1,1,1,1,1.0168,0,0,0,2067,70,0.8698,0,0,2,32134.39,0,0.9008,0
1,1,1,1,0.9201,0,0,0,1794,116,0.997,0,0,0,22818.12,0,0.7366,0
1,1,1,1,0.9778,0,0,0,582,13,0.6465,1,0,1,320.78,0,0.8372,0
1,1,1,1,1.0332,0,0,0,1390,36,0.6031,0,0,1,5949.35,0,0.8239,0
1,1,1,1,0.8914,0,0,0,846,83,1.439,0,0,1,1323.27,0,0.8477,0
1,1,1,1,1.0041,0,0,0,2722,50,0.7346,0,0,2,6629.79,0,0.7936,0
1,1,1,1,0.9605,0,0,0,1921,10,0.6751,0,0,1,1971.99,0,0.556,0
1,1,1,1,1.102,0,0,0,1227,132,1.1569,0,0,3,1302.55,0,0.9795,0
1,1,1,1,0.9733,0,0,1,54,4,0.964,0,0,0,33676.15,0,0.9023,0
1,1,1,1,1.0298,0,0,0,2308,74,1.3442,0,0,0,65577.77,0,0.7592,0
1,1,1,1,0.9397,0,0,1,125,0,0.6092,0,0,2,9668.22,0,0.7668,0
1,1,1,1,0.9265,0,0,0,3155,193,0.8959,0,0,1,2638.33,0,0.9368,0
1,1,1,1,0.9587,0,0,0,2489,72,0.8526,0,0,3,6832.86,0,0.8096,0
0,0,1,1,1.0131,0,0,0,3018,197,0.7464,0,0,0,15384.42,0,0.8267,0
1,1,1,1,1.0084,0,0,0,468,75,0.7956,0,0,3,1674.96,0,0.7461,0
1,1,1,1,0.9988,0,0,0,1008,61,0.5142,0,0,1,24234.63,0,0.9632,0
1,1,0,1,1.0042,0,0,1,153,2,1.0502,0,0,2,6030.1,0,0.9207,0
1,1,1,1,1.0788,0,1,0,451,92,1.3069,0,0,3,38021.18,0,0.7044,0
1,1,1,1,0.9915,0,0,0,606,144,1.0588,0,0,2,10338.42,0,0.8183,0
1,1,1,1,0.9098,0,0,0,2703,24,1.3243,0,0,3,4748.91,0,0.8908,0
1,1,1,1,1.0646,0,0,0,3278,44,0.9733,0,0,3,3242.09,0,0.8027,0
1,1,1,1,0.9511,0,0,1,79,2,1.1265,0,0,2,3536.88,0,1.0,0
1,1,1,1,1.0131,0,0,0,1980,47,0.8926,0,0,1,10938.3,0,1.0,0
1,1,0,1,0.9662,0,0,0,1710,125,0.8908,0,0,1,8052.33,0,0.8058,0
1,1,1,1,0.9089,0,0,0,1384,13,1.334,0,1,1,5768.72,0,0.7704,0
1,1,0,1,1.0717,0,0,0,1543,13,0.9022,0,0,0,4437.84,0,0.7878,0
1,1,1,1,0.935,0,0,0,2210,30,0.8412,0,0,3,11754.65,0,0.9091,0
1,1,1,1,1.0161,0,0,0,369,59,1.0572,0,0,1,32439.69,0,0.7768,0
1,1,1,1,1.0585,0,1,0,2317,49,0.9851,0,0,0,34162.45,0,0.723,0
1,1,1,1,0.9778,0,0,0,392,118,0.4806,0,0,0,8662.9,0,0.8481,0
1,1,1,1,0.9851,0,0,0,957,162,1.1521,0,1,0,8063.47,0,0.6678,0
1,1,1,1,0.9499,0,0,0,1385,119,1.0726,0,0,1,16609.22,0,0.8062,0
1,1,0,1,0.9858,0,0,0,2205,143,0.9759,0,0,1,5270.97,0,0.8512,0
1,1,1,1,0.9637,0,0,0,1975,60,0.7723,0,0,1,298.46,0,0.6903,0
1,1,1,1,0.9419,0,0,0,975,198,0.6926,0,0,3,2417.94,0,0.8161,0
1,1,0,1,0.9888,0,0,0,216,40,0.85,0,0,2,9881.22,0,0.671,0
1,1,1,1,1.0187,0,0,0,3453,20,1.3444,0,0,2,43017.84,0,0.7463,0
1,1,1,1,1.0689,0,0,1,38,0,1.372,0,1,2,9038.04,0,0.7687,0
1,1,1,1,0.9411,0,0,0,260,98,0.6168,0,0,1,4319.39,0,0.9483,0
1,1,1,1,1.0335,0,0,0,2814,168,1.391,0,0,3,52289.51,0,0.9037,0
0,0,1,1,0.9991,0,0,0,1043,182,0.3932,1,0,3,4802.4,0,0.9367,0
1,1,1,1,1.0355,0,0,0,2839,103,0.6923,0,0,0,14169.02,0,0.8986,0
1,1,1,1,0.9426,0,0,0,834,166,1.1112,0,0,3,15437.49,0,0.8706,0
1,1,1,0,0.9531,0,0,0,1067,140,1.2872,0,0,1,2667.81,0,0.8785,0
1,1,1,1,1.0505,0,0,0,3447,178,1.2398,0,0,1,49443.18,0,0.8898,0
1,1,1,1,0.9266,0,0,0,962,40,0.8868,0,0,2,4069.39,0,1.0,0
1,1,1,1,1.0126,0,0,1,134,3,0.4124,0,0,2,1896.51,0,0.631,0
1,1,1,1,1.0108,0,0,0,3522,152,0.9865,0,0,2,25.8,0,0.7909,0
1,1,1,1,1.0155,0,0,0,1227,9,1.571,0,0,0,1977.48,0,1.0,0
1,1,1,1,1.0161,0,0,0,3640,114,1.3632,0,0,1,21526.62,0,0.9538,0
1,1,0,1,0.9494,1,0,0,1758,8,0.7104,0,0,1,116703.86,0,0.375,1
1,1,1,1,0.9687,0,0,0,1455,59,0.8147,0,1,2,12700.87,0,0.9948,0
1,1,1,1,0.973,0,0,0,2404,121,1.0447,0,0,0,12910.43,0,0.806,0
1,1,1,1,0.9905,0,0,0,1677,175,1.0815,0,0,1,7144.7,0,0.82,0
1,1,1,1,0.9511,0,0,0,2874,169,0.3996,0,0,1,7812.22,0,0.9372,0
1,1,1,1,0.9882,0,0,0,1018,66,1.0974,0,0,1,5977.4,0,0.9628,0
1,1,1,1,0.9928,0,0,0,751,164,1.2778,0,0,0,48255.94,0,0.7595,0
1,1,1,1,1.1058,0,0,1,68,0,0.4266,0,0,1,5854.9,0,0.7442,0
1,1,1,1,0.9748,0,0,0,504,141,1.0474,0,0,0,19088.55,0,1.0,0
1,1,1,1,0.9957,0,0,0,1837,133,0.9497,0,0,0,9560.61,0,0.8357,0
1,1,1,1,0.9816,0,0,0,1773,78,0.6827,0,1,2,292.88,0,0.8171,0
1,1,1,1,1.0116,0,0,1,84,2,0.9822,0,0,0,22475.18,0,0.9784,0
1,0,1,1,0.9776,0,0,0,707,97,1.1106,0,0,0,36739.5,0,0.8998,0
1,1,1,1,0.9813,0,0,0,2624,44,1.1652,0,0,2,16736.92,1,0.7763,0
1,1,1,1,0.9618,0,0,1,127,0,1.01,0,0,2,20548.61,0,0.7794,0
1,1,1,1,0.9814,0,0,0,713,12,0.8637,0,0,1,333.26,0,0.8875,0
1,1,1,1,1.0793,0,1,0,3145,132,1.4854,0,0,0,2500.98,0,0.8783,0
1,1,1,1,1.0637,0,0,0,1820,26,1.1104,0,0,1,10970.75,0,0.9561,0
1,1,1,1,1.073,0,0,0,661,130,1.3715,0,0,2,33888.84,0,0.8901,0
1,1,1,1,0.9708,0,0,0,2205,115,1.1077,0,0,2,16058.9,0,0.9107,0
0,0,1,1,1.0291,0,0,1,99,4,1.1741,0,0,2,20623.36,0,0.9611,0
1,1,1,1,1.0348,0,0,0,1177,125,0.8534,0,0,0,30731.51,0,0.8883,0
1,1,1,1,0.9313,0,0,0,3216,33,1.1201,0,0,2,6860.72,0,0.8795,0
1,1,1,1,0.9604,0,0,0,3092,152,1.3775,0,0,1,3641.27,0,0.9797,0
1,1,1,1,0.9437,0,0,1,95,3,0.9437,0,0,1,11393.76,0,0.8343,0
1,1,1,1,0.9365,0,0,0,2728,163,0.9445,0,0,1,54847.97,0,0.8786,0
1,1,1,1,0.9912,0,0,0,2861,107,0.915,0,1,2,3350.12,0,0.7951,0
1,1,1,1,0.9241,0,0,0,881,180,0.2,0,0,1,10144.3,0,0.7484,0
1,1,1,1,0.9482,0,0,0,2500,96,0.9893,0,0,0,5794.28,0,0.9115,0
1,1,1,1,0.948,0,0,0,3526,14,1.1252,0,0,1,1908.04,0,0.649,0
1,1,1,1,0.9727,0,0,0,2805,147,0.8016,0,0,3,7087.25,0,0.7155,0
0,0,0,1,1.4061,0,0,1,50,2,0.6778,0,1,1,125.28,0,0.2076,1
1,1,1,1,1.0,0,0,0,774,90,1.2117,0,0,0,5081.06,0,0.9358,0
0,0,1,1,0.9982,0,0,0,2585,175,1.232,0,0,0,14642.01,0,0.8835,0
1,1,1,1,1.0094,0,0,0,3241,173,1.3956,0,0,1,13732.37,0,0.706,0
1,1,1,1,1.0121,0,0,0,3071,68,0.9116,0,0,0,4206.37,0,0.8352,0
1,1,1,1,0.9956,0,0,0,1885,89,1.1704,0,0,1,27892.72,0,0.9083,0
1,1,0,1,0.9298,0,0,0,356,196,0.7783,0,0,2,39247.03,0,0.9032,0
1,1,1,1,0.933,0,0,0,2663,10,1.0792,0,0,2,19896.79,0,0.9071,0
1,1,1,1,0.9497,0,0,0,2952,189,0.8725,0,0,3,12751.36,0,0.9398,0
1,1,1,1,1.0558,0,0,0,1649,53,1.0692,0,0,0,23398.08,0,0.9449,0
1,1,0,1,1.0013,0,0,0,1834,120,1.1298,0,0,2,34863.44,0,1.0,0
1,0,1,1,1.0426,0,0,0,2748,140,0.9845,0,0,3,4727.01,0,0.964,0
1,1,1,0,1.0885,0,0,0,1208,106,1.2517,0,0,2,11113.07,0,0.8589,0
1,1,1,1,1.0279,0,0,0,2300,39,0.9793,0,0,1,9467.02,0,0.7608,0
1,1,1,1,0.9776,0,0,0,3120,28,1.2242,0,0,3,31366.45,0,0.8945,0
1,1,1,1,0.9867,0,0,0,753,101,0.9748,0,0,1,1430.84,0,0.7768,0
0,0,1,1,1.0746,0,0,0,1739,82,0.6677,0,0,3,5883.28,0,0.8721,0
1,1,1,1,0.9676,0,0,0,2455,162,0.4264,0,0,1,14893.11,0,0.9749,0
1,1,1,1,1.0722,0,0,1,50,3,1.1662,0,0,0,9633.19,0,0.8912,0
1,1,1,1,0.9648,0,0,1,102,0,0.8751,0,0,3,10657.07,0,0.7533,0
1,1,1,1,1.0047,0,0,0,359,154,0.6209,0,0,3,13569.6,0,0.9485,0
1,1,1,1,1.0094,0,0,0,476,149,0.5195,0,0,0,50178.4,0,0.9475,0
1,1,1,1,0.9646,0,0,0,3499,64,0.7946,0,0,3,8180.04,0,1.0,0
1,1,1,1,1.0313,0,0,0,340,148,0.6442,0,0,3,747.61,0,0.8592,0
1,1,1,1,1.0293,1,0,0,2390,119,1.4175,0,0,1,16126.22,0,0.9076,0
1,1,1,1,0.9923,0,0,0,1958,42,0.8915,0,0,0,1429.09,0,0.8217,0
1,1,1,1,0.9736,0,0,0,760,142,0.9441,1,0,3,58598.64,0,0.9122,0
1,1,1,1,0.9315,0,0,0,3123,196,0.7061,1,0,1,13682.54,0,0.7526,0
1,1,1,1,1.0506,0,0,0,497,167,1.1394,0,0,1,21126.04,0,0.8725,0
0,0,1,1,0.9437,0,0,0,3428,149,1.1337,1,0,3,3223.29,0,0.6962,0
1,1,1,1,0.927,0,0,0,3298,27,1.4358,0,0,1,30180.81,0,0.8511,0
1,1,1,1,0.9887,0,0,0,1146,6,1.1733,0,0,1,4953.6,0,0.9115,0
1,1,1,1,0.9091,0,0,0,1336,112,0.6463,0,0,0,37469.03,0,0.9674,0
1,1,1,1,0.995,0,0,0,3085,194,1.1982,0,0,2,26856.94,0,0.8527,0
1,1,1,1,1.0019,0,0,0,559,125,1.2851,0,0,3,5308.91,0,0.7715,0
1,1,1,1,0.9503,0,0,0,3424,181,0.6451,1,0,3,7131.09,0,0.7429,0
1,1,1,1,1.0016,0,0,0,1173,160,0.9163,0,0,1,56442.92,0,0.7449,0
1,1,1,1,0.9733,0,0,1,175,2,0.2,0,0,0,22982.96,0,1.0,0
1,1,1,1,1.0007,0,0,0,3503,60,1.1188,0,0,0,9167.85,0,0.8556,0
1,1,1,1,1.0017,0,0,1,92,2,1.0279,0,0,2,15400.2,0,0.7691,0
1,1,1,1,0.9959,0,1,0,361,23,0.2,0,0,3,13116.61,0,0.8614,0
1,1,1,1,1.0069,0,0,0,2445,91,0.7885,0,0,3,5132.63,0,0.979,0
1,1,1,1,0.9351,0,0,0,3404,41,1.5844,0,0,2,37595.11,0,0.7067,0
1,1,1,1,1.0288,0,0,0,365,19,0.5803,0,0,2,31.55,0,0.63,0
1,1,1,1,1.0322,0,0,0,1322,108,0.5649,0,0,2,4388.51,0,0.7408,0
1,1,1,1,1.0729,0,0,0,2382,93,0.8086,0,0,3,2591.78,0,0.8844,0
1,1,1,1,0.9915,0,0,0,3538,180,1.0113,0,0,3,11843.11,0,0.7773,0
1,1,1,1,0.9582,0,0,0,2124,178,1.3628,0,0,1,10959.4,0,0.7516,0
1,1,1,1,0.9276,0,0,0,2542,134,0.8235,1,0,2,944.7,0,0.6995,0
0,0,1,1,0.9912,0,0,0,3009,82,0.4868,0,0,0,15559.02,0,0.8286,0
1,1,1,1,0.9855,0,0,0,3348,180,1.4619,0,0,1,27273.5,0,0.6742,0
1,1,1,0,1.0244,0,0,0,1062,41,0.4152,0,0,2,1163.66,0,0.7368,0
1,1,1,1,1.0186,0,0,0,813,135,1.0402,0,0,0,7170.17,0,0.832,0
1,1,1,1,0.9825,0,0,0,533,173,1.591,0,0,3,1839.95,0,0.7132,0
1,1,1,1,1.0652,0,0,0,2213,153,0.6792,1,1,2,66014.24,0,1.0,0
1,1,1,1,0.9592,0,0,0,3102,103,0.8678,0,0,3,6948.42,0,0.8616,0
1,1,0,1,1.3697,0,0,0,1554,37,1.9364,1,1,6,209412.82,0,0.6291,1
1,1,1,1,1.0298,0,0,1,76,5,1.3174,0,0,1,22380.22,0,0.8108,0
1,1,1,1,0.9883,0,0,0,2472,66,1.1555,0,0,3,11684.53,0,0.9176,0
1,1,1,1,0.999,0,0,0,2752,185,0.6327,0,0,1,14731.93,0,0.9485,0
1,1,1,1,1.0217,0,0,0,2875,75,0.6717,0,0,3,10318.83,0,0.8502,0
1,1,1,1,1.0284,0,0,0,2386,141,0.9096,0,0,0,55877.91,0,0.6988,0
1,1,1,1,0.9337,0,0,0,1658,47,0.8144,0,0,0,44032.96,0,0.8099,0
1,1,1,1,0.9085,0,0,0,2611,185,1.137,0,0,3,14485.94,0,0.7599,0
1,1,0,1,1.0177,0,0,0,1211,13,1.0298,0,0,0,7900.06,0,0.7985,0
1,1,1,1,1.0184,0,0,0,1535,24,1.0193,0,0,2,3607.6,0,0.8548,0
1,1,1,1,1.0965,0,0,0,1586,130,1.7919,0,0,1,4358.9,0,0.7443,0
1,1,1,1,1.0201,0,0,0,2019,172,0.7985,0,0,0,32093.18,0,0.7397,0
1,1,1,1,1.0513,0,0,0,495,71,0.8532,0,0,1,26829.96,0,0.9988,0
0,0,0,1,1.0663,0,0,0,2701,169,1.4688,0,0,2,3547.13,0,0.9014,0
1,1,1,1,1.1299,0,0,0,1341,154,0.9078,0,0,2,7051.14,0,0.8877,0
1,1,1,1,1.0968,0,0,0,1549,77,0.7014,0,0,3,1739.1,0,0.8593,0
1,1,1,1,1.0418,0,0,0,1910,164,1.2787,1,0,3,27791.99,0,0.6286,0
1,1,1,1,1.0053,0,0,0,2606,142,0.4331,0,0,3,10058.41,0,0.7861,0
1,1,1,1,0.9702,0,0,0,361,171,1.134,0,0,0,5475.77,0,0.9148,0
1,1,1,1,1.0105,0,0,0,2482,138,1.2933,0,0,1,19560.96,0,0.7369,0
1,1,1,1,0.9925,0,0,1,171,0,0.7569,0,0,1,19118.93,0,0.8482,0
1,1,1,1,1.0051,0,0,0,206,126,0.886,0,0,0,9069.55,0,0.7213,0
1,1,1,1,0.9716,0,0,0,3623,165,0.9148,0,1,1,629.8,0,0.8939,0
1,1,1,1,1.0895,0,0,0,1251,110,0.7649,0,0,0,12224.66,0,0.751,0
1,1,1,1,1.0211,0,0,0,2877,33,1.1668,0,0,1,2367.07,0,0.9638,0
1,1,1,1,0.9811,0,0,0,2051,83,0.8225,0,0,0,11365.79,0,0.8059,0
1,1,1,1,0.901,0,0,0,834,117,0.9641,1,0,3,12740.82,0,1.0,0
1,1,1,1,0.9428,0,0,0,3324,56,0.8778,0,0,0,12972.22,0,1.0,0
1,1,1,1,0.9817,0,0,0,1749,177,1.2721,0,0,1,6556.33,0,0.9982,0
1,1,1,1,0.9707,0,0,0,2081,86,0.7222,0,0,2,12030.97,0,0.8147,0
1,1,1,1,1.1307,0,1,1,53,2,1.3064,0,0,12,101152.68,1,0.5686,1
1,1,1,1,0.9803,0,0,0,1130,92,1.0904,0,0,2,36145.21,0,0.8257,0
1,1,1,1,0.9632,0,0,0,3090,15,0.9477,0,0,2,5569.27,0,0.932,0
1,1,1,1,1.0867,0,0,0,1338,131,0.9044,0,0,3,10006.27,0,0.868,0
1,1,1,1,0.9652,0,0,0,225,65,0.5839,0,0,0,9513.84,0,0.6997,0
1,1,1,1,0.9504,0,0,0,1742,78,0.8151,0,0,2,1198.64,0,0.7833,0
1,1,1,1,0.9601,0,0,0,1326,32,1.0176,0,0,1,11543.76,0,1.0,0
1,1,1,1,1.0892,0,0,0,628,166,1.529,0,0,2,10818.93,0,0.8557,0
1,1,1,1,0.9571,0,0,0,283,194,1.0627,0,0,3,13549.42,0,0.9533,0
0,0,0,1,1.0163,0,0,0,1958,26,1.058,0,1,1,26669.27,0,0.5273,1
1,1,1,1,0.9267,0,1,0,664,26,1.3515,0,0,0,13241.76,0,0.8394,0
0,0,1,1,1.0235,0,0,0,1828,141,0.7606,0,0,0,10779.58,0,0.9375,0
1,1,1,1,0.9357,0,0,0,797,158,0.7341,0,0,2,9252.8,0,0.6822,0
1,1,1,1,1.0319,0,0,0,780,12,1.723,0,0,3,45796.79,0,0.8822,0
1,1,1,1,0.9475,0,0,0,2398,164,1.0639,0,0,3,1499.38,0,0.9614,0
1,1,1,1,1.0165,0,0,1,150,0,0.6748,0,0,3,16221.32,0,1.0,0
1,1,1,1,0.9934,0,0,0,2654,152,1.4588,0,0,2,20459.72,0,0.8374,0
1,1,1,1,1.0049,0,0,0,920,149,1.3176,0,0,2,12030.96,0,0.7513,0
1,1,1,1,0.9991,0,1,0,1570,104,1.2716,0,0,2,1934.86,0,0.7005,0
1,1,1,1,0.9983,0,0,0,2646,175,1.3154,0,0,0,7705.87,0,0.9035,0
1,1,1,1,0.9537,0,0,0,1056,176,0.6201,0,0,2,9517.87,0,0.8125,0
1,1,1,1,1.0027,0,0,0,3157,192,0.9853,0,0,0,18514.24,0,0.8201,0
0,0,1,1,0.9657,0,0,0,3614,73,0.9821,0,1,0,18283.99,0,0.6829,0
1,1,1,1,0.883,0,0,0,626,105,1.6243,0,0,2,443.35,0,0.764,0
1,1,1,1,1.0203,0,0,1,79,5,1.0568,0,0,3,202.06,0,0.8258,0
1,1,1,1,1.0244,0,0,0,1315,114,1.3732,0,0,2,2567.2,0,0.8821,0
1,1,0,1,0.9767,0,0,0,2590,122,0.9592,0,0,0,67952.97,0,0.9851,0
1,1,1,1,0.9322,0,0,0,2486,97,1.091,0,0,1,14426.67,0,0.9354,0
1,1,1,1,1.0343,0,0,0,851,79,0.9461,0,0,3,22033.13,0,0.8686,0
1,0,1,1,1.0065,0,0,1,151,1,0.4614,0,0,2,23875.39,0,0.8356,0
1,1,1,1,0.932,0,0,0,2434,176,0.8928,0,0,3,6404.05,0,0.812,0
1,1,1,1,1.0478,0,0,1,82,4,0.6685,0,0,3,1956.6,0,1.0,0
1,1,1,1,0.9193,0,0,0,3114,96,0.9529,0,0,2,1669.56,0,0.9065,0
1,1,1,1,1.0108,0,0,1,95,3,0.5872,0,0,3,16106.85,0,0.8121,0
1,1,1,1,1.0611,0,0,0,1455,26,0.9017,0,1,3,14058.07,0,0.7911,0
1,1,1,1,0.9775,0,0,0,412,26,0.8429,0,0,2,61456.49,0,0.7638,0
1,1,1,1,0.9901,0,0,0,2943,43,0.8279,0,0,0,2148.49,0,0.9113,0
1,1,1,1,1.0527,0,0,0,517,15,0.8675,0,0,0,5132.61,0,0.9133,0
1,1,1,1,1.0715,0,0,0,3075,166,1.2635,0,0,3,6219.32,0,1.0,0
1,1,0,1,1.0306,0,0,0,2121,89,1.0008,0,0,0,67446.82,0,0.9639,0
1,1,1,1,1.011,0,0,0,2049,114,0.6051,0,0,0,6148.54,0,0.8133,0
1,1,1,1,0.9822,0,0,0,2345,65,0.5942,0,0,2,6879.33,0,0.9627,0
1,1,0,1,1.0152,0,0,0,703,13,0.8951,0,0,3,33950.31,0,0.6838,0
1,1,1,1,0.9823,0,0,0,2239,124,1.3474,0,0,1,5729.05,0,0.6861,0
1,1,1,1,0.938,0,0,1,77,1,1.0408,0,0,3,7311.34,0,1.0,0
1,1,1,1,1.0168,0,0,0,3310,48,0.873,0,0,1,3366.92,0,0.828,0
1,1,1,1,0.9836,0,0,0,3282,20,0.9571,0,0,0,11781.73,0,0.8569,0
1,1,1,1,0.9994,0,0,0,2299,124,1.3987,0,0,3,4925.91,0,0.9205,0
1,1,1,1,0.9895,0,0,0,3593,86,1.1553,0,0,0,30077.06,0,0.8745,0
1,1,1,1,0.9917,0,0,0,2460,125,1.1312,0,0,1,29170.3,0,0.9525,0
1,1,1,1,0.9509,0,0,0,930,147,1.0079,0,0,1,7078.69,0,0.8541,0
1,1,1,1,0.9762,0,1,0,416,61,0.8457,0,0,0,8397.41,0,0.8194,0
1,1,1,1,0.9831,0,0,0,1061,155,0.6673,0,0,2,5381.42,0,0.9194,0
0,0,1,1,0.9305,0,0,0,2659,6,0.9097,0,0,0,836.77,0,0.8318,0
1,0,1,0,1.0695,0,0,0,576,52,0.8779,0,0,2,26645.18,0,0.8339,0
1,1,1,1,1.0122,0,0,0,1031,75,1.0445,1,0,3,2266.35,0,0.7229,0
1,1,1,1,0.8953,0,0,0,3488,190,0.7075,0,0,1,4787.8,0,0.5626,0
1,1,1,1,1.0583,0,0,0,3176,126,0.8339,0,0,3,36270.17,0,0.8471,0
1,1,1,1,1.0133,0,0,0,583,26,0.8533,0,0,0,814.26,0,0.8156,0
1,1,1,1,1.0281,0,0,0,2089,10,1.1444,0,0,1,287.75,0,1.0,0
1,1,1,1,0.9529,0,0,0,3320,22,0.9285,0,0,0,5625.45,0,1.0,0
1,1,1,1,1.0002,0,0,0,2078,139,1.5378,0,0,0,5721.77,0,0.785,0
1,1,1,1,1.0246,0,0,1,113,1,0.3464,0,0,0,12289.43,0,0.9458,0
1,1,1,1,1.0675,0,0,0,1435,66,1.4119,0,0,3,11364.39,0,0.8334,0
1,1,1,1,1.0414,0,0,0,1663,69,0.6578,0,0,3,1371.6,0,0.7908,0
1,1,1,1,0.9163,0,0,0,227,189,0.9114,0,0,1,15924.55,0,0.9119,0
1,1,1,1,1.0756,0,0,0,2785,15,0.896,0,0,1,12197.27,0,0.9092,0
0,0,0,1,1.0408,1,1,0,1501,5,0.3718,0,0,3,14193.11,0,0.3155,1
1,1,1,1,1.0727,0,0,0,2956,197,1.4438,0,0,0,15959.78,0,0.9453,0
1,1,1,1,1.1069,0,0,0,1398,198,0.4195,0,0,3,11558.63,0,0.9905,0
1,1,1,1,1.026,0,0,0,3478,34,0.9054,0,0,0,41978.82,0,0.8489,0
0,0,1,1,1.0636,0,0,0,3596,71,0.922,0,0,3,40574.08,1,0.9434,0
1,1,0,1,1.7977,0,0,0,595,5,1.5863,1,1,3,9018.93,0,0.3246,1
1,1,1,1,0.9766,0,0,0,3258,87,1.4581,0,0,3,807.71,0,0.7798,0
0,0,1,1,1.0285,0,0,0,3257,80,0.8472,0,0,2,68646.17,0,1.0,0
1,1,1,1,0.9779,0,0,0,2052,27,1.3115,0,0,2,1596.23,0,0.7119,0
1,1,1,1,0.9641,0,0,0,1987,113,0.4863,0,0,3,4143.37,0,0.9856,0
1,1,1,1,1.0104,0,0,0,1358,122,0.7432,0,0,3,1855.86,0,0.7479,0
1,1,1,1,1.0141,0,0,0,1240,57,0.9713,0,0,3,50806.81,0,0.7986,0
1,1,1,0,1.1272,0,0,0,287,66,1.2456,0,0,0,28348.77,0,0.8025,0
1,1,1,1,0.9974,0,0,0,2263,182,0.9276,0,0,3,34288.3,0,0.9434,0
1,1,1,1,1.082,0,0,0,2579,44,0.8418,0,0,0,8113.74,0,0.8422,0
1,1,1,1,0.9468,0,0,0,2203,169,1.0801,1,0,0,10194.08,0,0.7568,0
1,1,0,1,1.0322,0,0,0,1653,104,1.2809,0,0,2,7235.34,0,0.8807,0
1,1,1,1,1.0329,0,0,0,1852,66,0.7411,0,0,1,22982.55,0,0.9918,0
1,1,1,1,1.0772,0,0,0,2853,141,1.0522,0,0,3,7610.42,0,0.9294,0
1,1,0,1,0.9784,0,0,0,2534,143,1.2266,0,0,3,18665.72,0,0.6759,0
1,0,1,1,1.0142,0,0,0,327,125,1.6809,0,0,1,63377.72,1,0.9464,0
1,1,0,1,0.9937,0,0,0,3001,168,1.4484,0,0,2,14666.39,0,0.8636,0
1,0,1,1,0.8713,0,0,0,2500,40,1.4311,0,0,3,6321.42,0,0.9983,0
1,1,1,1,1.0652,0,0,0,1628,69,1.1266,0,0,2,28115.81,0,0.8786,0
1,1,1,1,1.0311,0,0,0,1199,6,1.2047,0,1,2,14743.73,0,0.8548,0
0,0,0,1,1.0136,0,0,1,47,2,0.8579,0,0,7,100618.46,0,0.2396,1
1,1,1,1,0.9191,0,0,0,3546,189,1.2737,0,0,1,17099.18,0,0.9632,0
1,1,1,1,0.9802,0,0,0,1246,78,1.3052,0,0,3,34005.72,0,0.8179,0
1,1,1,1,1.0206,0,0,0,2522,107,1.0633,0,0,1,38355.19,0,0.9434,0
1,1,1,1,0.9969,0,0,0,3549,19,0.822,0,0,1,21031.93,0,0.916,0
1,1,1,1,1.0023,0,0,0,2052,49,0.2729,1,0,0,1561.99,0,0.8102,0
0,0,1,1,1.0018,0,0,0,1527,184,1.3044,0,0,1,11089.65,0,0.8991,0
1,1,1,1,0.9948,0,0,0,3494,74,1.1381,0,0,2,19200.94,0,1.0,0
1,1,1,1,0.9917,0,0,0,1187,182,0.9806,1,0,3,5393.18,0,0.8628,0
1,1,1,1,0.9484,0,0,1,56,4,1.4189,0,0,2,6347.74,0,0.8658,0
1,1,1,1,0.9251,0,0,0,2989,102,1.1306,0,0,0,7068.42,0,0.8416,0
1,1,1,1,0.9498,0,0,0,496,162,1.381,0,1,2,47258.72,0,0.7488,0
1,1,1,1,1.0127,0,0,1,33,2,0.2789,0,0,1,11387.06,0,0.7116,0
1,0,1,1,0.9986,0,0,0,1774,127,0.7791,0,0,0,8846.35,0,0.8582,0
1,1,1,1,0.9502,0,0,0,2089,176,1.737,0,0,3,27212.59,0,0.8722,0
1,1,1,1,1.0023,0,0,0,211,15,1.3402,0,1,3,2702.26,0,0.8546,0
1,1,1,1,1.1129,0,0,0,2947,184,1.2521,0,0,2,4892.77,0,0.987,0
1,1,1,1,0.9804,0,0,0,1910,81,1.0269,0,0,0,5663.54,0,0.9,0
1,1,1,1,1.0144,0,0,0,2519,94,0.6918,0,0,1,8486.2,0,0.7332,0
1,1,1,1,0.9813,0,0,0,831,49,0.8073,0,0,2,111074.34,0,0.7871,0
1,1,1,1,0.9985,0,0,0,1589,15,1.1388,0,0,2,5252.44,0,1.0,0
1,1,1,1,1.0176,0,0,0,1213,196,1.0724,0,0,2,10794.47,0,0.7389,0
1,1,1,1,1.0308,0,0,0,3583,180,0.624,1,0,1,10791.46,0,0.6791,0
1,1,1,1,1.0928,0,0,0,2324,143,1.0632,0,0,1,17021.05,0,0.7693,0
1,1,1,1,0.973,0,0,0,645,107,1.1025,0,0,0,8281.0,0,0.8901,0
1,1,1,1,0.9709,0,0,0,853,171,0.9576,0,0,3,38390.16,0,0.7973,0
0,0,1,1,1.007,0,0,0,2078,26,0.988,0,0,0,12191.23,0,0.7751,0
1,1,1,1,0.9393,0,0,1,125,3,0.861,0,0,3,1076.19,0,0.8145,0
1,1,1,1,1.0435,0,0,0,2673,192,1.0987,0,0,2,27588.7,0,0.7894,0
1,0,1,1,0.931,0,0,0,2099,134,0.8158,0,0,0,20655.71,0,0.9751,0
1,1,1,1,0.9451,0,0,0,2652,84,1.3461,0,0,3,6077.74,0,0.856,0
1,1,1,1,1.0407,0,0,0,2083,163,0.7221,0,0,1,4537.75,0,0.9231,0
1,1,1,1,2.0222,0,0,0,845,24,1.0623,1,0,5,31781.26,0,0.5424,1
1,1,1,1,1.1097,0,0,0,591,137,1.2755,1,0,1,10314.93,0,0.7718,0
1,1,1,1,1.0003,0,0,0,1580,61,1.1596,0,0,2,16794.19,0,0.8494,0
1,1,1,1,0.8911,0,0,0,1401,188,1.1657,0,0,3,1632.85,0,0.9719,0
1,1,1,1,1.0171,0,0,0,1047,11,1.7901,0,0,1,12888.15,0,0.8529,0
1,1,1,1,0.8913,0,0,0,2477,53,0.7345,0,1,3,30477.77,0,0.7043,0
1,1,0,1,0.9606,0,0,0,1954,125,0.9082,0,0,2,33670.07,0,0.8442,0
1,1,1,1,1.051,0,0,0,3613,5,1.5578,0,0,3,2391.83,0,0.7753,0
0,0,1,1,0.9666,0,0,0,915,79,0.9662,0,0,0,1100.52,0,0.9328,0
1,1,1,1,1.0185,0,0,1,179,5,1.1942,0,0,0,18875.54,0,0.913,0
1,1,1,1,0.9584,0,0,0,393,185,0.8566,0,0,2,16414.31,0,0.8782,0
1,1,1,1,1.0694,0,0,0,1748,90,0.9241,0,0,2,26150.63,0,0.973,0
1,1,1,1,0.9242,0,0,0,337,88,1.2537,0,1,0,20103.48,0,0.7044,0
1,1,1,1,0.943,0,0,0,375,24,1.4762,0,1,2,5291.77,0,0.8063,0
1,1,1,1,1.0002,0,0,0,1484,123,1.0439,0,0,2,4652.41,0,0.8924,0
0,0,1,0,1.2682,0,0,1,23,1,1.9802,0,0,4,4077.86,0,0.2456,1
1,1,1,1,0.9599,0,0,0,555,129,0.6677,0,0,0,20407.7,0,0.8652,0
1,1,1,1,1.0046,0,0,0,985,10,0.5081,0,0,2,10551.87,0,0.7081,0
1,1,1,1,1.0114,0,0,0,3199,130,1.6913,0,0,1,4259.71,0,0.8943,0
1,1,1,1,0.9521,0,0,0,914,21,0.5792,0,0,0,25356.07,0,0.7567,0
1,1,1,1,0.9528,0,0,0,1302,84,1.2979,0,0,2,58766.97,0,1.0,0
1,1,1,1,0.995,0,0,0,1947,127,0.2,0,0,3,19128.97,0,0.9584,0
1,1,1,1,1.0502,0,0,0,2463,180,1.0183,0,0,0,25551.1,0,0.8383,0
1,1,0,1,1.0265,0,0,0,1695,83,1.1718,0,0,0,23989.64,0,0.7932,0
1,1,1,1,0.9793,0,0,0,2297,112,1.101,0,0,2,9359.94,0,0.8724,0
1,1,1,1,0.9501,0,0,0,2205,70,0.9245,0,0,3,109.8,0,0.7783,0
1,1,0,1,1.0171,0,0,0,3488,42,1.5328,0,0,2,15182.47,0,0.9206,0
0,0,1,1,0.9141,0,0,0,2180,190,1.0125,0,0,1,33044.25,0,1.0,0
1,1,0,1,0.9766,0,0,0,771,107,1.114,0,0,0,44336.17,0,0.9343,0
1,1,1,1,0.9356,0,0,0,1934,102,1.6971,0,0,2,3110.37,0,0.7977,0
1,1,1,1,1.0187,0,0,0,1048,54,1.3564,0,0,0,21600.56,0,0.9567,0
1,1,1,0,1.0229,0,0,0,2866,124,0.7879,0,0,1,3518.79,0,0.9105,0
1,1,1,1,0.9857,0,1,0,1839,144,1.0388,0,0,1,37405.29,0,0.9194,0
1,1,1,1,0.9498,0,0,0,3177,98,0.8051,0,0,3,24377.75,0,0.7411,0
1,1,0,1,1.0184,0,0,0,2841,117,0.7733,0,0,2,11504.39,0,0.8314,0
1,1,1,1,1.0426,0,0,0,3016,67,0.7979,0,0,0,1268.32,0,0.8011,0
1,1,1,1,0.9607,0,0,0,2043,116,1.1336,0,0,0,3037.23,1,0.9123,0
1,1,1,1,0.9696,0,0,0,261,67,1.0657,0,0,2,42891.54,0,0.8793,0
1,0,1,1,0.9962,0,1,0,1796,67,1.5063,0,0,3,3815.8,0,0.8637,0
1,1,1,1,1.033,0,0,0,2317,98,0.8682,0,0,0,13799.61,0,0.905,0
1,1,1,1,0.914,0,0,0,1691,154,0.9373,0,0,2,2453.89,0,0.7144,0
1,1,1,1,0.9545,0,0,0,1494,25,0.664,0,1,1,17507.7,0,0.7976,0
1,1,1,1,1.0908,0,0,0,829,100,1.1374,0,0,1,16248.93,0,0.8829,0
1,1,1,1,0.9644,0,0,0,458,139,0.8757,0,0,1,4165.94,0,0.9435,0
1,1,1,1,0.8884,0,0,0,3431,136,0.8277,0,0,2,28188.83,0,0.8782,0
1,1,1,1,0.9769,0,0,0,1617,63,1.2709,0,0,0,10199.71,0,0.7702,0
1,1,1,1,1.0235,0,0,1,165,3,0.7394,0,0,1,5206.84,0,0.8668,0
1,1,1,1,1.0295,0,0,0,680,182,0.7465,0,0,1,23165.26,0,0.9115,0
1,1,1,1,1.0207,0,0,0,1744,96,0.8944,0,0,2,5470.77,0,0.8215,0
1,1,1,1,1.1161,0,0,0,660,64,0.3381,0,0,1,1502.73,0,0.7054,0
1,1,1,1,0.9794,1,1,0,831,142,1.457,0,0,1,21036.15,0,1.0,0
1,1,1,1,0.9351,0,0,0,2879,42,1.1733,0,0,0,44.92,0,0.6881,0
1,1,1,1,0.9634,0,0,0,1424,178,1.1296,0,0,3,1090.87,0,0.8355,0
1,1,1,1,1.1147,0,0,1,104,4,1.385,0,0,2,3212.82,0,0.89,0
1,1,1,1,0.9218,0,0,0,1187,177,0.9026,0,0,0,2477.84,0,0.9396,0
1,1,1,1,1.0684,0,0,0,1125,139,0.7012,0,0,0,18540.06,0,0.8467,0
0,0,1,1,1.0011,0,0,0,1288,20,0.9141,0,0,0,17983.36,0,0.9855,0
1,1,1,1,0.9665,0,0,0,552,134,1.1264,0,0,0,26310.73,0,0.7238,0
0,0,1,1,0.9995,0,0,0,2891,106,0.5507,0,0,3,9279.31,0,0.9227,0
1,1,1,1,1.0154,0,0,0,216,138,0.9774,0,0,0,7696.14,0,0.9021,0
1,1,1,1,0.9343,0,0,0,2826,195,1.1172,0,0,1,3146.43,0,1.0,0
1,1,1,1,0.9001,0,0,0,266,167,1.1701,0,0,1,14686.42,0,0.7445,0
1,1,1,1,0.9772,0,0,0,1830,75,0.82,0,0,3,7651.3,0,0.7806,0
1,1,1,1,0.9518,0,0,0,2211,100,0.5039,0,0,0,13551.79,0,1.0,0
1,1,1,1,0.9705,0,0,0,3545,94,0.9217,0,0,3,46552.48,0,0.8896,0
1,1,1,1,0.9923,0,0,0,1151,152,0.8708,0,0,1,6597.51,0,0.8009,0
1,1,1,1,1.0598,0,0,0,818,24,1.0488,0,0,1,29892.88,0,0.9571,0
1,1,1,1,0.9447,0,0,0,2015,18,1.2476,0,0,0,6650.78,0,0.9645,0
1,1,1,1,1.0011,0,0,0,3646,13,1.4421,0,0,0,6480.93,0,0.8443,0
1,1,1,1,0.9755,0,0,0,3152,37,0.8232,0,0,1,10807.6,0,0.641,0
1,1,1,1,0.9795,0,0,0,1747,73,0.5901,0,0,3,12129.77,0,0.8808,0
1,1,1,1,0.9966,0,0,0,1366,37,0.9871,0,0,3,20521.0,0,0.8757,0
1,1,1,1,0.9145,0,0,0,537,164,0.8403,0,0,0,13748.86,0,1.0,0
1,1,1,1,0.9898,0,0,0,1285,129,1.5024,0,0,0,17039.5,0,0.9716,0
1,1,0,1,0.9656,0,0,0,2298,188,1.0758,0,0,2,9397.36,0,0.9116,0
1,1,1,1,0.9425,0,0,0,1428,50,0.7608,0,0,1,31335.79,0,0.851,0
1,1,1,1,1.0269,0,1,0,3306,68,0.7984,0,0,1,14980.28,0,0.6054,0
1,1,1,1,0.9681,0,0,0,1244,55,1.059,0,0,1,2700.31,0,0.8565,0
1,1,1,1,1.0322,0,0,0,427,29,1.1193,0,0,3,12409.9,0,0.7206,0
1,1,1,1,0.9962,0,1,0,2345,43,1.0978,0,0,3,9696.13,0,1.0,0
1,1,1,1,1.0265,0,0,0,965,170,0.5065,0,0,3,3069.51,0,0.8393,0
0,0,1,1,0.9924,0,0,0,366,78,0.8298,0,0,0,18206.65,0,0.7983,0
1,1,1,1,0.9641,0,0,0,1423,24,0.5583,1,0,0,28699.23,0,0.942,0
1,1,1,1,0.9854,0,0,0,953,49,1.2273,0,0,3,20223.29,0,0.9083,0
1,1,1,1,0.9833,0,0,0,895,172,1.4504,0,0,1,1169.42,0,0.7218,0
1,1,0,1,1.0445,0,0,1,111,5,1.3952,0,1,3,26119.17,0,0.8824,0
1,1,1,1,0.9741,0,0,0,2601,46,1.0315,0,0,2,4302.89,0,0.8444,0
1,1,1,1,0.8677,0,0,0,3335,83,0.619,0,0,3,32182.09,0,0.7218,0
1,1,1,1,0.9845,0,0,0,1960,147,0.909,0,0,3,13121.36,0,0.9382,0
1,1,1,1,0.9826,0,0,0,1010,74,1.0381,1,0,3,17008.75,0,0.7692,0
1,1,1,1,1.0631,0,0,0,3649,195,0.5988,0,0,2,13024.46,0,0.7284,0
1,1,1,1,0.9977,0,0,0,1362,137,1.0498,0,0,1,40826.44,0,0.7178,0
1,1,1,1,0.9232,0,0,0,551,176,1.0611,1,0,3,1353.48,0,0.9011,0
1,1,1,1,1.0026,0,0,0,2365,8,0.9348,0,0,3,6672.3,0,0.9571,0
1,1,1,1,1.0289,0,0,0,2995,108,0.8169,0,0,1,5391.13,0,0.8115,0
1,1,1,1,1.0462,0,0,0,2224,162,0.584,0,0,2,26806.69,0,0.8828,0
1,1,0,1,0.9249,0,0,1,158,5,0.8698,0,0,0,20204.29,0,0.9096,0
0,0,1,1,1.0371,0,0,0,861,175,0.799,0,0,1,1778.44,0,0.7742,0
1,1,1,1,1.0826,0,0,0,765,154,0.5029,0,0,2,4304.36,0,0.9152,0
0,0,1,1,1.0252,0,0,0,809,68,0.9573,0,0,1,28908.13,0,0.8332,0
1,1,1,1,1.0873,0,0,0,3291,178,1.0495,0,0,2,29690.89,0,1.0,0
0,0,1,1,0.956,0,0,0,1216,31,1.0543,0,0,3,7014.76,0,0.7876,0
1,1,1,1,0.9632,0,0,1,102,5,1.1185,0,1,1,28229.47,0,1.0,0
1,1,1,1,0.986,0,0,0,3519,78,0.9024,0,0,3,6198.59,0,0.8432,0
1,1,1,1,0.9049,0,0,0,1725,171,0.5324,0,0,2,12734.88,0,0.7537,0
1,1,1,1,0.9118,0,0,0,2462,98,1.2242,0,0,2,1479.9,0,0.5508,0
1,1,1,1,0.8893,0,0,0,2135,54,1.2803,0,0,0,2587.85,0,0.8973,0
1,1,1,1,1.0635,0,0,0,450,157,1.1171,0,0,0,1877.01,0,1.0,0
1,1,1,1,1.0249,0,0,0,1219,199,0.5333,0,0,3,16880.32,0,0.7029,0
1,1,1,1,0.9762,0,0,0,3433,33,1.4894,0,0,1,8251.68,0,0.8968,0
1,1,1,1,1.1259,0,0,0,2731,11,1.1186,0,0,3,3064.77,0,0.8952,0
1,1,1,1,1.0053,0,0,0,840,165,0.8994,0,0,1,8386.28,0,0.9741,0
1,1,1,1,1.0027,0,0,0,3013,200,0.961,0,0,2,166.22,0,0.8613,0
1,1,1,1,1.0799,0,0,0,1673,63,1.2127,0,0,3,23658.36,0,0.8365,0
1,1,1,1,0.9817,0,0,0,611,83,1.1443,0,0,0,71503.4,0,1.0,0
1,1,1,1,0.9342,0,0,0,2933,152,1.0976,0,0,1,970.91,0,0.6679,0
1,1,1,1,1.0899,0,0,0,1274,103,1.4265,1,0,2,6987.51,0,0.8813,0
1,1,1,1,0.9563,0,0,0,480,169,1.1322,0,0,2,3454.43,0,0.9062,0
1,1,0,0,1.0308,0,0,1,60,0,1.5984,0,0,15,65717.27,1,0.3507,1
1,1,1,1,1.0964,0,0,0,2209,119,0.8609,0,0,3,13716.14,0,0.9673,0
1,1,1,1,1.0549,0,0,0,723,17,0.7916,0,0,0,7574.36,0,0.917,0
1,1,1,1,1.023,0,1,0,1441,160,1.6244,0,0,1,5663.08,0,0.793,0
1,1,1,1,1.0683,0,0,0,3447,7,0.669,0,0,0,191.78,0,0.8568,0
1,1,1,0,1.0152,0,0,0,3519,60,1.0289,0,0,3,17914.54,0,0.8169,0
1,1,1,1,1.0485,0,0,0,887,92,1.0807,0,0,3,43599.46,0,0.8005,0
1,1,0,1,1.0548,0,0,0,651,31,0.8191,0,0,3,2558.41,0,0.8356,0
1,1,1,1,0.9508,0,0,1,32,0,1.1595,0,0,1,8930.55,0,0.7887,0
1,1,1,1,1.0736,0,0,0,2918,12,1.1141,0,0,3,451.72,0,0.8123,0
0,0,1,1,1.0336,0,0,0,2984,165,0.5713,0,0,1,14789.77,0,1.0,0
1,1,1,1,0.9342,0,0,0,2454,117,0.8056,0,0,1,3266.23,0,0.8523,0
1,1,1,1,1.0022,0,0,0,1317,53,1.6935,0,0,3,4124.33,0,0.9172,0
1,1,0,0,1.3068,0,1,0,1143,34,1.3953,1,0,2,9610.22,0,0.7144,1
1,1,1,1,0.9208,0,0,0,1052,110,0.6082,0,0,1,27900.18,0,0.8014,0
1,1,1,1,1.1026,0,0,0,203,61,1.636,0,0,3,4664.45,0,0.71,0
1,1,1,0,1.0628,0,0,0,1217,189,1.1904,0,1,2,4247.94,0,0.9465,0
1,1,0,1,1.0461,0,0,1,176,0,1.2878,0,0,2,5193.28,0,0.8979,0
1,1,1,1,0.9289,0,0,0,640,54,0.6598,0,0,0,45890.73,0,0.6547,0
1,1,1,1,0.9253,0,0,0,2219,46,1.0256,0,0,3,2925.54,0,0.8114,0
1,1,1,1,1.0107,0,0,0,381,65,1.147,1,0,1,23903.03,0,0.9614,0
1,1,1,1,0.9923,0,0,0,1352,27,0.211,0,0,3,7882.61,0,0.843,0
1,1,1,1,0.9781,0,0,0,1161,22,1.2612,0,0,2,1638.95,0,0.9517,0
1,1,1,1,1.0351,0,1,0,866,56,0.7386,0,0,3,4130.69,0,0.8455,0
1,0,0,1,0.9971,0,0,0,1172,156,0.8927,0,0,3,10651.79,0,0.6917,0
1,1,1,1,1.003,0,0,0,2008,168,0.7001,0,0,0,14732.69,0,0.7398,0
1,1,1,1,1.0136,0,0,0,1199,34,1.4469,0,0,0,36581.94,0,0.7948,0
1,0,1,1,1.0453,0,0,0,2097,52,1.5296,0,0,1,12865.15,0,0.8337,0
1,1,1,1,1.0472,0,0,0,1162,74,0.2539,0,0,1,8112.78,0,0.6927,0
1,1,0,1,1.0254,0,0,0,325,11,0.337,0,0,2,9891.29,0,0.94,0
0,0,0,1,1.0243,0,0,0,1851,155,0.7935,0,0,1,6829.2,0,0.7823,0
1,1,1,1,1.0064,0,0,0,1176,131,1.6805,0,0,3,19843.86,0,0.8132,0
1,1,1,1,0.9609,0,0,0,3149,59,0.8751,0,0,2,42905.75,0,0.6688,0
1,1,1,1,0.9001,0,0,0,1994,128,0.5107,0,0,1,16813.95,0,0.9037,0
1,1,1,1,0.8725,0,0,0,480,157,1.2752,0,0,1,9754.0,0,0.9163,0
1,1,0,1,1.0013,0,0,0,1884,110,0.9791,0,0,3,6410.15,0,0.9405,0
1,1,1,1,0.9928,0,0,0,887,85,0.9984,0,0,1,8585.24,0,0.855,0
1,1,1,1,1.1126,0,0,0,2180,136,0.7692,0,0,2,11870.35,0,0.9761,0
1,1,1,1,0.9309,0,0,0,1018,160,1.0311,0,0,2,4943.59,0,0.6881,0
1,1,1,1,1.0185,0,0,0,1439,187,1.1661,0,0,3,12993.53,0,0.827,0
1,1,1,1,1.034,0,0,0,3069,58,1.4272,0,0,0,3126.04,0,0.831,0
1,1,1,1,0.9871,0,0,0,1858,37,1.4818,0,0,2,16067.78,0,0.5622,0
1,1,0,1,0.9822,0,0,0,3005,47,0.6638,0,0,1,9677.43,0,0.8384,0
1,1,1,1,1.0013,0,0,0,203,155,1.1404,0,0,3,3715.66,0,0.8258,0
1,1,1,1,1.0349,0,0,0,2361,133,0.6507,0,0,2,10044.82,0,0.973,0
1,1,1,1,0.9448,0,0,0,1911,11,0.7268,0,0,2,46117.88,0,0.691,0
0,0,1,1,1.058,0,0,0,2421,68,1.0119,0,0,2,36895.0,0,0.8493,0
1,1,1,1,1.0207,0,0,0,356,37,0.6879,0,0,1,5484.39,0,0.7969,0
1,1,1,1,0.9592,0,0,0,2985,177,0.6314,0,0,2,13117.79,0,0.7972,0
1,1,1,0,0.9491,0,0,1,177,1,0.6128,0,0,0,3557.33,0,0.7254,0
1,1,1,1,1.007,0,0,0,3396,195,1.0832,0,0,3,4865.46,0,0.939,0
1,1,1,1,1.0049,0,0,0,3351,18,0.8923,0,0,0,24577.8,0,0.8498,0
1,1,1,1,1.077,0,0,0,2144,14,0.8588,0,0,3,9973.01,0,0.7487,0
1,1,1,1,1.0027,0,0,0,902,84,0.7947,0,0,2,45067.1,0,0.8726,0
1,1,1,1,1.076,0,0,0,425,135,1.6327,0,0,2,37993.48,0,0.7192,0
1,1,1,1,1.0441,0,0,0,2871,7,0.7501,0,0,2,6202.35,0,0.7945,0
1,1,0,1,1.1238,1,0,1,54,2,0.8999,0,0,5,19356.04,0,0.7821,1
1,1,1,1,0.9281,0,0,0,583,164,1.2488,0,1,0,32123.62,0,0.7679,0
1,1,1,1,1.0302,0,0,0,391,88,0.9963,0,0,3,9984.81,0,0.8622,0
1,1,1,1,0.9704,0,0,0,1045,162,1.0,0,0,0,38809.43,0,0.8647,0
1,1,1,1,1.0792,0,0,1,170,1,0.9757,1,0,3,25675.55,0,0.8399,0
1,1,0,1,0.9505,0,0,0,2256,152,1.2204,0,0,0,18487.94,0,0.7507,0
1,1,1,1,1.0407,0,0,0,1270,126,1.1481,0,0,2,2432.42,0,0.8887,0
1,1,1,1,1.0215,0,1,0,2064,115,1.1238,0,0,0,7318.39,0,0.8406,0
1,1,1,1,0.9139,0,0,0,3309,76,0.6225,0,0,2,2423.76,0,0.8254,0
1,1,1,1,0.9165,0,0,0,506,152,0.7893,0,0,0,3586.52,0,0.9357,0
1,1,1,1,0.9739,0,0,0,763,77,1.569,0,0,1,21022.63,0,0.8504,0
1,1,1,1,1.0012,0,0,0,2141,87,1.1094,0,0,2,14369.11,0,0.8487,0
1,1,1,1,0.989,0,0,0,3519,151,0.4854,0,0,0,2364.07,0,0.8547,0
1,1,1,1,1.0491,0,0,0,963,190,1.0148,0,0,1,8902.04,0,0.7991,0
1,1,1,1,0.967,0,0,0,2925,27,0.8945,0,0,3,26239.46,0,0.7961,0
1,1,0,1,0.9299,0,0,0,1593,170,1.1061,0,0,1,7800.87,0,0.8955,0
1,1,1,1,1.0077,0,0,0,504,168,0.9737,0,0,1,7255.88,0,0.6731,0
1,1,1,1,0.9092,0,0,0,2533,87,1.0261,0,0,2,1654.11,0,0.7943,0
1,1,1,1,0.9853,0,1,0,2229,91,0.3467,0,0,2,19193.26,0,1.0,0
1,1,1,1,0.9642,0,0,0,180,194,0.9313,0,0,1,24655.65,0,0.8206,0
1,1,1,0,1.0724,1,0,0,3245,38,0.8519,0,0,2,8158.98,0,0.9229,0
1,1,1,1,2.312,0,0,1,89,0,1.1255,0,0,3,3649.66,0,0.7795,1
1,1,1,1,1.0496,0,0,1,140,2,1.1821,0,0,1,13175.41,0,0.9236,0
1,1,1,1,1.0582,0,0,0,2173,106,0.984,1,1,0,1671.79,0,1.0,0
1,1,0,1,1.0173,0,0,1,88,0,1.1696,1,0,2,38311.67,0,0.8583,0
1,1,1,1,1.0444,0,0,1,143,5,1.0731,0,0,2,99162.97,0,0.7972,0
1,1,0,1,1.0239,0,0,1,37,2,1.0784,0,0,1,22101.15,0,1.0,0
1,1,1,1,1.1064,0,0,0,765,23,1.2202,0,0,3,4936.94,0,0.6902,0
1,1,1,1,0.9995,0,0,0,2945,60,0.9609,0,0,3,7944.62,0,0.8371,0
1,1,1,1,1.0884,0,0,0,2849,94,0.8868,0,0,0,5587.11,0,0.7533,0
1,1,0,1,0.9844,0,0,0,3490,11,0.7493,0,0,2,10856.41,0,0.9404,0
1,1,1,1,1.1087,0,0,0,3383,182,0.8392,0,0,1,49162.15,0,0.6858,0
1,1,1,1,1.0056,0,0,0,3136,53,0.8012,0,0,2,2078.97,0,0.7161,0
1,1,1,1,1.0256,0,0,0,420,63,1.2101,0,0,2,12235.04,0,0.8364,0
0,0,1,1,0.9687,0,0,0,1105,15,0.2,0,0,2,612.01,0,0.9214,0
1,1,1,1,1.0498,0,0,0,3111,175,0.814,0,0,2,20101.18,0,0.8043,0
0,0,1,1,1.0031,0,0,0,2244,97,0.5512,0,0,2,76658.76,0,0.8687,0
1,1,1,1,1.0903,0,0,0,1949,147,1.2159,0,0,3,32689.68,0,0.7499,0
1,1,1,1,1.0054,0,0,0,278,91,1.2345,0,1,3,6729.71,0,0.9102,0
1,1,1,1,1.0527,0,0,0,1692,138,0.4253,0,0,0,33685.7,0,0.7109,0
1,1,1,1,1.0529,0,0,0,3278,132,0.6641,0,0,1,26156.68,0,0.987,0
1,1,1,1,0.9787,0,0,0,830,188,0.69,0,0,2,6085.64,0,0.9169,0
1,1,1,1,1.0313,0,0,0,3474,170,0.7036,0,0,3,7231.7,0,0.8058,0
1,1,1,1,1.0071,0,0,0,1443,179,0.5531,0,0,3,8990.09,0,0.8084,0
1,1,1,1,0.9042,0,0,0,320,130,1.3599,0,0,3,25329.99,0,0.8518,0
1,1,1,1,0.9426,0,0,0,2948,25,0.6981,0,0,3,18393.38,0,0.9631,0
1,0,0,1,1.0818,0,0,0,2586,36,0.9407,0,0,0,66.14,0,0.7915,0
1,1,1,1,0.9508,0,0,0,1567,194,0.6013,0,0,1,3530.44,0,0.6951,0
1,1,1,1,1.0423,0,0,0,3619,134,1.1254,0,0,1,60995.85,0,0.8461,0
1,1,1,1,0.9705,0,0,0,776,175,1.1742,0,0,1,12534.32,0,0.8887,0
0,0,1,1,1.0546,0,0,0,695,46,0.4184,0,0,1,6927.98,0,0.8721,0
1,1,1,1,1.1198,0,0,0,811,159,0.5353,0,0,0,6600.94,0,0.7466,0
1,1,1,1,0.9807,0,0,0,1547,162,0.8423,0,0,1,83464.81,0,0.9436,0
1,1,1,1,1.0919,0,0,0,523,69,1.1146,0,0,1,4241.89,0,0.8952,0
1,1,1,1,0.9767,0,0,0,423,101,1.0564,0,0,2,9042.26,0,0.7691,0
1,1,1,1,0.9553,0,0,0,826,181,0.4782,0,0,3,8304.92,0,0.8574,0
1,1,1,1,0.9604,0,0,0,3555,197,1.2614,0,0,2,2061.24,0,0.7909,0
1,1,1,1,0.9772,0,0,0,2919,92,1.1206,0,0,0,18223.99,0,0.7592,0
1,1,1,1,1.0375,0,0,1,83,0,1.2635,0,0,1,369.4,0,0.8699,0
1,1,1,1,0.9958,0,0,1,108,4,1.04,0,0,0,1251.0,0,0.8004,0
1,1,0,1,1.0378,0,0,0,1000,167,1.1471,0,0,0,15506.95,0,0.7517,0
1,1,1,1,1.0896,0,0,0,502,189,0.8015,0,0,3,13308.17,0,0.9712,0
1,1,1,1,0.903,0,0,0,1570,130,1.5613,0,0,3,1399.9,0,0.7734,0
1,1,1,1,0.9649,1,0,0,1865,57,2.0435,0,0,2,15641.76,0,0.7151,0
1,1,1,1,1.0119,0,0,0,1366,37,1.484,0,0,2,996.87,0,0.738,0
1,1,1,1,1.075,0,0,0,2749,8,1.153,0,0,1,3157.96,0,1.0,0
1,1,1,1,0.9814,0,0,0,974,191,1.7387,0,0,1,2057.11,0,0.8856,0
1,1,1,1,0.9928,0,0,0,863,29,0.9564,0,0,2,41785.51,0,0.9548,0
1,1,1,1,0.9219,0,0,1,59,3,0.5316,0,0,2,6753.28,0,0.8361,0
1,1,1,1,1.0489,1,0,1,62,5,1.1061,0,0,1,10232.62,0,0.7406,0
1,1,1,1,0.9785,0,0,0,1810,189,0.9845,0,0,3,1580.98,0,1.0,0
1,1,1,1,1.0237,0,1,1,63,1,1.0028,0,0,1,3877.57,0,0.9131,0
1,1,1,1,0.9406,0,1,0,1410,91,0.7957,0,0,3,65857.75,0,0.8656,0
1,1,1,1,1.0309,0,1,0,535,84,0.7334,0,0,2,869.92,0,0.9487,0
1,1,1,1,1.0347,0,0,0,1463,77,0.8727,0,0,0,31033.45,0,0.7585,0
1,1,1,1,0.9501,0,1,0,2767,168,1.2568,0,0,0,5582.28,0,0.8653,0
1,1,1,1,1.1174,0,0,0,2542,45,1.0554,0,0,0,6587.71,0,0.7565,0
1,1,1,1,0.9554,0,0,0,3421,18,0.3007,0,0,3,1700.71,0,0.7013,0
1,1,1,1,0.9368,0,0,0,3632,32,1.6814,0,0,3,11713.72,0,0.7782,0
1,1,1,1,0.9714,0,0,0,3440,130,1.0178,0,0,0,15651.28,0,0.7748,0
1,1,0,1,1.0632,0,0,0,2543,71,0.2952,0,0,2,1492.73,0,0.8397,0
1,1,1,1,0.9909,0,0,1,110,4,0.8629,0,0,2,17244.95,0,0.8383,0
1,1,1,1,1.0647,0,0,1,47,4,0.9417,0,0,0,5030.65,1,0.9332,0
0,0,1,1,1.0771,0,0,0,1542,115,0.996,0,0,1,2602.08,0,0.9931,0
1,1,1,1,0.9543,0,0,0,2229,62,1.27,0,0,2,4759.2,0,0.8761,0
1,1,1,1,0.9678,0,0,0,1797,6,1.2451,0,0,2,8628.64,0,0.9227,0
1,1,1,1,1.0642,0,0,0,1157,180,1.2123,0,0,1,5631.76,0,0.7454,0
1,1,0,1,1.0448,0,0,1,146,3,1.2235,0,0,3,17462.29,0,0.8014,0
1,1,0,1,0.9789,0,0,0,3635,50,0.9249,0,0,3,21061.58,0,0.7589,0
1,1,0,1,0.9325,0,0,0,2461,15,1.0992,0,0,1,36403.28,0,1.0,0
1,1,1,1,1.0082,0,0,0,2811,79,0.6752,0,0,2,33786.7,0,0.9985,0
1,1,1,1,0.9665,0,0,0,2347,82,1.3787,0,0,3,217.26,0,0.9268,0
1,1,1,1,1.0218,0,0,1,75,5,0.9075,0,0,2,58351.2,0,0.9163,0
0,0,1,1,1.0205,0,0,0,878,101,1.0507,1,0,3,21905.94,0,0.8437,0
1,1,1,1,1.0949,0,0,0,455,185,1.4225,0,0,1,2555.33,0,1.0,0
1,1,1,1,1.0145,0,0,0,950,137,1.1943,0,0,2,5050.0,0,0.8947,0
1,1,1,1,0.9737,0,0,1,120,5,1.2117,0,0,0,12914.3,0,0.8853,0
1,1,1,1,0.9457,0,0,0,2880,191,0.536,0,0,0,25396.51,0,0.7983,0
1,1,1,1,0.9975,0,0,0,1534,59,1.2399,0,0,2,19319.75,0,0.8673,0
1,1,1,1,1.0272,0,0,0,2637,77,0.4571,0,0,2,26052.12,0,0.7018,0
1,1,1,1,1.0835,0,0,0,434,25,0.7359,0,0,2,21517.61,0,0.8485,0
1,1,1,1,0.9744,0,0,0,287,58,0.8252,0,0,1,16111.79,0,0.9277,0
1,1,1,1,1.0119,0,0,0,2142,121,0.865,0,0,1,7121.63,0,0.8323,0
1,1,1,1,1.0699,0,0,0,3369,199,0.9238,1,0,2,25697.34,0,0.9754,0
1,1,1,1,0.9925,0,0,0,734,30,0.5436,0,0,2,29963.25,0,0.8962,0
1,1,1,1,1.0635,0,0,0,478,134,0.994,1,1,3,15240.91,0,0.9255,0
1,1,1,1,1.0499,0,0,0,2095,196,1.2597,0,0,2,3466.72,0,0.728,0
1,0,1,1,1.0636,0,0,0,2490,5,0.545,0,0,2,17588.28,0,1.0,0
1,1,1,1,1.0237,0,0,0,3381,190,0.6311,0,0,0,13553.68,0,0.6935,0
1,1,1,1,0.9593,0,0,1,140,3,0.8414,0,0,0,17435.79,0,0.8604,0
1,1,0,1,1.0806,0,0,0,1493,33,1.0055,0,0,2,17129.51,0,0.8269,0
1,1,1,1,1.0547,0,0,0,2993,131,0.9553,0,0,2,28905.39,0,0.9288,0
1,1,1,1,0.8966,0,1,0,1378,123,0.961,0,0,2,19965.41,0,1.0,0
0,0,1,1,1.0023,0,0,0,1872,165,0.7464,0,0,2,41756.21,0,0.7622,0
1,1,1,1,0.9409,0,0,0,2299,166,1.0628,0,0,0,5735.62,0,0.8616,0
1,1,1,1,1.0144,0,0,0,252,154,0.7896,0,0,3,504.88,0,0.8459,0
1,1,1,1,1.0215,0,0,0,387,86,0.9092,0,1,0,2469.83,0,0.7014,0
1,1,0,1,0.9869,0,0,0,2626,194,0.4517,0,0,1,3425.44,0,0.853,0
1,1,1,1,0.9894,0,0,0,2756,20,1.0284,0,0,0,606.21,0,0.8874,0
1,1,1,1,1.0708,0,0,0,416,165,1.0145,0,0,1,344.26,0,0.8646,0
1,1,1,1,0.9671,0,0,0,2944,13,1.0141,0,0,0,4702.99,0,0.7968,0
1,1,1,1,1.0342,0,0,0,3379,71,1.4806,0,0,1,18765.62,0,0.9557,0
1,1,1,1,0.9916,0,0,0,1893,67,1.4452,0,0,0,8071.48,0,0.8337,0
0,0,0,1,0.9132,0,0,0,3538,65,0.8637,0,0,3,3787.73,0,0.9398,0
1,1,1,1,1.0005,0,0,0,1206,130,1.0701,0,0,0,466.67,0,0.9465,0
1,1,1,1,1.0114,0,0,0,1309,32,0.8916,0,0,2,6655.38,0,0.8642,0
1,1,1,1,0.9545,0,0,0,712,173,0.7426,0,0,0,21643.95,0,0.8042,0
1,1,1,1,0.9838,0,0,0,598,80,0.4693,0,0,2,13516.34,0,0.8739,0
1,1,1,1,0.9813,0,0,0,2310,131,0.6243,0,0,1,3817.57,0,0.7518,0
1,1,0,1,0.9704,0,0,0,2615,147,0.9917,0,0,1,19238.09,0,0.9172,0
1,1,1,1,1.0418,0,0,0,453,89,0.6449,0,0,1,10758.76,0,0.8977,0
1,1,1,1,0.9474,0,0,0,654,25,0.5714,0,0,3,634.75,0,0.869,0
1,1,1,1,0.8879,0,0,0,1447,182,0.5985,0,0,2,12373.83,0,0.7741,0
1,1,1,1,1.0496,0,0,0,730,67,0.7644,0,0,0,6233.84,0,0.9387,0
1,1,1,1,0.9583,0,0,0,439,105,1.2563,0,0,1,8551.14,0,0.9416,0
1,1,1,1,1.0356,0,0,0,2089,194,1.3683,0,0,0,16686.6,0,0.8626,0
1,1,1,1,1.0346,0,0,1,125,5,1.0256,0,0,0,63.16,0,1.0,0
1,1,1,1,1.0673,0,0,1,75,2,0.9007,0,0,2,2230.5,0,0.9675,0
1,1,1,1,1.082,0,0,0,1506,185,0.7816,0,0,2,31228.63,0,0.8341,0
1,1,1,1,0.9634,0,0,1,30,3,0.8667,0,0,0,3214.22,0,0.7387,0
1,1,1,1,1.0672,0,0,0,2872,154,1.0548,0,0,3,3154.79,0,0.7737,0
1,1,1,1,1.0014,0,0,0,3180,103,1.241,1,0,3,4683.97,0,1.0,0
1,1,1,1,1.0254,0,0,0,1510,18,1.2624,0,0,0,25759.49,0,0.6628,0
1,1,1,1,1.0196,0,0,0,2373,167,0.7622,0,0,2,15427.79,0,0.7511,0
1,1,1,1,1.0296,0,0,0,3417,56,1.1882,0,0,0,36564.47,0,0.8058,0
1,1,1,1,1.0489,0,0,0,2280,53,0.8056,0,0,1,57174.76,0,0.8731,0
1,1,1,1,0.9439,0,0,0,657,167,1.5353,0,0,3,3160.3,0,0.7046,0
1,1,1,1,0.9747,0,0,0,530,76,0.5608,1,0,1,16172.48,0,1.0,0
1,1,0,1,1.0498,0,0,0,3057,106,1.0367,0,0,3,48600.06,0,0.9208,0
1,1,1,0,1.0548,0,0,0,3099,88,0.458,0,0,1,61986.35,0,0.7657,0
1,1,1,1,0.9524,0,0,0,355,57,1.1743,0,0,1,32332.61,0,1.0,0
1,1,1,1,0.8953,0,0,0,792,119,0.9704,0,0,2,7099.06,0,0.852,0
1,1,1,1,0.9979,1,0,0,491,16,1.1904,0,0,0,17677.21,0,0.8232,0
1,1,1,1,0.9795,0,0,0,452,48,1.655,0,0,3,5220.87,0,0.8921,0
1,1,1,1,1.0194,0,0,1,108,3,1.3166,0,0,2,9066.9,0,0.7878,0
1,1,1,1,1.0331,0,0,0,1059,87,1.1602,0,0,3,1192.73,0,0.7675,0
1,1,1,1,0.97,0,0,0,3192,18,1.4624,0,0,2,9197.59,0,0.805,0
1,1,0,1,0.9877,0,0,0,2102,96,1.1313,0,0,3,2963.65,0,0.8241,0
1,1,1,0,0.9289,0,0,1,157,1,0.641,0,0,1,29050.69,0,1.0,0
1,1,1,1,0.9929,0,0,1,171,2,1.2271,0,0,1,35747.95,0,0.7787,0
1,1,1,1,1.0202,0,0,0,2450,6,0.8648,0,0,2,3455.46,0,0.8592,0
1,1,0,1,1.2082,1,1,1,16,0,2.0,0,0,2,32864.33,0,0.8036,1
1,1,1,1,1.0746,0,0,0,3318,193,0.9895,0,0,2,29864.72,0,0.8505,0
1,1,0,1,0.9268,0,0,0,2989,148,0.972,0,0,0,562.0,0,0.7032,0
1,1,1,1,1.0491,0,0,0,3577,110,0.6473,0,0,3,9950.67,0,0.9008,0
1,1,1,1,0.9743,0,0,0,1483,55,1.225,0,0,0,35995.32,0,0.8658,0
1,1,1,1,1.0152,0,0,0,264,14,0.7808,0,0,1,5573.21,0,1.0,0
1,1,1,1,0.9461,0,0,0,1185,66,0.5665,0,0,0,27688.92,0,1.0,0
1,1,1,1,1.0517,0,0,0,671,73,1.2254,0,0,3,33593.59,0,0.8119,0
1,1,1,1,1.1335,0,1,1,28,1,2.0,0,1,4,88069.48,0,0.4738,1
1,1,1,1,1.004,0,0,0,1585,175,1.0725,0,0,1,39073.84,0,0.8115,0
1,1,1,1,1.0012,0,0,1,138,4,0.6886,0,0,0,16061.33,0,0.8166,0
1,1,1,1,0.9599,0,0,0,1122,102,0.4338,0,0,1,10435.69,0,0.8179,0
1,1,1,1,1.1064,0,0,0,2529,197,1.1224,0,0,2,2349.67,0,0.9635,0
1,1,1,1,1.0178,0,0,0,3085,123,0.5163,0,0,1,7275.39,0,0.962,0
1,1,1,1,0.9818,0,0,0,892,138,1.1033,0,0,3,3595.71,0,0.7311,0
1,1,1,1,0.9756,0,0,0,3020,149,0.9998,0,0,2,5974.29,0,0.7835,0
1,1,1,1,0.9747,0,0,0,272,200,0.5297,0,0,2,29071.09,0,0.7765,0
1,1,1,1,0.9669,0,0,0,1365,73,1.6445,0,0,1,4134.59,0,0.785,0
1,1,1,1,0.9852,0,0,0,2847,17,1.3008,0,0,2,1074.61,0,0.9385,0
1,1,1,1,0.947,0,0,0,2573,7,1.4692,0,1,3,36032.03,0,0.7881,0
1,1,1,1,1.0448,0,0,0,3626,34,1.2502,1,0,2,693.88,0,0.7382,0
1,1,1,1,1.0079,0,0,0,919,149,1.7906,0,0,2,4337.79,0,0.8005,0
1,1,1,1,1.065,0,0,0,1991,36,1.2724,0,0,0,18196.14,0,0.8863,0
1,1,1,1,0.9902,0,0,0,2372,23,0.8431,0,0,2,4276.58,0,0.8481,0
1,1,1,1,1.0215,0,0,0,2503,127,1.0552,0,0,2,7335.75,0,0.9324,0
1,1,1,1,0.9835,0,0,0,3556,193,1.2216,0,0,1,31608.61,0,0.8457,0
1,1,1,1,0.9209,0,0,0,3131,200,0.8279,0,0,2,4040.56,0,0.8193,0
1,1,1,1,0.9633,0,0,1,90,1,0.905,0,0,1,1361.18,0,0.8484,0
1,1,1,1,0.978,0,1,0,890,4,2.1091,1,0,0,43698.01,0,0.5608,1
1,1,1,1,1.15,0,0,1,150,4,1.0772,0,0,2,26421.63,0,0.8272,0
1,1,1,1,0.9651,0,0,0,416,87,1.3842,0,0,2,3840.9,0,0.8241,0
1,1,0,1,1.035,0,0,0,2910,162,1.2179,0,0,3,1431.99,0,0.9073,0
1,0,1,1,1.0246,0,0,0,3589,69,0.7825,0,0,1,20706.23,0,0.7945,0
1,1,1,1,1.0351,0,0,0,3600,113,1.3844,0,0,2,29899.25,0,1.0,0
1,1,1,1,1.0064,0,0,0,591,9,0.766,0,0,3,9828.9,0,0.8798,0
1,1,0,0,0.9334,0,0,0,3347,151,0.9995,0,0,2,17339.88,1,0.7902,0
1,1,1,1,1.1317,0,0,0,96,29,1.2371,1,0,7,13704.84,0,0.3612,1
1,1,1,1,0.9733,0,0,1,30,3,0.9522,0,0,3,12727.7,0,0.822,0
1,1,1,1,0.9422,0,0,0,2051,97,0.6795,0,0,2,21645.48,0,0.9784,0
1,1,1,1,1.0474,0,0,0,3047,193,1.3404,0,0,0,3338.75,0,0.8387,0
1,1,1,1,0.9207,1,0,0,1356,44,0.7527,0,0,1,3491.95,0,0.8003,0
1,1,0,1,1.0269,0,0,0,1470,133,1.058,0,0,1,1254.23,0,0.7933,0
1,1,1,1,1.0445,0,0,0,1831,19,1.1534,0,0,1,8857.09,0,0.771,0
1,1,1,1,0.9694,0,0,1,142,4,1.0349,0,0,3,6056.45,0,0.7972,0
1,1,0,1,0.9984,0,0,0,1536,78,0.7827,0,0,1,10974.87,0,0.911,0
1,1,1,1,1.0227,0,0,0,1625,111,1.0355,0,0,0,22079.27,0,0.7615,0
1,1,1,1,1.0261,0,0,0,3212,64,1.0845,0,0,1,5642.33,0,0.5981,0
1,1,1,1,1.0462,0,0,0,2049,132,0.6042,0,0,2,21103.08,0,0.9222,0
1,1,0,1,1.0152,0,0,0,662,184,1.2487,0,0,3,36769.82,0,1.0,0
1,1,1,1,1.0292,1,0,0,240,52,0.7306,0,0,1,72902.78,0,1.0,0
1,1,1,1,1.0139,0,0,0,2071,61,0.8786,0,1,2,6185.48,0,0.9177,0
1,1,1,1,0.9279,0,0,1,172,3,0.6194,0,0,0,7198.39,0,0.8253,0
0,0,1,1,1.0549,0,0,0,3019,34,0.795,0,0,1,11512.71,0,0.5574,0
1,1,1,1,0.9719,0,0,0,2674,93,1.2853,0,0,3,34897.82,0,0.8007,0
1,1,0,1,1.0237,0,1,0,3005,8,1.6058,0,0,0,8258.55,0,0.8605,0
1,1,1,1,0.9932,0,0,0,500,40,0.4269,0,0,0,12343.32,0,0.8553,0
1,1,1,1,1.0162,0,0,0,260,44,1.3161,0,0,0,4914.16,0,0.8335,0
1,1,1,1,1.0186,0,1,0,505,135,0.82,0,0,3,44903.1,0,0.9063,0
1,1,1,1,1.0229,0,0,1,83,0,0.653,0,0,1,14168.22,0,0.7634,0
1,1,1,1,0.979,0,0,0,374,83,0.9187,0,0,0,21876.48,1,0.8297,0
1,1,1,1,1.0142,0,0,0,1578,158,0.5272,0,0,3,5521.7,1,0.7357,0
1,1,1,1,0.9768,0,0,0,1780,110,0.7819,0,0,3,18040.39,0,0.8839,0
0,0,0,1,0.9132,0,1,0,2332,32,1.4076,0,0,0,14529.99,0,0.8832,0
1,1,1,1,1.0395,0,0,0,2034,68,1.3602,0,0,3,1961.45,0,0.9539,0
1,1,1,0,1.009,0,0,0,374,17,1.1643,0,0,3,37777.33,0,0.716,0
1,1,1,1,1.0281,0,0,0,3086,76,0.7412,0,0,3,11870.32,0,0.7521,0
1,0,1,1,0.9401,0,0,0,2380,60,0.6435,0,0,0,23251.32,0,1.0,0
1,1,1,1,0.9935,0,0,0,2551,192,1.038,0,0,1,14839.9,0,0.831,0
1,1,1,1,1.0086,0,0,0,2162,92,0.7753,0,0,3,14488.5,0,0.9459,0
1,1,1,1,0.9448,0,0,0,2855,190,0.784,0,0,1,5200.43,0,0.8195,0
1,1,1,1,1.0268,0,0,0,1603,199,1.0335,1,0,1,6405.06,0,0.7704,0
1,0,1,1,0.9401,0,0,0,3458,14,1.1804,0,1,3,8193.16,0,0.8101,0
1,1,1,1,0.9307,0,0,0,3096,151,0.7731,0,0,2,4745.48,0,0.6581,0
1,1,1,1,0.9769,0,0,0,356,44,1.0276,0,0,2,7601.95,0,0.7756,0
1,1,1,1,0.9917,0,0,0,3586,115,0.9846,0,0,1,2946.59,0,0.8044,0
1,1,1,1,0.9895,0,0,0,895,175,1.1003,0,0,3,785.14,0,0.884,0
1,1,1,1,0.991,0,0,0,625,110,1.2284,0,0,1,7871.78,0,1.0,0
1,1,1,1,1.0103,0,0,0,1645,66,0.9919,0,0,2,37477.35,0,0.8476,0
1,1,1,1,1.0109,0,0,0,266,166,0.8076,0,0,3,2927.13,0,0.9459,0
1,1,1,1,1.0304,0,0,0,2248,197,0.8935,0,0,3,96992.71,0,0.7494,0
1,1,1,1,0.96,0,0,0,1636,57,1.1986,0,0,0,13600.6,0,1.0,0
1,1,1,1,1.0191,0,0,0,2642,13,0.8611,0,0,3,3224.24,0,0.9155,0
1,0,1,1,0.9867,0,0,0,2137,198,0.4727,0,0,0,6263.32,0,0.9536,0
1,1,1,1,0.897,0,0,0,445,40,0.637,0,0,3,128.61,0,0.8447,0
1,1,1,1,1.0158,0,0,0,1630,32,1.5569,0,0,2,16484.35,0,0.826,0
1,1,0,1,0.9555,0,0,0,438,82,1.1696,0,0,2,54071.45,0,0.9044,0
1,1,0,1,1.0264,0,0,0,1584,175,1.0046,0,0,0,11863.77,0,1.0,0
1,1,1,1,1.0527,0,0,0,533,124,0.7903,0,0,3,1627.01,0,0.8756,0
1,1,1,0,0.9858,0,0,0,348,57,0.6966,0,0,3,19937.4,0,0.7874,0
1,1,1,1,0.9688,0,0,0,1944,130,1.0475,0,0,2,16908.07,0,0.7445,0
1,1,0,0,1.074,0,0,0,3289,70,0.6453,0,0,2,5972.08,0,0.8899,0
1,1,1,1,1.0121,0,0,0,2784,125,0.8985,0,0,3,53512.06,0,0.9743,0
1,0,0,1,0.9412,0,0,0,1754,136,1.0436,1,0,0,11323.9,0,0.8204,0
1,1,1,1,0.9774,0,1,1,56,4,1.2751,0,0,1,43481.62,0,0.7482,0
1,1,1,1,1.1054,0,0,0,2134,87,1.2597,1,0,0,928.09,0,0.7381,0
1,1,1,1,0.9991,0,0,0,878,140,1.0425,0,0,3,24035.88,0,0.7702,0
0,0,1,1,1.0035,0,0,1,9,2,1.6299,0,1,15,93075.71,1,0.548,1
1,1,0,1,1.0761,0,0,0,190,139,0.9477,0,0,2,18567.56,0,0.8875,0
1,1,1,1,0.9746,1,0,0,851,77,0.8154,0,0,2,7074.84,0,0.8945,0
1,1,1,1,1.0758,0,0,0,2767,41,1.1752,0,0,2,10328.32,0,0.747,0
1,1,0,1,0.9763,0,0,0,3467,181,1.0115,0,0,3,30235.65,0,0.9091,0
1,1,1,1,0.9854,0,0,0,1645,95,1.094,1,0,1,29924.88,0,0.6975,0
1,1,1,1,0.9981,0,0,1,100,5,1.325,0,0,3,14886.28,0,0.9973,0
1,0,0,1,1.0033,0,0,1,139,2,1.2334,0,0,0,34165.86,0,0.8925,0
1,1,1,1,1.0041,0,0,0,1472,128,1.3873,0,0,0,10436.38,0,0.8358,0
1,1,1,1,0.9115,0,0,0,3433,189,0.5033,0,0,0,14560.71,0,1.0,0
1,1,1,1,0.9572,0,0,0,3563,50,0.5995,0,0,3,3649.54,1,0.8589,0
1,1,1,1,1.0036,0,0,0,882,175,0.986,0,0,3,1032.15,0,0.838,0
1,1,1,1,1.0097,0,0,0,1195,190,1.1725,0,0,1,28856.9,0,0.8686,0
1,1,1,1,0.9587,0,0,0,2836,69,0.544,0,0,0,1263.49,0,0.8179,0
1,1,1,1,1.0096,0,0,0,2291,31,0.8444,0,0,1,4072.63,0,0.7117,0
1,1,1,1,0.9408,0,0,0,1198,196,0.4555,0,0,2,1040.89,0,0.9084,0
1,1,1,1,0.9655,0,0,0,3647,181,1.2243,0,0,3,22031.86,0,0.6538,0
1,1,1,1,0.9682,0,0,0,1057,20,0.6614,0,0,3,5193.54,0,0.6636,0
1,1,1,1,0.9293,0,0,0,3291,24,0.8835,0,0,1,48638.24,0,0.6922,0
1,1,1,1,1.0371,0,0,0,3395,35,0.9462,0,0,1,35850.02,0,0.8091,0
1,1,1,1,0.9952,0,0,0,1176,63,1.062,0,1,2,2168.77,0,0.8554,0
1,1,1,1,1.0378,0,0,0,3637,91,1.2921,0,0,3,1128.37,0,0.8771,0
1,1,1,1,1.0583,0,0,0,1999,131,0.4472,0,0,3,47197.12,0,0.8719,0
1,1,1,1,1.0139,0,0,0,3308,22,1.1111,0,0,3,8335.49,0,0.7489,0
1,1,1,1,1.047,0,0,0,558,82,1.0854,0,0,3,7229.56,0,0.8493,0
1,1,1,1,1.1147,0,1,0,719,40,1.7052,1,1,1,41156.81,0,0.593,1
1,1,1,1,1.0259,0,0,0,1113,110,1.4217,0,0,0,657.21,0,0.8197,0
1,1,1,1,1.0602,0,0,0,2274,14,1.3133,0,1,2,7646.35,0,0.8616,0
1,1,1,1,0.8891,0,0,1,117,2,0.5941,0,0,0,1864.27,0,0.9236,0
1,1,1,1,1.1259,0,0,0,207,113,0.6108,0,0,2,1892.14,0,0.884,0
1,1,0,1,1.0021,0,0,0,2297,148,1.2433,0,0,2,20852.85,0,0.8665,0
1,1,1,0,0.9452,0,0,0,1926,200,0.7222,0,0,3,2679.03,0,0.86,0
1,1,1,1,0.9966,0,0,0,1751,112,0.4939,0,0,1,11143.31,0,0.9238,0
1,1,1,1,1.0767,0,0,0,2750,13,1.0665,0,0,3,3643.58,0,0.7604,0
1,1,1,1,1.0144,0,0,0,2428,152,0.6259,0,0,3,165.22,0,0.8867,0
1,1,1,1,1.0078,0,1,0,1128,111,0.9605,0,0,3,8353.25,0,0.7829,0
1,1,1,1,0.9511,0,0,0,2342,189,1.1275,0,0,2,12440.94,0,0.7845,0
1,1,1,1,1.0717,0,0,0,3416,185,0.709,0,0,0,31559.97,0,0.8261,0
1,1,1,1,0.9348,0,0,1,45,2,0.7743,0,0,0,99.71,0,0.775,0
0,0,1,0,0.9978,0,0,0,657,130,1.0055,0,0,2,34651.48,0,0.7903,0
1,1,1,0,1.1058,1,0,0,983,36,1.4806,1,0,0,24289.42,0,0.6916,1
1,1,1,1,0.9695,0,0,1,132,0,0.6191,0,0,1,14844.18,0,0.6401,0
1,1,1,1,1.0182,0,1,0,3589,85,1.0837,0,0,3,9384.12,0,0.8802,0
1,1,0,1,0.9737,0,0,0,958,109,1.0577,0,0,2,2326.7,0,0.8315,0
1,1,1,1,1.0442,0,0,0,949,114,0.6963,0,0,2,4206.79,0,0.9561,0
1,1,1,1,1.0488,0,0,0,1715,37,1.3442,0,0,2,13617.8,0,0.7571,0
1,1,1,1,0.9812,0,0,0,1423,113,0.9337,1,0,0,1848.5,0,0.756,0
1,1,0,1,0.9727,0,0,0,3424,91,0.9342,0,0,1,5149.75,1,0.7812,0
1,0,1,1,1.0513,0,0,0,181,66,1.0949,0,0,3,50615.65,0,0.8109,0
1,1,1,1,1.1041,0,0,0,3229,189,0.7848,1,0,2,10733.44,0,0.7839,0
1,1,1,1,0.9846,0,0,1,128,1,0.5759,0,0,0,9656.12,0,0.87,0
0,0,1,1,0.7472,0,0,1,14,0,6.6243,0,0,2,4732.07,0,0.5095,1
1,1,1,1,0.9939,0,0,0,1754,109,1.1507,0,0,2,12180.49,0,0.913,0
0,0,1,1,1.0261,0,0,0,3102,140,1.4096,0,0,3,3878.84,0,0.8534,0
1,1,0,1,1.0264,0,0,0,234,192,1.112,0,0,0,15522.39,0,0.925,0
1,1,1,1,1.0046,0,0,0,2107,123,0.8246,0,0,1,10962.76,0,0.816,0
1,1,1,1,0.8955,0,0,0,2077,118,1.255,0,0,2,2262.72,0,0.9427,0
1,1,1,1,1.0711,0,0,0,3104,143,0.8542,0,0,3,76192.7,0,0.6901,0
1,1,0,1,1.0466,0,1,0,1147,145,0.8838,0,0,2,4238.91,0,0.8505,0
1,1,0,1,1.2826,1,0,1,75,1,0.9466,0,0,5,11420.18,0,0.4753,1
1,1,1,1,0.9494,0,0,0,1214,87,0.6386,0,0,3,10676.29,0,0.7729,0
1,1,1,1,1.1184,0,0,0,2364,74,1.223,0,0,2,10726.49,0,0.8033,0
0,0,1,1,1.0058,0,0,0,1411,59,0.9461,0,0,3,58524.08,0,0.9438,0
1,1,1,1,0.9918,0,0,0,3329,164,0.8725,0,0,2,5503.36,0,0.94,0
0,0,1,1,0.9594,0,0,0,3371,28,1.2008,0,0,1,19488.85,0,0.7346,0
0,0,1,1,1.109,0,0,0,1943,26,1.8548,1,1,7,15192.62,0,0.4089,1
1,1,0,1,1.0208,0,0,0,3246,121,0.9413,1,1,1,4116.44,0,0.6894,0
1,1,0,1,0.9585,0,1,0,2529,190,0.6513,0,0,0,4589.04,0,0.8581,0
1,1,1,0,0.7,0,0,0,1245,33,1.1857,1,1,2,1005.41,0,0.4683,1
1,1,1,1,0.9524,0,0,0,2293,169,0.775,0,0,1,14500.08,0,0.8527,0
1,1,1,1,1.0287,0,0,0,2228,151,0.5359,0,0,2,43553.57,0,0.7679,0
1,1,0,0,0.9876,0,0,0,1194,90,0.9304,0,0,0,3572.82,0,0.8137,0
1,1,1,1,0.8929,0,0,0,394,86,0.7424,0,0,0,3428.15,0,0.8731,0
1,1,1,1,0.9506,0,0,0,550,67,1.0234,0,0,0,12960.26,0,0.7729,0
1,1,1,1,0.9374,0,0,0,3631,195,0.8112,0,0,0,6264.83,0,0.7888,0
1,1,1,1,0.9765,0,0,0,3450,134,0.7847,0,0,3,1895.65,0,0.8132,0
0,0,1,1,1.0008,0,0,0,1119,133,0.7304,0,0,0,13481.79,0,1.0,0
1,1,1,1,0.8931,0,0,0,2161,148,1.509,0,0,1,26713.03,0,0.8018,0
1,1,1,1,1.0723,0,0,0,3196,26,1.3155,0,0,1,35461.81,0,0.6498,0
1,1,1,1,0.9845,0,1,0,2189,92,0.888,0,0,2,44727.41,0,0.9338,0
1,1,0,1,1.064,0,0,0,1203,187,0.6065,0,0,3,16660.12,0,0.8429,0
1,1,1,1,0.9968,0,0,0,2316,172,1.1943,0,0,3,9330.22,0,0.7428,0
1,1,1,1,0.952,0,0,0,539,196,0.7994,0,0,2,11733.17,0,0.7112,0
1,1,1,1,1.0244,0,0,0,2762,66,1.2701,0,0,0,5883.98,0,1.0,0
1,1,1,1,0.9554,0,0,0,582,60,1.402,0,0,3,31328.26,0,0.9903,0
1,1,1,1,0.9388,0,0,0,1038,142,1.2721,0,0,3,9808.65,0,0.9304,0
1,1,1,1,1.0926,0,0,1,151,2,1.0585,0,0,1,5501.1,0,0.763,0
0,0,0,0,1.0445,0,0,0,883,39,1.9653,0,0,3,913.35,0,0.0582,1
1,1,1,1,1.0318,0,0,0,937,158,1.4259,0,0,1,9630.74,1,0.908,0
1,1,1,1,0.9373,0,0,0,595,116,0.7664,0,0,3,4236.07,0,0.7858,0
1,1,1,1,0.9256,0,0,0,1058,81,0.8991,0,0,2,5762.22,0,0.7619,0
1,1,1,1,0.9435,0,0,0,932,185,1.2655,0,0,3,11159.02,0,0.8007,0
1,1,1,1,0.9817,0,0,0,913,175,1.0772,0,0,1,5287.45,0,0.9101,0
1,1,1,1,0.9144,0,0,1,165,3,1.2349,0,0,0,2290.55,0,0.812,0
1,1,1,1,0.9406,0,0,0,838,12,0.4787,0,0,1,41271.86,0,0.8277,0
1,1,1,1,1.0001,0,0,1,146,1,1.0446,0,0,0,3334.81,0,0.9047,0
1,1,1,1,0.998,0,0,0,1952,62,1.2346,0,0,2,11353.33,0,0.7174,0
1,1,1,1,1.0339,0,0,0,2588,114,1.4851,0,0,0,429.88,0,1.0,0
1,1,1,1,0.9499,0,0,0,297,7,0.7818,0,0,2,29180.6,0,0.8676,0
1,1,1,1,0.9749,0,0,0,3383,23,1.2266,0,0,2,1808.08,0,0.911,0
1,1,1,1,1.0272,0,0,0,2185,158,0.9136,0,0,2,52687.27,0,0.6369,0
1,1,0,1,1.0513,0,0,0,1591,152,1.0469,0,0,3,3857.95,0,0.8912,0
1,1,1,1,1.0503,0,0,0,1302,186,1.5408,0,0,2,2601.28,0,0.8404,0
1,1,1,1,0.9714,0,0,0,3515,168,0.7784,0,0,3,1641.06,0,0.9229,0
1,1,1,1,0.9641,0,1,1,162,4,1.7151,0,0,3,1675.99,0,0.903,0
1,1,1,1,1.1111,0,0,0,1099,193,0.754,0,0,0,26054.91,0,0.7472,0
1,1,0,1,1.074,0,0,0,1668,47,0.9607,0,0,0,6495.07,0,0.8723,0
1,1,1,1,0.9871,0,0,0,1344,55,1.3289,0,0,1,7885.57,0,0.7847,0
1,1,1,1,1.0636,0,0,0,2123,96,0.7456,0,0,0,68610.63,0,0.8852,0
1,1,1,0,0.9707,0,0,0,578,121,0.9182,0,0,2,8987.78,0,0.8256,0
1,1,1,1,0.9982,0,0,1,178,3,1.2113,0,0,1,596.71,0,0.7439,0
1,1,1,1,1.0507,0,0,0,2680,139,1.1179,0,0,2,17157.42,0,0.948,0
1,1,1,1,1.0006,0,0,0,1541,145,0.9926,0,0,0,13771.74,0,0.9614,0
1,1,1,1,0.9647,0,0,0,2236,183,1.2915,0,0,0,4451.27,0,0.8631,0
1,1,1,1,0.9258,0,0,0,807,61,0.5337,0,0,1,9238.17,0,1.0,0
1,1,1,1,0.9444,0,0,0,3379,114,1.1599,0,0,0,19466.82,0,1.0,0
1,1,1,1,0.9359,0,0,0,2688,107,1.1872,0,0,0,38595.27,0,0.8119,0
1,1,1,1,0.9994,0,0,0,1023,106,1.7233,0,0,3,19995.36,0,0.7485,0
1,1,1,1,1.1452,0,0,0,2717,121,1.3228,0,0,3,8338.77,0,0.83,0
1,1,1,1,1.0452,0,0,0,2981,89,1.0692,1,0,1,43384.02,0,0.7192,0
0,0,1,1,1.0559,0,0,0,2150,107,0.8107,0,0,1,33317.34,0,0.8452,0
1,1,1,0,0.8998,0,0,0,639,33,0.9693,0,0,0,5941.4,0,0.9836,0
1,1,1,1,0.9852,0,0,0,2675,55,1.5074,0,0,3,15616.54,0,0.9334,0
0,0,0,1,0.979,0,0,0,2689,53,0.9276,0,0,0,32083.19,0,0.8451,0
0,0,1,1,1.0279,0,0,0,2290,11,0.781,0,0,1,8200.4,0,0.9133,0
1,1,1,1,0.9506,0,0,0,3040,7,0.8442,0,0,1,2442.0,0,0.8755,0
1,1,1,1,0.9999,0,0,0,1672,106,0.9378,0,0,1,1884.85,0,0.8818,0
1,1,1,1,1.0524,0,0,0,1128,162,0.2,0,1,2,7712.58,0,0.595,0
1,1,1,0,0.9688,0,0,0,3349,139,1.2273,0,0,0,4441.13,0,0.6754,0
1,0,0,0,0.9671,0,1,0,1177,26,1.7002,1,0,2,13560.26,0,0.525,1
1,1,1,1,0.9936,0,0,0,1680,124,0.7373,0,0,1,9190.93,0,0.7895,0
1,1,1,1,0.9049,0,0,0,698,64,1.306,0,0,3,27721.29,0,0.7753,0
1,1,1,1,0.9734,0,0,0,2644,186,1.8972,0,0,1,23118.63,0,0.7425,0
1,1,1,1,1.0395,0,0,0,3184,40,0.9327,0,0,0,24760.19,0,0.7606,0
1,1,1,1,0.9617,0,0,0,2197,94,1.1662,0,0,0,3639.87,0,0.9995,0
1,1,1,1,0.9781,0,0,0,3516,160,0.9768,0,0,0,28849.44,0,0.8154,0
1,1,1,1,0.9753,0,0,1,111,5,0.7761,0,0,0,6602.01,0,0.7888,0
1,1,1,1,0.9912,0,0,1,125,3,0.8186,0,0,2,20064.15,0,0.8237,0
1,1,0,1,0.9741,0,0,0,1564,163,0.2,0,0,1,20962.62,0,0.8077,0
1,1,1,1,0.949,0,0,0,1168,33,1.0669,0,0,3,6913.74,0,0.7577,0
1,1,0,1,0.9912,0,0,0,2920,167,1.1047,0,0,1,5484.62,0,0.8907,0
1,1,1,1,0.992,0,0,0,1884,78,0.9215,0,0,0,5503.24,0,1.0,0
1,1,1,1,0.9587,0,0,1,114,4,1.5497,0,0,2,6150.5,0,0.9018,0
1,1,1,1,0.996,0,0,0,2460,136,0.3383,0,0,3,15068.95,0,0.9255,0
0,0,1,1,0.933,0,0,1,63,3,0.9048,0,0,2,9355.51,0,0.708,0
1,1,1,1,0.9648,0,0,1,166,2,0.8731,0,0,0,6404.44,0,0.7743,0
1,1,1,1,0.9938,0,0,0,1012,81,0.7901,0,0,2,15756.96,0,1.0,0
1,1,1,1,1.0068,0,0,0,3548,184,0.4804,0,0,1,8287.31,0,0.8943,0
1,1,1,1,0.9763,0,0,0,1475,70,0.7169,0,0,2,5458.41,0,0.5663,0
1,1,0,1,1.0369,0,0,0,1689,37,1.0285,0,0,3,13346.81,0,0.8413,0
1,1,1,0,1.0688,0,0,0,324,184,1.005,0,0,1,11337.96,0,0.7779,0
1,1,0,1,0.9459,0,0,0,2465,90,0.9075,0,0,0,21091.49,0,0.9879,0
1,1,1,1,1.024,0,0,0,1739,164,0.8276,0,0,1,20131.84,0,0.8333,0
1,1,1,1,1.15,0,0,0,1407,13,1.0585,0,0,0,11067.8,0,0.8651,0
1,1,0,1,0.9993,0,0,0,1515,63,0.8262,0,0,1,10376.42,0,0.7694,0
1,1,1,1,1.0281,0,0,0,2459,71,0.2,0,0,2,15515.72,0,0.8495,0
1,1,1,1,0.9715,0,0,0,982,38,2.0791,0,0,1,9520.56,0,0.9224,0
1,1,1,1,1.0056,0,0,0,2479,44,1.0956,0,1,3,4255.07,0,0.8848,0
1,0,1,1,1.0486,0,0,0,1108,67,1.2256,0,0,0,25548.29,0,0.9581,0
1,1,1,1,1.0078,0,1,0,555,19,1.562,0,0,1,776.2,0,0.6612,0
1,1,1,1,0.9058,0,0,0,3223,167,0.8294,0,0,2,25682.12,0,0.9337,0
1,0,0,1,0.9715,0,0,1,152,5,1.0277,0,0,0,1576.98,0,0.9507,0
1,1,1,1,0.9797,0,0,1,127,1,1.6342,0,0,1,3510.07,0,0.8503,0
1,1,1,1,1.0207,0,0,0,271,148,1.0114,0,0,3,14327.07,0,0.9061,0
1,1,1,1,0.9401,0,0,0,761,113,0.8855,0,0,1,21360.24,0,0.7591,0
1,1,1,1,1.0706,0,0,0,3434,35,1.2541,0,1,3,22095.93,0,0.8948,0
1,1,1,1,1.0097,0,0,0,3400,96,0.9891,0,0,1,120660.07,0,0.7259,0
1,1,1,1,1.0164,0,0,1,93,0,0.7444,0,0,2,1965.38,0,0.8954,0
1,1,1,1,0.9725,0,1,0,274,35,0.7226,0,0,1,1941.15,0,0.8904,0
0,0,1,1,0.9618,0,0,0,197,132,1.3229,0,0,3,11786.57,0,0.8955,0
1,1,1,1,1.0242,0,0,0,1996,157,0.6104,0,0,0,4089.05,0,0.8657,0
1,1,1,1,0.9002,0,0,0,2913,171,0.5956,0,0,2,11074.54,0,0.8175,0
1,1,1,0,0.9429,0,0,1,29,1,4.2776,0,0,4,28674.08,0,1.0,1
1,0,1,1,1.0463,0,1,0,447,17,0.8449,1,1,4,85561.78,1,0.5189,1
1,1,1,1,0.9281,0,0,0,429,120,0.6988,0,0,1,24209.04,0,0.7708,0
1,1,1,1,1.0822,0,0,1,171,3,0.3831,0,0,3,11976.79,0,0.8068,0
1,1,1,1,0.9787,0,0,0,553,79,1.0944,0,0,1,2596.1,0,0.928,0
1,1,1,1,0.9928,0,0,0,732,119,1.09,0,0,3,6979.43,0,0.9149,0
1,1,1,1,0.9988,0,0,0,1120,21,1.0305,0,0,0,2470.9,0,1.0,0
0,0,1,1,1.1026,0,1,0,651,6,1.6018,0,0,7,33196.76,0,0.7928,1
1,1,1,1,0.9915,0,0,0,315,57,1.2594,0,0,3,351.75,0,0.8479,0
1,1,1,1,0.9159,0,0,0,2398,199,0.7513,0,0,1,12017.67,0,0.7401,0
1,1,1,1,1.1099,0,0,0,2982,182,1.3039,0,0,0,3216.97,0,0.7889,0
1,1,1,1,1.0557,0,0,0,377,86,0.7738,0,0,0,5483.74,0,0.8128,0
1,1,1,1,0.9729,0,0,0,2795,166,1.1269,0,0,3,748.66,0,0.7637,0
1,1,0,1,0.9515,0,0,0,3567,42,0.9325,0,0,1,1298.05,0,0.9138,0
1,1,1,0,0.9359,0,0,0,2840,146,0.7549,0,0,3,52437.98,0,0.9299,0
1,1,1,1,0.9017,0,0,1,51,1,1.2569,0,0,1,20489.56,0,0.8249,0
1,1,1,1,1.0592,0,1,0,3270,131,0.9242,0,0,1,46277.53,0,0.8249,0
1,1,0,1,1.2118,0,1,0,397,19,2.4188,1,0,6,14759.69,0,0.8646,1
1,1,1,1,1.015,0,0,0,2518,76,0.808,0,0,1,3641.98,0,0.8794,0
1,1,1,1,0.9742,0,0,0,1525,87,1.1079,0,0,2,6961.1,1,0.767,0
1,1,1,1,0.9007,0,0,0,2096,26,1.3259,0,0,1,9659.67,0,0.8653,0
1,1,1,1,0.9777,0,1,0,300,174,0.8917,0,0,0,11582.84,0,1.0,0
1,1,1,1,0.8804,0,0,0,2565,109,1.1566,0,0,0,4885.24,0,0.8167,0
1,1,1,1,0.9242,0,0,0,1351,155,0.9599,0,0,0,37249.35,0,0.8217,0
1,1,1,1,1.0116,0,0,0,1001,109,0.7393,0,0,3,695.73,0,0.832,0
1,1,1,1,1.0412,0,0,0,2861,107,1.7345,0,0,3,7216.68,0,0.8688,0
1,1,0,1,1.0097,0,0,0,472,118,0.7234,1,0,1,28779.81,0,0.9162,0
1,1,1,1,0.9584,0,0,1,48,4,1.1336,0,0,0,23845.4,0,0.917,0
1,1,1,1,0.9448,0,0,0,1922,67,0.8423,0,0,0,10866.2,0,0.7826,0
1,1,1,1,1.0137,0,0,1,120,1,1.26,0,0,3,16461.17,0,0.7506,0
1,1,1,1,0.9642,0,0,0,3353,33,0.4281,0,0,2,1570.0,0,0.8158,0
1,1,1,1,0.8928,0,0,1,11,0,3.2462,0,0,1,10687.4,0,1.0,1
1,1,1,1,1.0289,0,0,0,1579,139,1.1747,0,0,0,5621.08,0,0.9172,0
1,0,0,1,1.0372,0,0,0,1877,165,0.8808,0,0,0,22488.54,0,0.9319,0
1,1,1,1,0.9467,0,0,0,2606,156,1.9099,1,0,1,16076.18,0,0.911,0
1,1,1,1,1.0047,0,0,1,41,3,1.0025,0,0,3,11046.55,0,0.7107,0
1,1,1,1,1.02,0,0,0,1179,165,0.8126,0,0,3,36.11,0,0.939,0
1,0,1,1,1.0676,0,0,0,2696,159,0.4606,0,0,2,2227.35,0,0.9015,0
1,1,1,1,0.9271,0,0,0,2605,57,0.9931,0,0,0,9764.47,0,0.909,0
1,1,1,1,1.003,0,0,0,1169,131,0.7998,0,0,2,9709.94,0,0.7955,0
1,1,1,1,1.0177,0,0,0,392,156,0.5603,0,0,0,21767.23,0,0.8471,0
1,1,1,1,1.1731,0,1,1,18,1,0.7782,0,0,8,69565.41,1,0.3099,1
1,1,1,1,0.9642,0,0,0,2286,16,0.8481,0,0,0,46389.69,0,0.63,0
1,1,1,1,0.9518,0,1,0,950,197,1.3447,0,0,2,7518.92,0,0.9565,0
1,1,1,1,0.9446,0,0,0,1487,113,1.2699,0,0,0,7050.63,0,0.9108,0
1,1,1,1,1.0025,0,0,0,1281,124,1.1862,0,0,1,12210.27,0,0.824,0
1,1,1,1,1.0553,0,0,0,2349,67,0.6546,0,0,1,8681.51,0,0.7123,0
1,1,1,1,1.0135,0,0,0,3016,131,1.3748,0,0,0,18583.74,0,0.6131,0
1,1,1,1,0.9925,0,0,0,557,16,0.895,0,0,2,4443.84,0,0.9117,0
1,1,1,1,1.0781,0,0,0,2544,158,0.9812,0,0,1,10463.0,0,0.8224,0
1,1,1,1,0.8776,0,0,0,2910,112,1.3144,0,0,3,27996.38,0,1.0,0
1,1,1,1,1.0008,0,0,0,1857,71,1.4203,0,0,3,12700.94,0,0.8011,0
1,1,1,1,1.0249,0,0,0,1951,195,0.7335,0,0,1,419.35,0,0.7103,0
1,1,1,1,1.0918,0,0,0,3373,184,0.8127,0,0,0,12442.59,0,0.8399,0
1,1,1,1,0.9516,0,0,0,2374,115,1.1068,0,0,1,16507.13,0,0.8842,0
1,1,1,1,0.936,0,0,0,2206,153,0.7627,0,0,1,14400.77,0,0.8887,0
1,1,1,1,1.0526,0,0,0,1659,108,1.1687,0,0,2,5543.19,0,0.8106,0
1,1,1,1,1.224,1,0,1,23,1,1.3403,0,0,7,5335.13,0,0.5339,1
1,1,1,1,0.948,0,0,0,1984,115,1.2708,0,0,3,24455.89,0,0.9698,0
1,1,1,1,1.0418,0,0,0,3065,160,0.6835,0,0,1,10989.52,0,0.9696,0
0,0,1,1,0.9946,0,0,0,399,68,0.9063,0,0,2,2580.03,0,0.8668,0
1,1,1,1,0.9719,0,0,0,2472,62,1.0227,0,0,1,6895.0,0,0.8282,0
1,1,1,1,0.9938,0,0,0,299,102,0.7155,0,0,3,2553.97,0,0.8185,0
0,0,1,1,0.8934,0,1,0,1820,54,0.5821,0,0,3,19833.67,0,0.7742,0
1,1,1,1,1.0742,0,0,0,3312,33,0.8374,0,0,3,979.55,0,0.8073,0
1,1,1,1,1.0054,0,0,0,1727,42,0.4914,0,0,3,4828.28,0,0.8482,0
1,1,1,1,1.0134,1,0,0,3174,50,0.9467,0,0,3,13441.37,0,0.9131,0
1,1,1,1,1.0255,0,0,0,1811,51,0.6811,1,0,2,6187.34,0,0.8239,0
1,1,1,1,1.1234,0,0,0,3441,77,1.0013,0,0,3,9844.67,0,0.8382,0
1,1,1,1,1.0527,0,0,0,1510,65,1.0342,0,0,3,10757.34,0,0.9986,0
1,1,1,1,1.0375,0,0,0,3241,95,1.3021,0,0,1,13710.38,0,0.8871,0
1,0,0,0,0.9589,0,0,0,3614,94,1.344,0,0,3,41277.27,0,0.7735,0
1,1,1,1,0.9933,0,0,0,1755,8,1.0445,0,0,2,21304.11,1,0.7812,0
1,1,1,1,1.0069,0,0,0,2587,163,0.8551,0,0,1,25213.23,0,0.9723,0
1,1,1,1,1.077,0,0,0,713,126,0.8276,0,0,1,12894.68,0,0.7786,0
1,1,1,1,0.9987,0,0,0,375,187,1.0513,0,0,3,8993.43,0,0.8301,0
1,1,1,1,1.0377,0,0,0,2191,125,0.6886,0,0,0,34016.96,0,1.0,0
1,1,1,1,1.0964,0,1,0,542,21,1.5768,0,0,2,11755.48,0,0.8016,0
1,1,1,1,0.9758,0,0,0,1397,76,1.3245,0,0,0,24540.29,0,0.7786,0
1,1,1,1,1.0508,0,0,0,1367,76,1.0024,0,0,1,2107.57,0,0.9701,0
1,1,1,1,0.9688,0,0,0,1048,67,1.3472,0,0,2,10105.45,0,0.8824,0
1,0,0,1,1.0918,0,0,0,2398,188,1.0366,0,0,0,477.57,0,0.8711,0
1,1,1,1,0.9761,0,0,0,718,40,0.9881,0,0,3,35878.86,0,0.7562,0
1,1,1,1,0.9753,0,0,0,590,98,0.7388,0,0,1,65309.18,0,0.8326,0
1,1,1,1,0.9276,0,0,0,1595,111,0.9949,0,0,0,5564.65,0,0.8895,0
1,1,0,1,0.8945,0,0,1,36,2,1.573,0,0,2,4718.96,0,0.8141,0
1,1,1,1,1.0159,0,0,0,3313,154,0.4735,0,0,0,4004.9,0,0.8521,0
1,1,1,1,0.9783,0,0,0,3081,44,1.0424,0,0,2,6173.12,0,0.9053,0
1,1,1,1,1.0014,0,0,0,3628,195,0.8749,0,0,3,29708.67,0,0.7508,0
1,1,1,1,1.061,0,0,1,130,3,1.0368,1,0,3,22961.07,0,0.7876,0
1,1,1,1,0.9927,0,0,0,408,76,0.7828,0,0,3,13757.99,0,0.842,0
1,1,1,1,0.9849,0,0,0,3527,100,1.0001,0,0,1,5430.49,0,0.7827,0
1,1,1,1,1.0213,0,0,0,194,16,1.0095,0,0,3,10132.12,0,0.9708,0
1,1,1,1,0.9439,0,0,0,3055,129,0.6291,0,0,1,30555.43,0,0.8787,0
1,1,1,1,0.9515,0,0,0,544,123,1.1639,0,0,1,3428.51,0,0.719,0
1,0,1,1,0.9252,0,0,0,3467,199,0.9757,0,0,1,32453.75,0,0.9396,0
1,1,1,1,0.9762,0,0,0,960,184,0.4658,0,0,1,2145.74,0,0.9127,0
1,1,1,0,1.041,0,1,0,1530,161,0.9585,0,0,2,37121.25,0,0.8157,0
1,1,1,1,0.9568,0,0,0,3597,6,1.2019,0,0,3,7952.7,0,0.9868,0
1,1,1,1,1.0475,0,0,0,1197,132,0.6366,0,0,2,1472.28,0,0.8267,0
1,1,1,1,0.9574,0,0,0,3637,194,0.8459,0,0,3,14286.63,0,0.8675,0
1,1,1,1,1.0049,0,0,0,896,191,1.0629,0,0,0,37967.8,0,0.8375,0
1,1,0,1,1.0629,0,0,0,3439,62,1.1056,0,0,3,33553.17,0,0.8276,0
1,0,1,1,0.9848,0,0,0,2029,118,0.9178,0,0,0,10893.2,0,0.724,0
1,1,0,1,1.0088,0,0,0,1425,69,1.0495,0,0,0,10453.65,0,0.9183,0
1,1,1,1,1.0862,0,0,0,397,157,0.4936,0,0,0,21102.73,0,0.7388,0
0,0,1,1,1.0243,0,0,0,3343,89,1.7373,0,0,1,66966.44,0,0.8167,0
1,1,1,1,0.9855,0,0,1,120,5,0.7304,0,0,0,1021.98,0,0.8629,0
1,1,1,1,1.0028,0,0,0,1215,43,0.9843,0,0,0,24810.68,0,0.8218,0
1,1,1,1,1.0113,0,0,0,651,120,0.3334,0,0,3,28521.21,0,0.9748,0
1,1,1,1,0.9155,0,0,1,36,2,0.7381,0,0,2,109174.53,0,0.9203,0
1,1,1,1,0.9846,0,0,0,1329,82,1.1548,0,0,2,43640.85,0,0.7955,0
1,1,1,1,0.9258,0,0,1,164,1,1.4599,0,0,2,17702.29,0,0.777,0
1,1,1,1,1.075,0,0,0,3033,151,0.691,0,0,2,8452.75,0,0.9601,0
1,1,1,1,0.9894,0,0,1,118,4,1.0865,0,0,0,12736.22,0,0.9675,0
1,1,1,1,0.9966,0,0,0,2624,98,1.4557,0,0,3,21061.83,0,0.7859,0
1,1,1,1,1.0383,0,0,0,1436,195,1.5499,0,0,3,1279.15,0,0.8214,0
1,1,1,1,1.0117,0,0,0,2621,49,1.2213,0,0,3,6838.25,1,0.8677,0
1,1,1,1,1.0026,0,0,0,1604,6,0.7222,0,0,1,2865.96,0,0.8608,0
1,1,1,1,0.9974,0,0,0,758,200,0.8685,1,0,3,8519.42,0,0.8913,0
1,1,1,1,1.0558,0,1,0,2807,137,0.6664,0,0,1,41850.28,0,0.8927,0
1,1,1,1,0.9966,0,0,1,138,1,0.9346,0,0,2,11097.55,0,0.8239,0
1,1,1,1,0.9786,0,0,0,2384,13,0.8872,0,0,2,34899.94,0,0.7304,0
1,1,1,1,1.0107,0,1,0,2801,189,0.7851,0,0,0,3548.0,0,0.6279,0
1,1,1,1,0.9881,0,0,0,2511,96,0.6122,0,1,3,10791.89,0,0.8081,0
1,1,1,1,0.9962,0,0,0,797,68,0.834,0,0,3,16334.72,0,0.948,0
1,1,1,1,0.9477,0,0,0,802,5,0.82,0,0,0,11539.24,0,0.7872,0
1,1,1,1,1.0866,0,0,0,631,107,0.8207,1,0,0,19651.27,0,0.8431,0
1,1,1,1,0.969,0,0,1,164,3,1.2688,0,0,2,3523.89,0,0.5463,0
1,1,1,1,1.0417,0,0,0,2330,25,0.5976,0,0,1,5204.69,0,0.74,0
1,1,1,1,0.9763,0,0,0,2986,162,1.0076,1,0,2,360.96,0,0.912,0
1,1,1,1,0.97,0,0,0,828,149,0.6329,0,0,0,3026.15,0,0.7575,0
1,1,1,1,1.0113,0,0,0,2551,92,1.3269,0,0,2,49618.12,0,0.9638,0
0,0,1,1,0.85,0,0,0,3310,22,0.748,0,0,0,5519.8,0,0.9615,0
1,1,1,1,0.9646,0,0,0,3463,33,1.2012,0,0,3,3668.73,0,0.851,0
1,1,1,1,0.923,0,0,0,1105,156,1.2336,0,0,2,44020.9,0,1.0,0
1,1,1,1,1.0014,0,0,0,2387,123,1.0403,0,0,3,15605.03,0,0.8301,0
1,1,1,1,0.9802,0,0,0,473,131,1.2723,0,1,0,2088.08,0,0.8046,0
0,0,1,1,1.0225,0,1,1,126,5,0.8612,0,0,0,9196.05,0,0.8394,0
1,1,1,1,0.9923,0,0,0,2982,157,1.2191,0,0,1,243.0,1,0.7658,0
1,1,1,1,0.9174,0,0,0,2417,116,0.7155,0,0,0,19401.3,0,1.0,0
1,1,1,1,1.0119,0,0,0,2379,38,0.9161,0,0,3,28668.47,0,0.9599,0
1,1,1,1,0.9591,0,0,0,1312,26,1.0446,0,0,0,10916.62,0,0.9597,0
1,1,1,1,1.1616,0,0,1,28,2,1.3665,0,0,15,137699.88,1,0.8977,1
1,1,1,1,0.8821,0,0,0,866,45,1.276,0,0,1,4978.07,0,0.7889,0
1,1,1,1,1.0304,0,0,1,178,4,1.1749,1,0,3,11681.63,0,0.7108,0
1,1,1,1,1.0064,0,0,0,2988,58,1.1187,0,0,0,30756.83,0,0.8801,0
1,1,1,0,0.9677,0,0,1,150,4,0.6835,0,0,1,21563.71,0,0.8055,0
1,1,1,1,1.0324,0,0,0,1963,20,0.5581,0,0,1,17621.04,0,0.8268,0
1,1,1,1,1.0433,0,0,0,2580,66,0.9198,0,0,1,14174.56,0,0.9202,0
1,1,1,1,0.8826,0,0,0,795,143,1.3955,0,0,0,18006.56,0,0.7939,0
1,1,1,1,0.9732,0,0,1,62,3,1.1914,0,0,0,3539.29,0,1.0,0
1,1,1,1,1.0313,0,0,0,842,166,1.1627,1,0,2,38881.45,0,0.9079,0
1,1,0,1,0.9952,0,0,0,746,100,1.4602,0,0,1,20130.56,0,0.8593,0
1,1,1,1,1.0626,0,0,0,3574,104,1.5472,0,0,1,59465.11,0,0.8147,0
1,1,1,1,0.9443,0,0,0,2629,69,1.4312,0,1,2,4863.54,0,0.8245,0
1,1,1,1,1.0284,0,1,0,261,56,0.378,0,0,1,499.98,0,0.8456,0
1,1,1,1,0.9728,0,0,0,836,85,1.087,0,0,1,7153.28,0,0.6162,0
1,1,1,1,1.0171,0,0,0,2048,99,0.9983,0,1,2,1695.71,0,0.8977,0
1,1,1,1,1.0225,0,0,0,246,146,0.5978,0,0,0,7214.52,0,0.8989,0
1,1,1,1,1.0652,0,0,1,91,5,1.1039,0,0,1,4431.05,0,0.9707,0
1,1,1,1,0.9355,0,0,0,2452,100,1.3061,0,0,1,638.65,0,0.7732,0
1,1,1,1,1.0068,0,0,0,3108,78,1.2965,0,0,1,5406.73,0,0.8955,0
1,1,1,1,1.0429,0,0,0,1737,141,1.0934,0,0,3,20674.57,0,0.779,0
1,1,1,1,1.0133,0,0,0,3178,130,0.6261,1,0,2,3315.3,0,0.8749,0
1,1,1,1,0.9801,0,0,0,504,170,0.7252,0,0,0,63181.83,0,0.8238,0
1,1,1,1,0.9467,0,1,0,448,103,1.1474,0,0,3,1204.12,0,0.7859,0
1,1,1,0,1.0509,0,0,0,534,107,1.1468,1,0,0,2726.92,0,0.7181,0
1,1,1,1,0.9836,0,0,0,1365,35,1.0243,0,0,3,2370.02,0,0.7811,0
1,1,1,1,0.94,0,0,0,1565,99,0.7395,0,0,3,10511.53,0,0.8738,0
1,1,1,1,0.9279,0,0,0,1439,60,1.2971,0,0,3,11073.78,0,0.753,0
1,1,1,1,0.9595,0,0,0,1127,74,0.8192,0,0,1,2786.16,0,1.0,0
1,1,1,1,0.9916,0,0,0,1263,40,0.7456,0,0,0,541.46,0,0.8124,0
1,1,1,0,1.107,0,0,0,429,40,1.1162,0,0,0,8609.68,0,0.7149,0
1,1,1,1,1.1046,0,0,0,3221,101,0.6178,0,0,3,4201.81,0,0.7175,0
1,1,1,0,1.0414,0,1,1,10,0,4.8123,0,0,1,40981.85,0,0.704,1
1,1,0,1,1.0289,0,0,0,3269,66,0.7722,0,1,1,22612.1,0,0.8207,0
1,1,1,1,1.0566,0,0,0,619,131,0.4977,0,0,1,24458.38,0,0.7654,0
1,1,1,1,0.8922,0,0,0,2646,161,1.1126,0,0,0,12630.98,0,0.8719,0
1,1,1,1,1.0126,0,0,0,188,57,1.2723,0,0,3,8324.16,0,0.8684,0
1,1,1,1,0.9953,0,0,0,2264,36,0.5945,0,0,0,18961.06,0,0.8449,0
1,1,1,1,1.0223,0,0,0,2269,189,1.363,0,0,1,12552.71,0,0.7958,0
1,1,1,1,0.9672,0,0,0,553,54,0.9239,0,0,1,4497.81,0,0.7591,0
1,1,1,1,0.9455,0,0,0,1123,5,0.8412,0,0,3,40015.71,0,0.7797,0
0,0,1,1,0.9449,0,0,0,242,152,0.6634,0,0,0,21088.01,0,0.8793,0
1,1,1,1,1.0426,0,0,0,1876,157,1.0142,0,0,3,16783.98,0,0.8165,0
1,1,1,1,1.0002,0,0,0,3439,99,0.5845,0,0,1,25260.11,0,0.7824,0
1,0,1,1,1.2754,0,0,0,1510,14,1.784,0,1,2,14907.21,0,0.4103,1
1,1,1,1,1.0635,0,0,0,2464,141,1.2285,0,0,2,2678.99,0,0.8395,0
1,1,1,1,0.9599,0,0,0,359,160,0.7013,0,0,2,8359.94,0,0.928,0
0,0,1,1,1.0229,0,0,0,3541,63,1.2975,0,0,1,50456.11,0,0.811,0
1,1,1,0,1.037,0,0,0,467,84,0.9629,0,0,3,42759.5,0,0.7315,0
1,1,1,1,0.9912,0,0,0,3122,82,0.9151,0,0,1,6705.34,1,0.8283,0
1,1,1,1,1.0016,0,0,1,164,3,1.1019,0,0,1,2459.12,0,0.7085,0
1,0,1,1,1.0128,1,0,0,1488,29,0.4371,0,0,2,10846.82,0,0.7766,0
1,1,1,1,0.9761,0,0,0,1846,160,0.8675,0,0,1,1438.36,0,0.767,0
1,1,1,1,0.9362,0,0,0,2402,80,1.1715,0,0,2,48587.18,0,0.7021,0
1,1,1,1,0.9449,0,0,0,2843,155,1.0265,0,0,0,18071.95,0,0.9951,0
1,1,1,1,1.0684,0,0,0,2799,150,1.4867,0,0,1,28357.47,0,0.7382,0
1,1,1,1,1.0141,0,0,0,3522,154,1.1635,0,0,3,1638.7,0,0.9451,0
1,1,1,1,1.0469,0,0,0,1426,54,0.9317,0,0,3,4955.36,0,0.8658,0
1,1,1,1,0.983,0,0,0,2211,103,0.9862,0,0,1,11967.96,0,0.8151,0
1,1,1,1,1.0209,0,0,0,1227,19,0.9586,0,0,2,3313.03,0,0.7789,0
1,1,1,1,1.106,0,0,0,1785,75,0.5106,0,0,1,11473.04,0,0.9559,0
1,1,1,1,0.9962,0,0,0,3602,7,0.5375,0,0,1,15564.54,0,0.8661,0
1,1,1,1,0.9755,0,0,0,1306,55,1.4047,0,0,3,29159.29,0,0.8932,0
1,0,1,1,0.9995,0,0,0,2466,192,0.8513,0,0,1,13118.36,0,0.7471,0
1,1,1,1,1.008,0,1,0,2499,11,1.0363,0,0,3,5849.99,0,0.6178,0
1,1,1,1,1.059,0,0,0,193,132,0.8673,0,0,3,3838.54,0,0.9322,0
1,1,1,1,0.9986,0,0,0,1172,65,0.6199,0,0,2,21234.3,0,0.889,0
1,1,1,1,1.0111,0,0,0,2782,118,1.4172,1,0,3,6472.65,0,0.7436,0
1,1,1,1,0.9317,0,1,1,65,0,1.0649,0,0,3,37721.58,0,0.9616,0
1,1,1,1,0.9943,0,0,0,1195,197,0.8581,0,0,0,54380.3,0,0.9172,0
1,1,1,1,0.9163,0,0,0,555,27,1.3499,1,0,2,22253.23,0,0.9214,0
1,1,0,1,0.9691,0,0,0,2088,193,1.0963,0,0,2,2736.64,0,0.8307,0
1,1,1,1,0.9662,0,1,0,875,104,1.1856,0,0,1,11663.43,0,0.8138,0
1,1,1,1,0.9832,0,0,0,3371,117,0.9605,0,0,0,3625.15,0,0.8633,0
1,1,1,1,1.0082,0,1,0,2390,117,1.099,0,0,1,5839.05,0,1.0,0
1,1,1,1,0.9443,0,0,0,1874,116,1.1354,0,0,1,35656.61,0,0.8335,0
1,1,1,1,0.9265,0,1,0,2251,138,0.9636,0,0,0,17256.01,0,0.9045,0
1,1,1,1,0.9671,0,0,0,3061,49,1.6376,0,0,1,19540.03,0,0.9655,0
1,1,1,1,1.0618,0,0,0,3470,54,0.6439,0,0,3,18546.69,0,0.7758,0
1,1,1,1,1.0274,0,0,0,1227,112,1.0657,0,0,1,21483.68,0,0.6752,0
1,1,1,1,1.0418,0,0,1,64,2,0.4187,0,0,1,16418.75,0,0.9652,0
1,1,0,1,1.053,0,0,0,1357,61,1.1888,0,0,3,100.06,0,0.8407,0
1,1,1,1,0.9896,0,0,0,1379,178,1.3888,0,0,2,42404.98,0,1.0,0
1,1,1,1,1.0395,0,0,0,1865,145,1.5431,0,0,0,19095.4,0,0.7389,0
1,1,1,1,0.9481,0,0,0,1658,112,1.094,0,0,0,7705.08,0,0.8478,0
1,1,0,1,0.9891,0,0,0,2289,18,1.1984,0,0,1,7098.3,0,0.8194,0
1,1,1,1,0.9659,0,0,1,129,4,0.9321,0,0,2,14404.49,0,0.8039,0
1,1,1,1,1.0183,0,0,0,762,186,0.9758,0,0,0,1169.42,0,0.8555,0
1,1,1,1,0.9985,0,0,0,3526,149,1.0717,0,0,2,13691.32,0,0.9757,0
1,1,1,1,0.9299,0,0,0,2153,67,1.3843,0,0,3,719.21,0,0.8019,0
1,1,1,1,0.9147,0,0,0,3025,32,0.8648,0,0,3,1290.24,0,0.8856,0
1,1,1,1,0.9643,0,0,0,2833,123,1.1726,0,0,1,28247.86,0,0.8487,0
1,1,1,1,1.0541,0,0,0,3384,24,0.968,0,0,0,644.23,0,1.0,0
1,1,1,1,0.96,0,0,0,1088,117,0.9494,0,1,1,4037.99,0,0.8829,0
1,1,1,1,0.9974,0,0,0,3467,39,0.9613,0,0,3,49626.81,0,0.8351,0
1,1,1,1,0.977,0,0,0,327,67,0.8557,0,0,3,28082.45,0,0.7587,0
1,0,1,1,1.0072,0,0,0,2144,196,1.2287,0,0,1,1314.96,0,0.771,0
1,1,1,1,1.0064,0,0,0,3347,36,1.0425,0,0,0,22813.55,0,0.9676,0
1,1,1,1,0.9526,0,0,0,565,91,1.0663,0,0,1,8557.36,0,0.7133,0
1,1,1,1,0.9653,0,0,0,2404,34,0.5731,0,0,2,18735.87,0,0.6535,0
1,1,1,1,1.0358,0,0,1,171,2,0.7267,0,0,0,13625.93,0,0.7593,0
1,1,1,1,1.1145,0,0,0,820,156,0.5576,0,0,1,11218.89,0,0.8487,0
1,1,1,1,1.0198,0,0,0,1407,74,0.7895,0,0,1,6231.66,0,0.8117,0
1,1,1,1,0.983,0,0,0,1029,196,0.9925,0,0,0,4992.28,0,0.7845,0
1,1,1,1,1.045,0,0,0,449,130,0.8,0,0,0,1350.66,0,0.9092,0
1,1,1,1,1.082,0,0,0,3250,55,0.7955,1,0,0,4734.9,0,0.8956,0
1,1,1,1,0.9532,0,0,0,2377,108,0.9265,0,0,1,4635.74,0,0.7799,0
1,1,1,1,0.9454,0,0,0,2834,55,1.3127,0,0,3,23362.56,0,0.825,0
1,1,1,1,1.0306,0,0,0,3435,167,1.5751,0,0,2,24628.03,0,0.8368,0
1,1,0,1,1.0027,0,0,0,813,105,0.5267,0,0,0,14235.35,0,0.8568,0
1,1,0,1,0.9645,0,0,0,3492,44,1.34,0,0,1,15544.96,0,0.9289,0
1,1,1,1,0.9875,0,0,0,1793,158,1.1457,0,0,1,11427.09,0,1.0,0
1,1,1,1,0.8988,0,0,0,2062,70,0.8442,0,0,0,3757.08,0,0.7698,0
1,1,1,1,1.0701,0,0,0,1495,43,1.4763,0,0,1,25933.63,0,0.8784,0
1,1,1,1,0.9756,0,0,0,2813,61,1.1861,0,0,3,37047.23,0,0.9461,0
1,1,1,1,1.08,0,0,0,2071,165,0.5298,0,0,2,9329.88,0,0.8196,0
1,1,1,1,1.0287,0,0,1,80,2,0.9591,0,0,2,19730.41,0,0.785,0
1,1,1,1,0.9085,0,0,0,360,168,0.9371,0,0,2,9000.84,0,0.8161,0
1,1,1,1,0.9937,0,0,0,3308,179,1.1035,0,0,3,1207.92,0,0.7554,0
1,1,1,1,0.9493,0,0,0,1384,70,1.0418,1,0,2,8323.28,0,0.7417,0
1,1,1,1,1.0329,0,0,0,2964,178,1.1395,0,0,2,15086.78,0,0.7485,0
1,1,1,1,0.946,0,0,0,2733,95,1.1629,0,0,0,24432.03,0,0.8813,0
1,1,1,1,0.9903,0,0,0,1409,144,0.895,0,0,0,37201.91,0,0.9635,0
1,1,1,0,1.0221,0,0,1,46,0,1.0504,0,0,2,17350.28,0,0.9347,0
1,1,1,1,1.0453,0,0,0,2448,174,0.9799,0,0,0,34774.91,0,0.6608,0
1,1,1,1,1.0856,0,0,1,33,3,1.0161,0,0,0,12772.89,0,0.7939,0
1,1,1,1,0.95,0,0,1,126,1,1.3955,0,0,1,21896.29,0,0.9012,0
0,0,1,1,0.9754,0,0,0,2155,170,0.8831,0,0,2,10855.24,0,0.6862,0
1,1,1,1,1.0534,0,0,0,1904,138,1.046,0,0,0,3007.02,0,0.8972,0
1,1,1,1,0.9462,0,0,1,80,2,0.9059,0,0,1,29361.66,0,0.7146,0
1,1,1,1,1.0468,0,0,0,754,107,0.7833,1,0,3,71864.36,0,0.8382,0
1,1,1,1,0.9748,0,0,0,2309,91,0.9541,0,0,1,6144.62,0,0.7521,0
1,1,1,1,0.9934,0,0,0,1173,43,1.0634,0,0,0,36634.55,0,0.9197,0
1,1,1,1,0.9181,0,0,0,1953,45,1.1989,0,0,0,8736.21,0,0.7127,0
1,1,1,1,0.9693,0,0,0,942,131,0.912,0,0,2,10857.52,1,0.8374,0
1,1,1,1,1.0005,0,0,0,460,72,1.0477,0,0,2,31494.14,0,0.9663,0
1,1,1,0,0.9359,0,0,0,988,94,0.8983,0,0,0,17078.81,0,0.8084,0
1,1,1,1,0.9651,0,0,0,1149,159,0.9208,0,0,1,2855.65,1,0.9939,0
1,1,1,1,0.9119,0,0,0,2241,16,0.9427,0,0,2,827.12,0,0.8238,0
1,1,1,1,0.9393,0,0,0,678,24,1.4846,1,0,1,1747.07,0,0.9843,0
1,0,1,1,1.0138,0,0,0,879,198,1.1938,0,0,3,4775.95,0,0.8964,0
1,1,1,0,1.1079,0,0,0,771,8,0.8678,0,0,0,39655.2,0,0.9231,0
1,1,1,1,0.9837,0,0,0,2558,142,0.9207,0,0,0,11558.55,0,0.8873,0
1,1,1,1,1.005,0,0,0,1081,93,0.4163,0,0,0,2544.65,0,0.9711,0
1,1,1,1,0.9959,0,0,0,2462,124,0.6061,1,1,3,13850.0,0,0.8214,0
1,1,1,1,1.0047,0,0,0,897,183,1.1592,1,0,2,5144.27,0,0.7087,0
1,1,1,1,0.9666,0,0,0,728,71,0.6224,0,0,3,7461.13,0,0.9594,0
1,1,1,1,0.934,0,0,0,1749,180,0.6555,0,0,2,11879.48,0,0.822,0
1,1,1,1,1.0416,0,0,0,1910,44,1.4554,0,0,3,4688.98,0,0.9019,0
1,1,1,1,1.0276,0,0,0,1935,138,0.9477,0,0,1,1602.05,0,0.9229,0
1,1,1,1,0.969,0,0,0,1330,148,0.6946,0,0,0,22421.47,0,1.0,0
1,1,1,1,0.9136,0,0,1,72,3,1.1039,0,0,2,8050.35,0,0.869,0
1,1,1,1,1.0512,0,0,0,940,61,0.9869,0,0,1,49580.2,0,0.9258,0
1,1,1,1,0.9148,0,0,0,1309,35,1.0692,0,0,3,17584.09,0,0.9415,0
1,1,0,1,1.04,0,0,0,1271,121,0.9927,0,0,1,20712.38,0,0.8984,0
1,1,1,1,0.9806,0,0,0,321,5,1.0752,0,0,2,8372.15,0,0.8317,0
1,1,1,1,1.0837,0,0,0,869,107,0.6024,0,0,2,12007.88,0,0.8713,0
0,0,1,1,1.1081,0,0,0,1967,28,0.8081,0,0,1,31553.98,0,0.828,0
1,1,0,1,1.0258,0,0,0,254,37,1.0602,1,0,3,21702.66,0,0.8454,0
1,1,1,1,0.9498,0,0,0,2932,117,0.775,0,0,1,528.42,0,0.8956,0
1,1,1,1,1.0642,0,0,0,3362,84,0.9798,0,0,1,10330.27,0,0.6308,0
1,1,1,1,1.02,0,0,0,1639,189,1.2109,0,0,3,10831.77,0,0.9798,0
1,1,1,1,1.0345,0,0,0,879,70,0.5291,0,0,2,246.12,0,0.8052,0
1,1,1,1,1.012,0,0,0,934,182,0.8261,0,0,0,2787.45,0,0.8528,0
1,1,1,1,0.9304,0,0,0,1114,77,1.2642,0,0,0,1893.87,0,0.8068,0
1,1,1,1,0.9998,0,0,0,3068,71,0.8493,0,0,1,2540.4,0,0.96,0
1,1,1,1,0.9476,0,0,0,835,92,0.8922,0,0,1,35986.63,0,0.8042,0
1,1,1,1,1.0074,0,0,0,3462,107,1.1,0,0,1,1273.02,0,0.6834,0
1,1,1,1,0.9848,0,0,0,825,108,1.061,0,0,2,1932.06,0,1.0,0
1,1,1,1,1.0264,0,0,0,798,75,1.0602,0,0,3,74833.83,0,0.848,0
1,1,1,1,0.9284,0,0,0,2527,167,1.0595,0,0,1,562.29,0,1.0,0
1,1,1,1,0.9725,0,0,0,1821,151,1.2223,0,0,0,567.9,0,0.853,0
1,1,1,1,0.9713,0,0,0,3181,68,0.9942,0,0,2,3494.77,0,0.737,0
1,1,1,1,2.0736,0,1,0,636,43,0.3,0,0,2,36538.85,0,0.4567,1
1,1,1,1,0.9716,0,0,0,564,17,0.4924,0,0,0,18858.54,0,0.8853,0
1,1,1,1,0.9977,0,0,0,563,26,0.8546,0,0,1,8882.36,0,0.7996,0
1,1,1,1,1.0295,0,0,0,2194,50,1.4822,0,0,2,5664.37,0,0.7002,0
1,1,1,1,1.0255,0,0,0,2773,188,0.9667,0,0,2,6479.84,0,0.9764,0
1,1,1,1,0.9861,0,0,0,3128,123,0.7916,0,0,3,26510.51,0,0.785,0
1,1,1,1,1.0079,0,0,0,3553,24,0.975,0,0,2,25282.68,0,1.0,0
1,1,1,1,1.039,0,0,0,2045,185,0.7784,0,1,1,13908.17,0,1.0,0
1,1,1,1,1.0249,0,0,0,2002,199,1.312,0,0,2,26980.44,0,0.8651,0
1,1,1,1,0.9732,0,0,0,2733,84,1.0916,0,0,3,5207.12,0,1.0,0
1,1,1,1,1.0275,0,0,1,135,5,1.0081,0,0,1,13879.44,0,0.8473,0
1,1,1,1,1.0493,0,0,0,869,88,1.349,0,0,0,1809.48,0,1.0,0
1,1,1,1,0.9369,0,0,0,1437,198,1.3065,0,0,2,8013.24,0,0.8532,0
1,1,1,1,0.9578,0,0,0,1810,83,1.2017,0,0,2,4793.49,0,0.8569,0
1,1,1,1,1.0195,0,0,0,2308,101,1.1298,0,0,3,18882.76,0,1.0,0
1,1,1,1,0.9431,0,0,0,2817,67,0.7247,0,0,2,8682.17,0,0.8963,0
1,1,0,1,0.9818,0,0,0,1776,14,0.8076,0,0,0,8844.69,0,0.8818,0
1,1,1,1,0.9654,0,0,0,1767,70,1.0407,0,0,3,1233.12,0,0.7739,0
1,1,1,1,1.0177,0,0,1,154,0,0.7476,0,0,0,2953.7,0,0.8287,0
1,1,1,1,0.9927,0,0,0,1693,40,1.2824,0,0,3,3293.93,0,0.8639,0
1,1,1,1,0.9597,0,0,0,2302,55,1.0772,0,0,1,56607.15,0,0.9305,0
1,1,1,1,0.9871,0,0,1,168,5,1.2349,0,0,0,2755.37,0,0.8964,0
1,1,1,1,0.9658,0,0,0,1039,42,0.7819,0,0,0,69763.45,0,0.7238,0
1,1,1,1,1.0225,0,0,0,3146,187,0.7602,1,0,1,1032.09,0,1.0,0
1,1,1,1,0.8739,0,0,0,270,75,0.9375,0,0,2,1629.73,0,0.9068,0
1,1,1,1,1.0196,0,0,0,1198,190,1.7575,0,0,3,24613.8,0,0.8427,0
1,1,1,1,0.9825,0,0,0,3531,21,1.3238,1,0,3,17907.58,0,1.0,0
1,1,1,1,1.0776,0,0,0,1900,74,0.9016,0,0,1,26041.05,0,0.8488,0
1,1,1,1,0.9834,0,0,0,2669,105,1.2132,0,0,1,7851.94,1,0.9361,0
1,1,0,1,0.9582,0,1,1,55,2,1.3388,1,0,0,24204.03,1,0.7756,1
1,1,1,1,0.9803,0,0,1,119,4,0.482,0,0,3,647.1,0,0.7006,0
1,1,1,1,0.9935,0,0,0,1351,20,1.0751,0,0,3,47623.94,0,0.7917,0
1,1,1,1,1.01,0,0,0,1418,20,0.9186,0,0,1,14887.55,0,0.8674,0
1,1,1,1,1.0051,0,0,0,2821,136,1.5267,0,0,3,5183.32,0,0.8118,0
1,1,1,1,0.9294,0,0,0,1098,132,1.2905,0,0,0,3628.87,0,0.8808,0
1,1,1,1,1.0978,0,0,0,643,35,0.7279,0,0,3,3840.13,0,0.7983,0
0,0,1,1,1.0041,0,0,0,747,30,1.0827,0,1,3,43950.91,0,0.8021,0
1,1,1,1,1.0212,0,0,0,1361,158,0.5309,1,0,3,12412.94,0,0.9447,0
1,1,1,1,1.0491,0,0,0,1232,39,1.246,0,0,3,698.26,0,0.7909,0
1,1,1,1,1.0487,0,0,0,643,106,0.9458,0,0,0,3108.42,0,0.923,0
1,1,1,1,1.057,0,0,0,1978,26,1.239,0,0,2,34058.53,0,0.7535,0
1,1,1,0,1.0021,0,0,0,225,77,1.3932,0,0,3,40792.49,0,0.8588,0
1,1,1,1,1.0257,0,0,1,166,3,0.9645,0,0,0,4922.75,0,0.8133,0
1,1,1,1,1.064,0,0,0,2202,30,1.378,1,0,2,11878.73,0,0.5071,0
1,1,1,1,1.0786,0,0,0,1808,61,1.142,0,0,3,43152.45,0,0.8097,0
1,1,1,1,1.0036,0,0,1,105,0,0.7623,0,0,3,19945.6,0,0.834,0
1,1,1,1,0.899,0,0,0,1093,45,1.2379,0,0,1,548.57,0,1.0,0
1,1,1,1,1.0587,0,0,0,1926,154,1.0785,0,0,1,31301.98,0,0.8242,0
1,1,1,1,0.8952,0,0,0,3508,76,1.392,0,0,0,8571.07,0,0.8901,0
1,1,1,1,0.956,0,0,0,3275,182,0.9004,0,0,2,3164.64,0,0.9949,0
1,1,1,1,0.9216,0,0,0,3446,21,1.0773,0,0,2,3168.57,0,0.7505,0
1,1,1,1,1.0082,0,0,0,3608,188,0.8391,0,0,3,4974.35,0,0.9284,0
1,0,1,1,0.9905,0,0,0,3225,31,1.2285,0,0,2,4490.85,0,0.8545,0
1,1,1,1,0.9808,0,0,1,106,0,1.0841,0,0,3,26541.42,0,0.9486,0
1,1,1,1,0.9669,0,0,0,826,31,0.6965,0,0,2,1041.29,0,0.8407,0
1,0,1,1,1.0133,0,0,0,721,165,0.7819,0,0,3,674.64,0,0.8281,0
1,1,1,1,1.0542,0,0,0,1660,55,1.3103,0,0,2,10898.6,0,0.824,0
1,1,1,1,0.9273,0,0,0,2959,177,0.9074,0,0,2,4312.47,0,0.8138,0
1,1,1,1,0.9904,0,0,0,1495,79,1.526,0,0,2,4644.94,0,0.8158,0
0,0,1,1,0.9437,0,1,0,1581,16,1.0,1,0,4,12050.01,0,0.5055,1
1,1,1,1,0.9718,0,0,0,2899,126,0.9985,0,0,1,6622.53,0,0.9188,0
1,1,1,1,1.0622,0,0,0,1426,58,0.8598,0,0,3,9184.62,0,1.0,0
1,1,1,1,0.9562,0,0,0,949,104,1.2518,0,0,3,12171.5,0,0.9128,0
1,1,1,1,1.0402,0,0,1,49,4,0.6033,0,0,0,76788.34,0,0.7371,0
1,1,1,1,0.9697,0,0,0,1487,37,0.646,0,0,3,33685.55,0,0.8261,0
1,1,0,1,0.9991,0,0,0,3297,143,1.0675,0,0,3,17161.36,1,0.7072,0
1,1,1,1,1.0658,0,0,0,3386,197,1.0625,0,0,1,8817.16,0,0.8898,0
1,1,1,1,0.9173,0,0,0,3026,157,0.8124,0,0,0,9305.47,0,0.9269,0
1,1,1,1,0.8827,0,0,0,3423,151,1.3066,0,0,1,20172.62,0,0.7558,0
1,1,1,1,1.0071,0,0,0,1627,103,1.1579,0,0,0,25920.2,0,0.8259,0
1,1,1,1,0.8957,0,0,0,424,86,0.5969,0,0,1,28139.6,0,0.714,0
1,1,1,1,1.0042,0,0,0,2639,92,0.9984,0,0,1,22959.32,0,0.674,0
1,1,1,1,0.9732,0,0,0,212,78,0.5275,0,0,2,24531.97,0,0.7302,0
1,1,1,1,0.9779,0,0,0,3264,123,1.4237,0,0,2,1531.5,0,0.8935,0
1,1,1,1,0.988,0,0,0,2874,17,0.7198,0,0,3,29632.44,1,0.6808,0
1,1,1,0,1.0263,0,0,0,1255,158,0.6924,0,0,0,30594.72,0,0.7968,0
1,1,1,1,0.9131,0,0,0,338,88,0.7352,0,0,1,1129.65,0,0.9773,0
1,1,1,1,0.9993,0,0,0,1555,45,1.0303,0,0,3,3574.17,0,0.6734,0
1,1,0,1,0.9941,0,0,0,645,62,0.7239,0,0,3,28988.49,0,0.9794,0
1,1,1,1,1.0354,0,0,0,2642,161,1.3226,0,0,0,44559.35,0,0.8284,0
0,0,1,1,1.035,0,0,0,746,24,1.0323,0,0,7,96673.74,1,0.3866,1
1,1,1,1,1.0122,0,0,0,386,129,0.7319,0,0,2,2177.44,0,0.8806,0
1,1,1,1,1.0514,0,0,0,2582,149,0.8817,0,0,2,27871.6,0,0.7262,0
1,1,1,1,1.0427,0,0,0,2296,82,0.8386,1,0,1,10148.96,0,1.0,0
1,1,1,1,0.9953,0,0,0,2603,147,1.051,0,0,1,1622.88,0,0.6204,0
1,1,1,1,1.0074,0,0,0,806,154,0.8007,0,0,0,1820.8,0,0.7315,0
1,0,1,1,0.9911,0,0,1,99,3,1.1433,0,0,1,6913.84,0,0.7481,0
1,0,1,1,0.9555,0,1,0,2630,161,1.2732,0,0,2,1156.77,0,0.8164,0
1,1,1,1,0.9594,0,0,0,3269,56,0.6878,0,0,0,3450.65,0,0.7117,0
1,1,1,1,0.9784,0,0,0,1491,194,1.0848,0,0,2,32325.59,0,0.9361,0
1,1,1,1,1.0267,0,0,0,1193,81,0.8337,0,0,2,2146.66,0,0.8342,0
1,1,1,1,0.9999,0,0,0,285,21,0.4296,0,0,1,5494.73,0,0.7441,0
1,1,1,1,0.9304,0,0,0,1649,125,0.9782,0,0,2,2583.88,0,0.8905,0
1,1,1,1,0.9647,0,0,0,2401,155,1.0892,0,0,2,20320.78,0,1.0,0
1,1,1,1,1.0161,0,0,0,1693,111,1.3212,0,0,3,12469.66,0,0.9831,0
1,1,1,0,1.0796,0,0,0,1463,15,0.6616,0,0,1,4225.97,0,0.8581,0
1,1,1,1,0.986,0,0,0,1178,23,1.6845,0,0,2,39851.08,0,0.9432,0
1,1,1,1,0.9485,0,0,0,1467,136,0.9608,0,0,2,9932.65,0,0.8149,0
1,1,1,1,0.9412,0,0,0,714,197,1.248,0,0,0,11757.2,0,0.8943,0
1,1,1,1,1.0873,0,0,0,1919,128,1.2357,0,0,2,11306.2,0,1.0,0
1,1,1,1,1.0668,0,0,0,1592,100,1.2728,0,0,2,9124.44,0,0.6118,0
1,1,1,1,1.0169,0,0,0,797,109,1.4262,0,0,3,12647.16,1,0.804,0
0,0,0,1,1.2112,0,0,0,209,36,1.4405,0,0,5,38523.18,0,0.2572,1
1,1,1,1,1.2986,1,0,1,69,0,1.268,1,0,1,14024.4,0,0.3776,1
1,1,1,1,1.0352,0,0,0,547,85,0.7121,0,0,1,2435.97,0,0.6432,0
1,1,1,1,0.9668,0,0,1,68,2,0.9204,0,0,0,10812.97,0,0.8342,0
1,1,0,1,1.0532,0,0,0,1725,173,0.5776,0,0,0,16236.18,0,0.8508,0
1,1,1,1,1.0118,0,0,0,3212,75,0.7473,0,0,3,13447.38,0,1.0,0
1,1,1,1,1.0169,0,0,1,170,4,1.3461,0,0,2,3700.2,0,0.7621,0
1,1,1,1,0.9765,0,0,0,1238,58,0.9098,0,0,2,12687.26,0,0.7105,0
1,1,1,1,1.084,0,0,0,1326,145,1.3904,0,0,1,40506.72,0,0.9917,0
1,1,1,1,1.0968,0,0,0,2133,152,0.5159,0,0,3,19150.53,0,0.8865,0
1,1,1,1,1.0029,0,0,0,2593,189,1.043,0,0,2,62353.66,0,0.9079,0
0,0,1,1,1.0826,0,0,0,686,23,0.2795,0,0,0,5749.38,0,0.8701,0
1,1,1,1,0.984,0,0,0,3460,99,1.4142,0,0,1,1691.08,0,0.8841,0
1,1,1,1,1.1285,0,0,0,1572,14,1.1804,0,0,1,7519.61,0,1.0,0
1,1,1,1,1.0208,0,0,0,3636,96,0.9206,0,0,1,20130.09,0,0.8693,0
1,1,1,1,1.0318,0,0,1,143,4,0.5434,0,0,2,836.51,0,0.8767,0
1,1,0,1,0.9965,0,0,0,1957,182,0.9067,0,0,0,10141.36,0,0.9135,0
1,1,1,1,0.9791,0,0,0,3288,138,1.2734,0,0,0,22726.0,0,0.9688,0
1,1,1,1,1.0351,0,0,0,2989,122,0.6955,0,0,2,15083.93,0,0.6176,0
1,1,1,1,0.9467,0,0,0,699,111,1.5323,0,0,3,30712.88,0,0.964,0
1,0,1,1,0.9985,0,0,0,2541,49,0.941,0,0,1,24042.78,0,0.7695,0
1,1,1,0,0.991,0,0,0,3642,161,0.4156,0,0,1,129336.7,0,0.8755,0
1,1,1,1,0.97,0,0,0,2674,12,0.9317,0,0,1,8988.13,0,0.7294,0
1,1,1,1,1.0511,0,0,0,790,131,1.5684,0,0,2,155.51,0,0.7418,0
1,1,1,1,1.0717,0,0,0,3177,162,0.9802,0,0,1,4620.94,0,0.874,0
1,1,1,1,0.9712,0,0,1,45,5,1.1072,0,0,0,11929.01,0,0.753,0
1,1,1,1,0.9273,0,0,0,3183,51,1.291,0,0,1,33195.31,0,0.7581,0
1,1,1,1,1.0005,0,0,0,890,121,1.0098,1,0,2,26905.95,0,0.87,0
1,1,1,1,0.9604,0,0,0,1933,109,0.7678,0,0,0,31179.52,0,0.8353,0
1,1,1,1,1.0072,0,0,0,1253,179,0.7229,0,0,2,36713.11,0,0.6036,0
1,1,0,1,0.9344,0,0,0,948,117,0.8327,0,0,0,10273.05,0,0.8572,0
1,1,1,1,0.9856,0,0,1,84,3,1.0786,0,0,3,10095.64,0,0.8781,0
0,0,1,1,0.9531,0,0,0,3004,166,1.1601,0,0,3,1173.11,0,0.6581,0
1,1,1,1,1.007,0,0,0,568,189,0.5495,0,0,1,4026.23,0,1.0,0
1,1,1,1,0.967,0,0,0,1549,91,1.3662,0,0,3,28667.63,0,0.907,0
1,1,1,1,1.0563,0,0,0,2887,33,1.2757,0,0,0,2660.76,0,0.7236,0
0,0,1,1,1.3381,0,0,1,26,1,1.2145,1,0,1,18957.43,0,0.3985,1
1,1,1,1,1.0319,0,0,0,2109,100,0.5194,0,0,3,9290.4,0,0.8636,0
1,1,1,1,1.029,0,0,0,747,166,1.72,0,0,0,6799.22,0,0.8756,0
1,1,1,1,0.9932,0,0,1,105,3,1.0116,0,0,0,1269.55,0,0.9585,0
1,1,0,1,1.0361,0,0,0,2053,31,0.8886,0,0,2,2070.62,0,0.9678,0
1,1,1,1,0.9878,0,0,0,347,169,0.7591,0,0,3,10479.65,0,0.7928,0
1,1,1,1,1.0539,0,0,0,1671,70,1.0934,0,0,0,2379.76,0,0.8784,0
1,1,1,1,0.9961,0,0,0,2258,79,1.0767,0,0,0,23025.34,0,1.0,0
1,0,1,1,1.1255,0,0,1,164,2,0.5122,0,0,0,8150.79,0,0.8185,0
1,1,1,1,1.0937,0,0,0,1219,128,0.8194,0,0,0,4586.76,0,0.7546,0
0,0,1,1,1.041,0,0,0,2841,59,0.834,0,0,1,19601.21,0,0.9483,0
1,1,1,1,0.9896,0,0,0,1584,23,0.9428,0,0,3,5244.38,0,0.7471,0
1,1,1,1,0.9982,0,0,0,2342,112,1.3364,0,0,3,2102.98,0,0.9286,0
1,1,0,1,1.0455,0,0,0,1157,19,0.8516,0,0,2,2620.71,0,0.9143,0
1,1,1,1,1.0486,0,1,0,3546,193,1.4097,0,0,0,12840.48,0,0.919,0
1,1,1,1,1.0105,0,0,0,3411,156,1.0551,0,0,0,16095.84,0,0.7211,0
1,1,1,1,1.0444,0,0,0,1084,41,1.392,0,0,3,847.34,0,0.9983,0
1,1,0,1,1.0621,0,0,0,1396,76,1.0795,0,0,1,24347.76,0,0.6759,0
1,0,1,1,0.9973,0,0,0,2815,32,0.487,0,0,0,12338.66,0,0.7838,0
1,1,1,1,1.0782,0,0,0,2856,59,1.205,0,0,0,6264.0,0,0.7826,0
1,1,1,1,0.9431,0,0,0,2919,56,0.6988,0,0,1,4606.96,0,0.8084,0
1,0,0,1,0.8843,0,0,0,2432,10,0.8235,0,0,2,172.33,0,0.8197,0
1,1,1,1,1.108,0,0,1,34,5,1.028,0,0,2,8621.42,0,0.9637,0
1,1,1,1,0.9683,0,1,0,1086,152,0.6961,0,0,2,1475.2,0,0.7692,0
1,1,1,0,0.994,0,0,0,2610,109,0.7505,0,0,3,4826.67,0,0.9126,0
1,1,1,1,1.0421,0,0,0,1121,124,1.2038,0,0,0,98957.48,0,1.0,0
1,1,1,1,1.0593,0,0,1,138,3,0.7713,0,0,3,23834.8,0,0.8203,0
1,1,1,1,1.021,0,0,0,3062,115,0.804,0,0,1,7380.57,0,0.9937,0
1,0,0,1,1.0014,0,0,0,3010,102,0.8729,0,0,1,9762.56,1,0.8057,0
1,1,1,1,1.0142,0,0,0,1784,89,1.0275,0,0,1,9800.22,0,0.7669,0
0,0,1,1,0.9871,0,0,0,2781,91,1.7379,0,0,1,19744.73,0,0.7253,0
1,1,1,0,0.985,0,0,0,1340,5,1.0482,0,0,1,9169.78,0,0.8794,0
1,1,1,1,1.0275,0,0,0,1012,73,1.1285,0,0,1,30937.19,0,0.9327,0
1,1,1,1,1.0637,0,0,0,2260,90,1.3418,0,0,1,7067.21,0,0.8041,0
1,1,1,1,0.9624,0,0,0,1621,55,1.1752,0,0,1,12561.65,0,0.9185,0
1,1,1,1,1.0227,0,0,0,930,93,1.3533,0,0,2,2366.36,0,0.8467,0
1,1,1,1,0.9675,0,0,0,1227,195,1.4816,0,0,0,8695.93,0,0.8098,0
1,1,1,1,1.0425,0,0,1,113,3,1.0194,0,0,0,941.26,0,0.9125,0
1,1,1,1,1.0336,0,1,0,516,79,0.9712,0,0,0,40414.58,0,0.7867,0
1,1,1,1,1.0123,0,0,0,1807,57,0.8005,0,0,0,26105.83,0,0.818,0
1,1,1,1,1.0013,0,0,1,65,2,1.1638,0,0,3,6719.07,0,0.9632,0
1,1,1,1,1.005,0,0,0,1495,28,0.5002,0,0,2,687.36,0,0.6549,0
1,1,1,1,1.0209,0,0,0,3503,128,1.135,0,0,1,2343.77,0,0.8635,0
1,1,1,1,1.0262,0,0,0,1898,54,1.2508,0,0,2,545.18,0,0.9359,0
0,0,1,1,1.0727,0,0,0,2098,173,0.9287,0,0,0,4020.48,0,0.9066,0
1,1,1,1,1.0571,0,0,0,1051,15,1.1393,0,0,3,19948.52,0,0.8092,0
1,1,0,1,1.108,0,0,0,407,198,1.0217,0,0,3,4131.86,0,0.8533,0
1,1,1,1,0.928,0,0,0,3523,31,0.7727,0,0,0,7991.44,0,1.0,0
1,1,1,1,0.9832,0,0,0,3165,40,1.204,0,0,1,62467.77,0,0.9389,0
1,0,1,0,1.0222,0,0,0,2376,11,1.3438,0,0,1,456.89,0,0.8351,0
1,1,1,1,0.9833,0,0,0,2818,36,0.8713,0,0,1,40806.87,0,0.8999,0
1,1,1,1,0.9343,0,0,0,1565,90,1.0948,0,0,3,8581.69,0,0.7288,0
1,1,1,1,1.0224,1,0,0,2857,197,1.1405,0,0,3,48856.13,0,0.8471,0
1,1,1,1,0.9599,0,0,0,2415,34,0.6457,0,0,0,17505.37,0,0.8557,0
1,1,1,1,0.9795,0,0,0,2979,33,0.8649,0,0,0,3308.45,0,0.9331,0
1,1,1,1,1.128,0,0,1,113,3,0.9194,1,0,3,1764.27,0,0.7068,0
1,1,1,1,1.1344,0,0,0,2284,56,1.1605,0,0,0,30017.43,0,0.7187,0
1,1,1,1,1.0469,0,0,0,3235,46,0.372,0,0,1,20668.43,0,0.9433,0
1,1,1,0,1.0188,0,0,0,2301,50,1.3155,0,0,3,2851.01,0,0.8021,0
1,1,1,1,0.9741,0,0,1,95,5,0.7414,0,0,1,7532.38,0,0.6993,0
1,1,1,1,1.0659,0,0,0,651,20,1.1362,0,0,2,5920.28,0,0.9673,0
1,1,0,0,1.0605,0,0,0,3556,100,0.9821,0,0,3,46142.49,0,0.8292,0
1,1,1,1,1.0832,0,0,0,2570,26,1.0921,0,0,2,4105.84,0,0.832,0
1,1,1,1,0.9825,0,0,0,1288,60,1.2883,0,1,0,4209.47,0,0.7046,0
1,1,1,1,0.9372,0,0,0,1004,158,0.7653,0,0,3,17598.42,0,0.9777,0
1,0,1,1,0.9453,0,0,0,1181,193,0.7191,0,0,0,685.96,0,0.6973,0
1,1,1,1,1.0537,0,0,0,582,172,0.624,0,0,2,19327.0,0,0.8336,0
1,1,1,1,1.0519,0,0,0,2703,168,0.8883,0,0,1,31472.26,0,0.9859,0
0,0,1,1,1.006,0,0,0,1645,5,0.8095,0,0,1,26535.46,0,0.8768,0
1,1,1,1,0.9092,0,0,0,1899,114,0.657,0,0,3,7561.77,0,0.8218,0
1,1,1,1,0.9444,0,0,0,2480,68,0.9328,0,0,0,10217.33,0,0.7992,0
1,1,1,1,1.0298,0,0,0,325,177,0.9232,0,0,0,4182.1,0,0.9028,0
1,1,1,1,1.0499,0,0,0,1140,114,1.3522,0,0,2,3407.06,0,0.8667,0
1,1,1,1,1.0728,0,0,0,470,35,0.6373,0,1,0,7152.69,0,0.8784,0
1,1,1,1,0.9834,0,0,0,1251,133,0.8152,0,0,0,33057.04,0,0.8943,0
1,1,1,1,1.0833,0,0,0,3031,9,0.7013,0,1,0,25140.55,0,0.8146,0
1,1,1,1,0.9233,0,0,0,751,16,0.8466,0,0,2,21696.28,0,0.9628,0
1,1,0,1,0.9486,0,0,0,2687,42,1.2984,0,0,0,7812.4,0,0.8789,0
1,1,1,1,1.0171,0,0,0,1866,49,0.9852,0,0,1,4661.72,0,0.8119,0
1,1,1,1,1.0824,0,1,0,457,192,0.8705,0,0,2,11093.49,0,0.675,0
1,1,1,1,0.94,0,0,0,2554,150,1.0397,0,0,2,7136.77,0,0.8249,0
1,1,1,1,0.9232,0,0,0,2069,113,0.973,0,0,2,15535.93,0,0.6071,0
1,1,1,1,1.0022,0,0,0,199,71,0.7367,0,0,1,8351.83,0,0.7593,0
1,1,1,1,1.0133,0,0,0,3215,124,1.0103,0,0,2,31467.08,0,0.8369,0
1,0,1,1,1.1526,1,0,0,1959,16,1.9784,1,0,7,4251.2,0,0.3795,1
1,1,1,1,0.9663,0,0,1,130,3,0.7401,0,0,0,2546.17,0,0.7785,0
1,1,1,1,0.9556,0,0,0,770,185,1.0595,0,1,1,32109.5,0,0.8188,0
1,1,1,1,1.071,0,0,0,3452,177,0.9827,0,0,2,8804.54,0,0.7621,0
1,1,1,1,0.9887,0,0,0,3557,112,0.962,0,0,1,5987.38,0,0.8523,0
1,1,1,1,0.9928,0,0,0,894,197,0.6867,0,0,1,20625.98,0,1.0,0
1,1,1,1,0.9971,0,0,0,1412,35,0.9385,0,0,1,3535.63,0,0.8961,0
1,1,1,1,0.9992,0,0,1,106,2,0.616,0,0,1,15780.15,0,0.8571,0
1,1,1,1,1.0978,0,0,0,1982,117,0.9893,0,0,1,57662.94,0,0.8671,0
1,1,1,1,1.0118,0,0,0,3154,108,1.094,1,0,3,376.72,0,0.8515,0
1,1,1,1,0.917,0,1,0,2454,187,0.7524,1,0,3,26514.34,0,0.6706,0
1,1,1,1,1.0047,0,0,0,1196,119,0.9948,0,0,1,16641.4,0,0.7936,0
1,1,1,1,0.9288,0,0,0,1772,35,1.0025,0,0,2,7161.86,0,0.8499,0
1,1,1,1,0.888,0,0,0,1819,184,0.9236,0,0,1,7385.56,0,1.0,0
1,1,0,1,1.0546,0,0,0,1088,93,0.6841,0,0,3,312.46,0,0.7931,0
1,1,1,1,0.9054,0,0,0,1594,115,0.5106,0,0,1,35672.24,0,0.8584,0
1,1,1,1,1.0857,0,0,0,2629,108,1.0652,0,0,1,8125.16,0,0.8686,0
1,1,1,1,1.0433,0,0,0,1091,102,1.0535,0,0,2,47250.53,0,1.0,0
0,0,0,1,1.0948,1,0,0,1094,36,2.4404,1,0,5,21712.97,1,0.1331,1
1,1,1,1,0.9444,0,0,0,229,62,0.3049,1,0,0,1741.83,0,0.9371,0
1,1,1,1,1.0012,0,0,1,56,3,1.0775,0,0,1,16619.33,0,0.8155,0
0,0,0,0,1.342,0,0,1,26,1,1.143,0,0,4,6626.67,0,0.5441,1
1,1,1,1,0.9961,0,0,0,2678,12,0.9829,0,0,3,1125.59,0,0.9489,0
1,1,1,1,0.8788,0,0,0,506,162,0.769,0,0,1,20535.81,0,0.8377,0
1,1,1,1,1.0499,0,0,1,135,2,0.7791,0,0,0,8981.02,0,0.6764,0
0,0,1,1,0.9714,0,0,0,523,123,1.0455,0,0,1,12685.04,0,0.9742,0
1,1,1,1,0.9832,0,0,0,210,135,0.6546,0,0,2,2171.59,0,0.9247,0
1,1,1,1,0.9185,0,0,0,3225,58,0.932,0,0,2,5019.25,0,0.9223,0
1,1,1,1,1.0472,0,0,0,2981,186,1.0339,0,0,0,4143.05,0,0.7451,0
1,1,1,1,1.0478,0,0,0,216,117,1.0642,0,0,0,40588.26,0,0.9669,0
1,1,1,1,0.9491,0,0,0,1561,200,0.6989,0,0,3,1052.53,0,0.85,0
1,1,1,1,0.9693,0,0,0,296,152,0.9364,0,0,1,72794.71,0,0.8136,0
1,1,1,1,0.9737,0,0,0,1244,192,1.5275,0,0,1,1880.77,0,0.6608,0
1,1,1,1,0.9807,0,0,0,2282,82,0.636,0,0,0,8584.08,0,0.8074,0
1,1,1,1,1.0314,0,0,0,3203,40,1.1333,0,0,0,50851.11,0,0.9485,0
1,1,1,1,0.9506,0,0,0,1790,99,0.8606,1,0,0,740.12,0,0.8149,0
1,1,1,1,1.0568,0,0,1,71,2,0.6822,0,0,3,4116.03,0,0.9632,0
1,1,1,1,0.9424,0,0,0,3269,126,0.6988,0,0,1,932.74,0,0.7517,0
1,1,1,1,0.9676,0,0,0,3047,81,0.6066,0,0,2,22141.43,0,0.971,0
1,1,1,1,1.1127,0,0,0,1435,168,0.7157,0,0,0,43449.34,0,0.8084,0
1,1,1,1,1.04,0,0,0,1878,118,1.1999,0,0,2,34285.78,0,0.9209,0
1,1,1,1,0.9845,0,0,0,720,58,0.9382,0,0,0,7351.91,0,0.8905,0
1,1,1,1,0.8863,0,0,0,1325,192,1.011,0,0,1,13019.54,0,0.9057,0
1,1,1,1,0.9708,0,0,0,2544,139,0.9828,0,0,0,5060.93,0,0.885,0
1,1,0,1,1.0313,0,1,0,825,41,2.2362,1,0,6,4244.51,0,0.9686,1
0,0,1,1,1.2239,1,0,0,1073,20,0.9805,1,1,3,83002.6,0,0.3002,1
1,1,1,1,1.062,0,0,0,1008,63,0.5714,0,0,1,2837.63,0,0.9086,0
1,1,1,1,0.9768,0,0,1,39,2,0.6511,0,0,2,6667.91,0,0.7667,0
1,1,1,1,1.0829,0,0,0,3240,120,1.1583,0,0,0,2733.0,0,0.6784,0
0,0,0,1,1.0316,0,1,0,1606,19,2.5723,1,0,2,69000.39,1,0.6365,1
1,1,0,1,0.9901,0,0,0,3419,167,0.916,0,0,2,20762.9,0,0.7389,0
1,1,1,1,0.9665,0,0,0,448,130,1.1669,0,0,0,37449.12,0,1.0,0
1,1,1,1,1.0722,0,0,0,861,166,0.926,0,0,2,39315.78,0,0.7974,0
1,1,1,1,1.0463,0,0,0,1639,12,0.814,0,0,0,45794.4,0,0.8234,0
1,1,1,1,1.004,0,1,0,3623,180,1.6647,0,0,2,61890.39,0,0.9059,0
1,1,0,1,0.9496,0,0,0,1845,19,0.9452,0,0,1,617.92,0,0.8733,0
1,1,1,1,0.9395,0,0,0,738,43,1.1408,0,0,1,9969.05,0,0.9494,0
1,1,1,1,1.2777,0,0,0,58,1,1.4753,1,1,3,8750.48,0,0.7006,1
1,1,1,1,1.005,0,0,0,258,59,0.7048,0,0,0,1427.24,0,0.77,0
1,1,1,1,0.9164,0,0,0,2406,22,0.8515,0,0,1,14602.25,0,0.8396,0
1,1,1,1,1.0517,0,0,0,3527,153,0.8511,0,0,3,6117.44,0,0.7543,0
1,1,1,1,0.9965,0,0,1,58,2,1.0333,0,0,0,33528.93,0,1.0,0
1,1,0,1,1.0052,0,0,0,2800,10,1.2678,0,0,2,24697.43,0,0.6289,0
1,1,1,1,0.9604,0,0,0,2545,141,0.6436,0,0,2,5130.47,0,0.8164,0
1,1,0,1,1.0734,0,0,1,138,4,1.2749,0,0,0,4115.44,0,0.8354,0
1,1,1,1,0.9531,0,0,0,3628,107,0.4824,0,0,0,9259.29,0,0.9082,0
1,1,1,1,0.9845,0,0,1,85,1,1.4607,0,0,0,53233.57,1,0.8384,0
1,1,1,1,1.0054,0,0,0,1229,122,0.5886,0,0,0,6955.52,0,1.0,0
1,1,1,1,0.957,0,0,0,380,72,0.6814,0,0,3,25539.6,0,0.8773,0
1,1,1,0,1.0275,0,0,0,1257,124,0.9783,0,0,2,3788.51,0,0.951,0
1,1,1,1,1.0222,0,0,0,1001,30,1.0348,0,0,3,17937.73,0,0.8149,0
1,1,1,1,0.9655,0,0,0,1648,138,1.2985,0,0,3,6793.53,0,0.8157,0
1,1,1,1,0.9816,0,0,0,2966,69,0.8251,0,0,3,4037.34,0,0.8065,0
1,1,1,1,1.0065,0,0,0,1171,16,1.0157,0,0,0,10132.04,0,0.8164,0
1,1,0,1,1.7807,0,0,0,763,4,2.3205,1,0,0,36459.81,0,0.3476,1
0,0,1,1,0.9884,0,0,0,2037,110,0.6669,0,0,3,5406.5,0,0.8918,0
1,1,1,1,0.9355,0,0,0,2286,121,0.8953,0,0,0,8530.17,0,0.7255,0
1,1,1,1,0.9771,0,0,0,409,148,0.9245,0,0,0,5828.29,0,0.9338,0
1,1,1,1,1.0096,0,0,0,1589,112,1.0636,0,0,3,8178.61,0,0.8704,0
1,1,1,1,1.0001,0,0,0,1688,175,0.9778,0,0,0,20629.33,0,0.8642,0
1,1,1,1,1.0819,0,0,0,2646,44,1.3884,0,0,1,49803.76,0,0.7917,0
0,0,0,1,1.026,0,0,1,147,4,1.0332,0,0,1,17659.29,0,1.0,0
1,1,1,1,1.0861,0,0,0,3448,125,1.0821,0,0,0,11232.77,0,0.8208,0
1,1,1,1,1.0339,0,0,0,1279,11,0.435,1,0,2,9.21,0,0.8648,0
1,1,0,1,1.058,0,0,1,58,3,0.8635,0,0,1,25933.29,0,0.8957,0
1,1,1,1,1.0331,0,0,0,2148,138,1.5466,0,0,3,5675.75,0,0.9477,0
1,0,0,1,1.0079,0,0,1,119,1,0.7791,0,0,0,1602.52,0,0.7205,0
1,1,1,1,0.9844,0,0,0,674,171,0.9577,0,0,1,15119.71,0,0.7659,0
1,1,1,1,0.9586,0,0,1,154,3,0.4293,0,0,0,46110.28,0,0.8066,0
0,0,1,1,0.9315,0,0,0,2669,103,1.0416,0,0,3,3748.92,0,0.7092,0
0,0,1,1,1.027,0,0,0,1678,38,1.0058,0,0,0,2911.61,1,0.8556,0
1,1,1,1,0.9821,0,0,0,2431,54,1.2889,0,0,3,2895.19,0,0.6416,0
1,1,1,1,0.9834,0,0,0,1735,81,1.0788,0,0,0,17688.68,0,1.0,0
1,1,1,1,0.9114,0,0,0,1872,68,0.5273,0,0,0,1961.45,0,0.8622,0
1,1,1,1,0.9028,0,0,0,776,171,1.0693,0,0,2,52120.78,0,0.9287,0
1,1,1,1,1.0272,0,0,1,82,4,1.0231,0,1,0,12646.98,0,0.9769,0
1,1,1,1,0.9257,0,0,0,2763,171,1.5359,0,0,2,12741.77,0,0.7764,0
1,1,1,1,0.9769,0,0,0,2230,151,1.5399,0,0,3,1997.22,0,0.875,0
1,1,1,1,0.9509,0,0,0,1325,184,1.4721,0,0,1,718.61,0,0.8316,0
1,1,1,1,1.0483,0,0,0,1375,123,0.5904,0,0,3,19486.89,0,0.9369,0
1,1,1,1,0.9054,0,0,0,593,197,1.1728,0,0,0,7264.96,0,0.7331,0
1,1,1,1,0.9725,0,0,0,3340,94,0.5327,0,0,0,19121.43,0,0.9522,0
1,1,1,1,1.1094,0,0,0,605,101,0.2554,0,0,1,14798.67,0,0.7782,0
1,1,1,1,0.9676,0,0,0,2751,38,0.7332,0,0,3,12228.47,0,0.7466,0
1,1,1,1,1.0298,0,0,0,430,160,1.1558,0,0,1,3033.54,0,0.6372,0
1,0,1,1,1.0394,0,0,0,325,151,1.1014,0,0,2,3238.97,0,0.9941,0
1,1,1,1,0.9664,0,0,0,1786,63,0.7664,0,0,0,12432.98,0,0.7733,0
0,0,1,1,0.9601,0,0,0,813,162,0.9176,0,0,2,8896.53,0,0.6806,0
1,1,1,1,1.0264,0,0,0,1308,88,0.9971,0,0,2,4037.95,0,0.681,0
0,0,1,1,0.9901,0,0,0,1117,118,1.2149,0,0,3,16437.31,0,0.9283,0
1,1,1,1,1.0455,0,0,0,3586,25,1.3753,0,0,2,25732.36,0,0.7972,0
1,1,1,1,1.0474,0,0,0,3307,134,1.036,0,0,0,17905.9,0,0.909,0
1,1,1,1,0.9936,0,0,0,1849,65,0.8572,0,0,3,6858.63,0,0.7954,0
1,1,1,1,1.0775,0,0,0,3176,126,0.9893,0,0,0,10389.48,0,0.8523,0
0,0,1,1,1.0467,0,0,0,2390,54,0.9122,0,0,2,5487.03,0,0.8674,0
1,1,1,1,0.9331,0,0,0,3117,11,0.5144,0,0,0,24302.27,0,0.8008,0
1,1,1,1,1.0245,0,0,0,2730,191,1.4641,0,0,0,3174.37,0,0.6603,0
1,1,1,1,0.9676,0,0,0,3253,146,0.6984,0,0,3,38524.36,0,0.7763,0
1,1,1,1,0.9378,0,0,0,857,187,1.0187,0,0,1,42115.61,0,0.9997,0
1,1,1,1,1.012,0,0,0,2378,64,0.9133,0,0,3,708.26,0,0.6721,0
1,1,1,1,0.9662,0,0,0,2770,165,1.1579,0,0,2,3002.66,0,0.8142,0
1,1,1,0,1.1158,0,0,0,368,91,0.9544,0,0,3,21026.92,0,0.8874,0
1,1,1,1,1.0767,0,0,0,573,197,1.2605,0,0,2,2397.95,0,0.9285,0
1,1,0,1,0.9413,0,0,0,1970,170,1.2115,0,1,1,3838.78,0,0.8489,0
1,1,1,1,0.949,0,0,0,312,153,1.1368,0,0,2,53540.9,0,0.8823,0
1,1,1,1,1.0223,0,0,0,322,101,1.3212,0,0,3,3844.45,0,1.0,0
1,1,1,1,0.9561,0,0,0,3626,150,1.0362,0,1,0,18229.08,0,0.8634,0
1,1,1,1,0.9981,0,0,0,3317,72,0.9322,0,0,2,17356.05,0,0.7945,0
1,1,1,1,1.0996,0,0,0,3386,122,1.3604,0,0,1,2440.98,0,0.8699,0
1,1,0,1,1.9289,0,1,0,1813,43,1.6813,0,0,6,27988.55,0,0.6829,1
1,1,1,1,0.9417,0,0,0,3176,179,1.1304,0,0,1,681.74,0,0.8284,0
1,1,1,1,1.0757,0,0,1,143,1,1.0697,0,0,0,1173.35,0,0.8343,0
1,1,1,0,1.0071,0,0,1,87,3,0.7378,0,0,2,22355.59,0,1.0,0
1,1,1,1,1.0408,0,0,0,847,157,1.4601,0,0,1,6607.36,0,0.853,0
1,1,1,1,1.0502,0,0,0,2857,160,0.8893,0,0,2,25909.86,0,0.925,0
1,1,1,1,1.0152,0,0,0,1765,56,1.5328,0,0,1,18295.35,0,0.7739,0
1,1,1,1,0.9683,0,0,0,3645,14,0.987,0,0,0,12837.3,0,0.7324,0
1,1,1,1,1.004,0,0,0,2392,129,1.1534,0,0,1,23773.7,0,0.7163,0
1,0,1,1,0.9629,0,0,0,521,158,1.0758,0,0,1,2030.82,0,0.8818,0
1,1,0,1,1.0397,0,0,0,2619,28,1.2648,0,0,1,13810.54,0,0.7061,0
1,1,1,1,0.9134,0,0,0,2716,133,1.2387,0,0,1,18297.91,0,0.7417,0
1,1,1,0,1.0381,0,0,0,3529,101,1.279,0,0,3,4391.36,0,0.8233,0
1,1,1,1,1.0121,0,0,0,2756,55,0.4457,0,0,3,3173.4,0,0.807,0
1,1,1,0,1.1087,0,0,0,3180,157,1.0134,0,0,2,12718.14,0,1.0,0
1,1,1,1,1.0958,0,0,0,326,157,0.7196,0,0,3,3420.98,0,0.8409,0
1,1,1,1,0.9647,0,0,0,842,80,0.9802,0,0,1,741.05,0,0.8206,0
1,1,1,1,0.9876,0,0,0,497,95,1.054,0,0,1,7893.31,0,0.9333,0
1,1,1,1,1.0976,0,0,0,582,161,1.3035,0,0,3,39305.79,0,0.8586,0
1,1,1,1,0.9415,0,0,0,1956,82,0.9968,0,0,3,24226.28,0,0.8225,0
1,1,1,1,1.0442,0,0,0,1885,69,1.396,0,0,2,27412.4,0,1.0,0
1,1,1,1,1.0381,0,0,0,2424,154,1.421,0,0,1,10973.91,0,1.0,0
1,1,1,1,1.0136,0,0,0,824,104,1.0758,0,0,0,26859.36,0,0.9371,0
1,1,1,1,1.0275,0,0,0,2627,143,1.0579,0,0,0,21104.55,0,0.9461,0
1,1,1,1,1.1044,0,0,0,1657,136,0.6917,0,0,2,20379.89,0,0.8513,0
1,1,0,1,1.0529,0,0,0,1364,12,1.321,0,0,0,27210.8,0,0.8582,0
1,1,1,0,1.0079,0,0,0,3044,22,1.5186,0,0,2,18237.3,0,0.7893,0
1,1,1,1,0.9683,0,0,0,2492,48,1.2887,0,0,3,7628.01,1,0.7329,0
1,1,0,1,1.0079,0,0,0,2377,18,0.9537,0,0,2,13967.2,0,0.8755,0
1,1,1,1,1.0487,0,0,0,440,194,0.96,0,0,2,1065.94,0,0.8356,0
1,1,1,1,1.0019,0,0,0,1431,22,1.1256,0,0,2,2149.63,0,0.9014,0
1,1,1,1,1.0944,0,0,0,2219,53,1.1936,0,0,3,9401.97,0,0.8127,0
1,1,1,1,0.9664,0,1,0,586,38,0.9613,0,0,2,8900.91,1,0.7877,0
1,1,1,1,1.0086,0,0,0,1068,63,0.9558,0,0,1,74.35,0,1.0,0
1,1,0,1,0.8622,0,0,0,3384,58,1.3005,0,0,2,67659.41,0,0.8725,0
1,1,1,1,1.0654,0,0,0,3449,162,1.1168,0,0,0,1939.75,0,0.9527,0
1,1,1,1,1.0954,0,0,1,43,2,0.7823,0,0,2,5784.24,0,0.7546,0
1,1,1,1,0.932,0,0,0,2579,198,1.1012,0,0,0,38243.33,0,0.954,0
1,0,1,1,1.0101,0,0,0,1141,74,1.0125,0,1,3,11865.97,0,0.7097,0
1,1,1,1,1.0574,0,0,0,2471,59,0.4109,0,0,3,8166.45,0,1.0,0
0,0,1,1,0.9859,0,0,0,3495,119,0.9265,0,0,3,35855.61,0,1.0,0
1,1,1,1,0.9887,0,0,0,2502,84,0.6034,0,0,1,2552.87,0,0.8283,0
1,1,0,1,1.0329,0,0,0,1047,142,0.8875,0,0,1,35887.72,0,1.0,0
1,1,0,1,1.038,0,0,0,2862,110,0.5589,0,0,3,20663.29,0,0.7978,0
1,1,1,1,0.9667,0,0,0,841,196,0.9658,0,0,1,35149.06,0,0.8151,0
1,1,1,1,0.9344,0,0,0,3580,160,0.7861,0,0,2,10021.78,0,0.9358,0
1,1,1,1,0.9271,0,0,0,2607,101,1.6591,1,0,1,519.6,0,0.9078,0
1,1,1,1,0.982,0,0,0,1874,91,1.3659,0,0,0,4164.88,0,0.6845,0
1,1,1,0,0.9048,0,0,0,550,115,1.0732,0,0,2,7840.27,0,0.8057,0
1,1,1,1,0.9968,0,0,0,2649,198,1.2324,0,0,3,11180.48,0,0.884,0
1,1,1,1,0.9997,0,0,0,1100,97,1.2978,0,0,0,28157.09,0,0.822,0
1,1,0,1,1.0103,0,0,0,1301,24,1.0711,0,0,0,724.12,0,0.8944,0
1,1,1,1,0.9961,0,0,0,1782,110,1.0016,0,0,1,8310.84,0,0.8,0
1,1,1,1,0.9884,0,0,1,139,4,1.0321,0,0,0,1941.64,0,0.8374,0
1,1,1,1,0.9777,0,0,0,189,190,0.4114,0,0,2,8200.74,0,0.8848,0
1,1,1,1,0.9962,0,0,0,2865,97,1.0582,0,0,1,18098.57,0,0.8332,0
1,1,1,1,0.9198,0,0,0,1135,17,1.0992,0,0,3,2019.84,0,0.7815,0
1,1,0,1,1.078,0,0,0,2590,105,0.2882,0,0,2,6777.66,0,0.8765,0
1,1,1,1,0.9539,0,0,0,3458,176,0.7124,0,0,0,22411.52,0,0.7747,0
1,1,1,1,1.0304,0,0,0,683,156,0.9468,1,0,1,27103.32,0,0.7921,0
1,1,1,1,0.9885,0,0,0,1763,70,0.687,0,0,0,47565.74,0,0.819,0
1,1,0,1,1.0014,0,0,1,107,1,1.0754,0,0,0,26714.26,0,0.7929,0
1,1,1,1,1.0494,0,0,0,2585,36,1.0904,0,0,0,4291.44,0,0.9633,0
1,1,1,1,0.902,0,0,0,601,167,0.8262,0,0,2,1084.53,0,0.9308,0
1,1,1,1,1.0726,0,0,0,1387,176,1.3104,0,0,3,12517.12,0,0.8271,0
1,1,1,1,1.0574,0,0,0,1219,186,0.7004,0,0,0,15134.96,0,0.7702,0
0,0,1,1,0.9275,0,0,1,168,2,0.2849,0,0,2,7051.75,0,0.9484,0
1,1,1,1,0.9779,0,0,0,3259,81,1.3265,0,0,0,23127.03,0,0.7281,0
1,1,1,1,1.0348,0,0,0,570,196,1.091,0,0,1,8705.45,0,0.8823,0
0,0,1,1,0.9621,0,0,0,3489,171,0.9812,0,0,0,19283.44,0,0.9763,0
1,1,1,1,1.0041,0,0,0,3303,102,1.3062,0,0,2,51513.31,0,0.6879,0
0,0,1,1,1.0575,0,0,0,2109,14,1.5216,0,0,3,3123.4,0,0.6734,0
1,1,1,1,0.9226,0,0,0,1805,15,1.6344,0,0,0,19263.76,0,0.9876,0
1,1,1,0,0.9704,0,0,0,2427,150,0.7144,0,0,3,8812.65,0,0.882,0
1,1,1,1,1.0815,0,0,0,672,17,1.0017,0,0,1,46860.54,0,1.0,0
1,1,1,1,1.0786,0,0,1,124,0,1.4255,0,0,1,1575.02,0,0.9718,0
1,1,1,1,0.8987,0,0,0,636,108,0.6437,0,0,2,14721.18,0,0.9301,0
1,1,1,1,0.9326,0,0,0,3554,141,1.2896,0,0,1,29882.87,0,0.9991,0
1,1,1,1,0.9656,0,0,0,2235,17,0.562,0,0,2,22189.59,0,0.8827,0
1,1,1,1,1.0809,0,0,0,2399,104,0.8256,0,0,2,5426.81,0,0.6958,0
1,1,0,1,1.0527,0,0,0,2684,101,1.2988,0,0,0,9904.28,0,0.8169,0
1,1,1,1,1.0201,0,0,0,546,109,0.7154,0,0,3,25337.9,0,0.7709,0
1,1,1,1,0.955,0,0,0,2899,39,1.1557,0,0,1,7800.78,0,0.8118,0
1,1,1,1,1.0749,0,0,0,1503,38,1.1341,1,0,2,1924.12,0,0.723,0
1,0,1,1,0.9948,0,0,0,2303,85,1.3783,0,0,1,94747.32,0,0.7627,0
1,1,1,1,0.9179,0,0,0,192,168,0.9405,1,0,3,11071.57,0,0.6277,0
1,1,1,1,1.0228,0,0,0,1426,117,1.1598,0,0,1,12342.27,0,0.8811,0
1,1,1,1,0.9268,0,0,0,3539,85,0.6434,0,0,2,40484.19,0,0.9145,0
0,0,1,1,0.9733,0,0,0,1502,102,1.027,0,0,0,2878.66,0,0.8328,0
1,1,1,1,1.0525,0,0,1,102,2,0.5755,0,0,3,6204.98,0,0.8377,0
1,1,1,1,0.9381,0,0,0,231,149,0.7105,0,0,1,66273.23,0,0.6779,0
1,1,1,1,1.0287,0,0,0,3503,50,1.0842,1,0,0,6302.48,0,0.8797,0
1,1,1,1,0.9833,0,0,0,1117,136,0.917,0,0,3,14467.04,0,0.9516,0
1,1,1,1,0.9072,0,0,0,2332,134,0.8741,0,0,1,12046.87,0,0.8232,0
1,1,1,1,1.0181,0,0,1,41,4,0.9604,0,0,1,38824.13,0,0.8192,0
1,1,1,1,1.0502,0,0,0,3415,64,0.8311,0,0,3,6546.69,0,0.7763,0
1,1,1,1,0.9212,1,0,1,146,0,0.6694,0,0,2,899.02,0,0.7992,0
1,1,1,1,1.0019,0,0,0,1478,85,0.4497,0,0,2,2189.57,0,0.9894,0
1,1,1,1,1.014,0,0,0,2482,168,0.7553,0,0,2,7085.98,0,0.8399,0
1,1,0,1,1.0271,0,0,0,393,7,0.9559,0,0,3,1283.12,0,0.8255,0
1,1,1,0,1.0231,0,0,0,613,100,1.1537,0,0,3,34182.92,0,0.7856,0
1,0,1,1,0.9886,0,0,0,2996,67,1.1817,0,0,1,48506.98,0,0.9147,0
1,1,1,1,1.0123,0,0,0,2522,93,0.2,0,0,1,11332.7,0,0.958,0
1,1,1,1,1.0405,0,0,0,3505,47,0.4755,0,0,1,15243.37,0,0.8576,0
0,0,1,1,0.9893,0,0,0,1221,180,1.1004,0,0,3,30265.98,0,0.9356,0
1,1,1,1,0.9341,0,0,0,494,98,1.3259,0,1,2,21956.32,0,1.0,0
1,0,1,1,1.0558,0,0,0,3330,126,0.6991,0,0,3,23190.79,0,0.8815,0
1,1,1,1,0.9094,0,0,0,1320,23,1.0518,0,0,2,26458.57,0,0.6948,0
1,1,1,1,0.9978,0,0,1,110,1,1.2656,0,0,1,1528.07,0,0.8727,0
1,1,0,1,1.0411,0,0,0,2573,103,0.721,0,0,1,12960.15,0,1.0,0
1,1,1,1,0.949,0,0,0,476,159,0.8511,0,0,2,7149.17,0,0.8064,0
1,1,1,1,0.953,0,0,0,1825,9,1.1189,0,0,3,32062.21,0,0.8013,0
1,1,1,1,0.9923,0,0,0,3309,112,0.575,0,0,0,28443.48,0,0.9012,0
1,1,1,1,1.0364,0,0,0,2290,137,1.6424,0,0,0,3698.88,0,0.9089,0
1,1,1,1,0.9923,0,0,0,1983,75,1.1677,0,0,3,12312.36,0,0.8696,0
1,1,1,1,1.255,0,1,0,1740,39,1.6375,0,0,6,19631.33,0,0.6631,1
1,1,1,1,1.0146,0,0,0,1484,94,0.7561,0,0,2,29669.25,0,0.842,0
1,1,0,1,1.0169,0,0,0,1881,169,1.6332,0,0,3,9124.11,0,0.9562,0
1,0,0,1,1.0196,0,0,0,677,156,0.8912,0,0,2,73450.58,0,0.7377,0
1,1,1,1,0.9771,0,0,0,1148,148,1.5685,0,0,3,15829.98,0,0.9977,0
1,1,1,1,0.9537,0,0,0,3402,64,1.4646,0,0,3,2657.18,0,0.7265,0
1,1,1,1,0.939,0,0,0,2867,172,1.5601,0,0,0,6633.84,0,0.8303,0
1,1,1,1,0.979,0,0,0,866,49,1.0291,0,0,2,346.13,0,0.9221,0
1,1,1,1,1.1031,0,0,0,2113,40,1.3911,0,0,0,3564.13,0,0.7501,0
1,1,1,1,1.0112,0,0,0,893,94,1.1271,0,0,1,4579.11,0,0.9248,0
1,1,0,1,1.0206,0,0,0,439,134,1.0358,0,0,0,14144.55,0,0.9755,0
1,1,1,1,1.0407,0,0,0,1495,197,1.2498,1,0,1,46701.37,0,0.877,0
0,0,1,1,0.9739,0,0,0,485,16,0.9271,0,0,3,2669.72,0,0.7293,0
0,0,0,0,1.2345,0,0,0,1928,12,2.2675,0,0,5,23322.34,0,0.295,1
1,1,1,1,1.0597,0,0,0,1140,64,1.0134,0,0,1,5957.4,0,1.0,0
1,1,1,1,1.0333,0,0,0,241,124,0.9088,0,0,3,2467.71,0,0.8511,0
0,0,1,1,1.0341,0,0,0,2645,55,0.6943,0,0,0,16580.77,0,0.9029,0
0,0,1,1,0.9552,0,0,0,2915,38,0.6227,0,0,0,2945.0,0,0.7871,0
0,0,1,1,1.0219,0,0,0,1360,64,1.1188,0,0,1,12766.62,0,0.9452,0
1,1,1,1,0.9583,0,0,0,702,186,1.0644,1,0,3,24958.0,0,1.0,0
1,1,1,1,0.9443,0,0,0,2048,167,0.5816,0,0,0,1.04,0,0.8288,0
1,1,1,1,0.9589,0,0,0,2871,156,0.8845,0,0,2,23587.18,0,0.7605,0
1,1,1,0,0.9299,0,0,0,3306,167,0.8709,0,0,2,12425.77,0,0.9841,0
0,0,1,1,1.042,0,0,1,175,0,0.9947,0,0,3,8175.26,0,0.9538,0
0,0,1,0,1.0307,0,0,0,418,152,0.4813,0,0,2,55207.56,0,0.721,0
1,1,1,1,0.8903,0,0,0,958,149,1.6514,0,0,2,2925.62,0,0.9193,0
1,1,1,0,0.9662,0,0,1,76,4,1.5503,0,0,0,11812.18,0,0.9213,0
1,1,1,1,0.8847,0,0,0,988,61,0.9261,0,0,0,5783.84,0,0.7508,0
1,1,1,1,1.0308,0,0,0,645,120,1.0643,0,0,1,22823.21,0,0.7662,0
1,1,1,1,1.0381,0,0,1,110,0,1.0654,0,0,1,2996.79,0,0.8572,0
1,1,1,1,0.996,0,0,1,119,2,0.7824,0,0,2,1217.77,0,0.9955,0
1,1,1,1,1.0738,0,0,0,631,184,1.2991,0,0,2,9776.09,0,0.7603,0
1,1,1,1,1.1197,1,0,0,1458,180,1.0702,0,0,2,16845.43,0,0.6754,0
1,1,1,1,1.0303,0,0,0,3236,21,1.2052,0,0,0,81.39,0,0.9935,0
1,1,1,1,1.0234,0,0,0,2126,99,1.3252,0,0,2,659.53,1,0.8181,0
1,1,1,1,0.9464,0,0,1,49,0,0.9862,0,0,2,4558.71,0,0.7369,0
1,1,1,1,0.9334,0,0,0,2564,82,1.0978,0,0,2,11755.72,0,0.683,0
1,1,1,1,1.0364,0,0,0,1342,71,0.5445,0,0,2,1654.32,0,0.7145,0
1,1,0,1,1.3228,0,1,0,1807,12,1.784,1,0,7,73098.52,0,0.1809,1
1,1,1,1,0.9882,0,0,0,2291,162,1.1578,1,0,0,19797.52,0,0.8611,0
1,1,1,1,1.0116,0,0,0,1436,121,0.7756,0,0,0,20860.7,0,0.9608,0
1,1,1,1,0.996,0,0,0,2539,114,0.9104,0,0,2,20337.41,0,0.7921,0
1,1,1,1,1.0975,0,0,0,2194,90,1.0492,0,0,2,1024.44,0,0.8385,0
0,0,1,1,0.9745,0,0,0,224,183,0.8647,0,0,1,8883.65,0,0.6485,0
0,0,1,0,1.0159,0,0,0,2018,187,1.6347,0,0,3,821.32,0,0.7538,0
1,1,1,1,1.1027,0,0,0,1947,42,0.7228,0,1,2,5914.07,0,0.9896,0
0,0,0,1,1.105,0,0,1,78,2,1.9963,1,1,2,570.25,0,0.2946,1
1,1,1,1,1.0841,0,0,0,1532,30,1.0071,0,0,3,9284.27,0,0.85,0
0,0,1,1,0.9765,0,0,0,2598,90,1.2422,0,0,1,3709.87,0,0.7739,0
1,1,1,1,1.0167,0,0,0,2325,62,0.9184,0,0,0,41308.07,0,0.8301,0
1,1,1,1,1.0454,0,0,0,2696,105,0.618,0,0,1,20028.37,0,0.8552,0
1,1,1,1,0.9833,0,0,0,3178,32,0.7388,0,0,3,7597.83,0,0.93,0
1,1,1,1,1.0161,0,0,0,3289,128,1.2206,0,0,2,6242.44,0,0.9072,0
1,1,1,1,1.0554,0,0,1,141,3,1.0567,0,0,1,79457.45,0,0.9028,0
1,1,1,0,0.9734,0,0,0,353,68,0.473,0,0,1,9690.73,0,0.9555,0
1,1,1,1,1.0815,0,0,0,2432,28,0.8385,0,0,0,17519.78,0,0.8661,0
1,0,0,1,1.0062,0,0,1,37,2,0.8455,0,0,2,9944.88,0,0.8805,0
0,0,1,1,0.9971,0,0,0,762,84,1.0963,0,0,1,42862.35,0,0.7803,0
1,1,1,1,1.0066,0,0,0,2253,191,0.9539,0,0,1,14391.73,0,0.7767,0
1,1,1,1,1.0118,0,0,0,2781,148,0.9472,0,0,1,175.51,0,0.8693,0
1,1,1,1,0.9809,0,0,1,30,1,1.1413,0,0,1,1914.73,0,0.8304,0
1,1,1,1,0.9713,0,0,0,3024,25,1.2406,0,0,0,6377.88,0,0.9523,0
1,1,1,1,1.0522,0,0,0,3186,181,0.5979,0,0,0,6708.37,0,0.9198,0
1,1,1,1,1.0147,0,0,0,2678,182,0.6521,0,0,0,7216.76,0,0.9459,0
1,1,1,1,0.9738,0,0,0,1323,94,1.0513,0,0,1,1122.44,0,0.8107,0
1,1,1,1,1.0691,0,0,1,65,4,0.8822,0,0,3,829.32,0,0.8674,0
1,1,1,1,1.0376,0,0,1,80,4,0.6455,0,0,3,1995.54,0,0.9634,0
0,0,1,1,1.0075,0,0,0,2010,93,1.242,0,0,0,27851.65,0,0.7951,0
1,1,1,1,0.9973,0,0,0,2750,28,0.7957,0,0,0,62169.93,0,0.6904,0
1,1,1,1,1.0044,0,0,1,53,3,1.4167,0,0,1,25308.21,0,0.9371,0
1,1,1,1,0.9392,0,0,0,3436,153,0.8915,0,0,3,10596.25,0,0.8758,0
1,0,1,1,1.067,0,0,0,1911,141,1.2205,0,0,1,8151.34,0,0.7248,0
1,1,1,1,1.0045,0,0,0,3441,33,1.0926,0,0,0,14521.81,0,0.6821,0
1,1,1,1,0.9764,0,0,1,49,2,1.2447,0,0,3,31681.55,0,0.8833,0
1,1,1,1,0.9816,0,0,0,187,40,1.0271,0,0,3,1195.35,0,0.8692,0
1,1,0,1,0.975,0,0,0,2357,61,1.1726,0,0,3,96.34,0,0.9516,0
1,1,1,1,0.9782,0,0,0,3194,162,1.3585,0,0,0,32630.46,0,0.8804,0
1,1,1,1,1.0188,0,0,0,2468,15,0.9317,0,0,2,3886.67,0,0.8719,0
1,1,1,1,1.0233,0,0,0,976,8,0.923,0,0,3,38205.8,0,0.9802,0
1,1,1,1,1.0773,0,1,0,892,60,0.7674,0,0,2,10244.14,0,0.8816,0
1,1,1,1,0.9912,0,0,0,856,102,1.1343,0,0,3,47325.79,0,0.8484,0
1,1,1,1,0.9798,0,0,0,830,35,1.0691,0,0,0,4950.93,0,0.9099,0
1,1,1,1,0.9655,0,0,0,916,92,1.2037,0,0,2,18869.59,1,0.69,0
1,1,1,1,1.1632,0,0,1,20,2,1.6583,1,1,2,26780.16,0,0.3873,1
1,1,1,0,0.9174,0,0,0,1116,178,0.8804,0,0,3,13779.72,0,0.713,0
1,1,1,1,0.9235,0,0,0,3219,143,1.235,1,0,0,16059.78,0,0.8473,0
1,1,1,1,0.9242,0,0,0,1699,173,0.5041,0,0,0,20767.71,0,0.8203,0
1,1,0,1,2.1258,0,0,0,1394,28,1.2428,0,0,4,23578.52,0,0.7265,1
1,1,1,1,1.0451,0,0,0,1348,82,0.8814,0,0,0,2210.32,0,0.8915,0
0,0,1,1,0.964,0,0,0,2819,94,1.5465,0,0,1,24453.45,0,0.887,0
1,1,1,1,0.9751,0,0,0,3537,43,1.0643,0,0,2,3438.4,0,1.0,0
1,1,1,0,0.9392,0,0,0,2953,107,1.1559,0,0,1,1946.72,0,0.8672,0
1,1,0,1,1.0101,0,0,0,1045,77,1.0073,0,0,0,4943.28,0,0.8171,0
1,1,1,1,0.9881,0,0,0,3241,189,1.1293,0,0,2,2619.28,0,0.8137,0
1,1,1,1,1.0286,0,0,0,2057,135,0.7274,0,0,3,2054.54,0,0.9541,0
1,1,1,1,1.0233,0,0,0,1830,154,0.8085,0,0,0,28208.46,0,0.8462,0
1,1,1,1,1.0755,0,0,0,1485,106,0.7848,0,0,2,5053.67,0,0.7819,0
1,1,1,1,0.9302,0,0,0,844,8,0.4029,0,0,10,116466.61,1,0.4803,1
1,1,1,1,1.0216,0,0,0,2469,24,1.4895,0,0,2,12067.02,1,1.0,0
1,1,0,1,1.0622,0,0,0,422,158,0.7773,0,0,0,2350.63,0,0.8305,0
1,1,1,1,1.0302,0,0,0,2979,73,1.3341,0,0,2,18445.13,0,0.973,0
1,1,1,1,0.9526,0,1,0,1680,112,1.1994,0,0,1,25823.31,0,0.9492,0
1,1,1,1,1.0174,0,0,0,3128,63,0.8942,0,0,3,9992.68,0,0.8091,0
1,1,0,1,1.0084,0,0,0,2567,158,1.0467,0,0,3,26281.13,0,0.6768,0
1,1,1,1,0.9932,0,0,0,3554,172,0.8024,0,0,0,3230.73,0,0.7611,0
1,1,1,1,0.9387,0,0,0,2848,90,0.9562,0,0,3,9154.69,0,0.8147,0
1,0,1,1,1.0299,0,0,0,1038,25,1.2376,0,0,3,10168.58,0,0.9591,0
1,1,1,1,1.0219,0,0,1,44,0,0.82,0,0,1,39963.4,0,0.8815,0
1,1,1,1,0.9698,0,1,0,1100,117,1.1407,0,0,3,4440.12,0,0.9684,0
1,1,1,1,0.9758,0,0,0,2380,31,0.8083,0,0,2,19171.41,0,0.7921,0
1,1,1,1,0.927,0,0,0,3343,18,1.3566,0,0,1,15290.37,0,0.8708,0
1,1,1,1,0.9717,0,0,0,2095,63,0.8596,0,0,2,2447.8,0,1.0,0
1,1,1,1,1.0777,0,0,0,1307,31,1.1228,0,0,1,32737.31,0,0.8568,0
1,1,1,1,1.0323,0,0,0,2633,107,0.8321,0,0,0,16742.68,0,0.7944,0
1,1,1,1,0.9914,0,0,0,3408,150,1.0026,0,0,0,5216.15,1,0.8074,0
1,1,1,1,0.9777,0,0,0,3074,69,0.5025,0,0,1,3804.4,0,0.7289,0
1,1,1,1,1.0352,0,0,0,1442,89,1.1156,0,0,2,6424.22,0,0.8132,0
1,1,1,1,1.0487,0,0,0,1654,110,1.1818,0,0,0,404.98,0,0.7684,0
1,1,1,1,0.9584,0,0,0,209,86,1.0483,0,0,0,7579.71,0,0.6903,0
1,1,1,1,0.9313,0,0,0,1237,193,0.7156,0,0,2,40013.99,0,0.9005,0
1,1,1,1,0.9125,0,0,1,110,4,1.5935,0,0,1,20179.37,0,0.7419,0
1,1,1,1,1.0288,0,0,0,1916,26,0.9208,0,0,2,19737.27,0,0.8908,0
1,1,1,1,0.9407,0,0,0,1240,109,1.0893,0,0,1,1874.42,0,0.9345,0
1,1,1,0,1.0201,0,0,0,292,112,0.2,0,0,3,8274.11,0,0.9149,0
0,0,0,1,1.0074,0,0,0,2122,62,1.0701,0,0,2,14138.86,0,0.8297,0
1,1,1,1,1.0736,0,0,1,126,2,0.9416,1,0,3,11742.98,0,0.7312,0
1,1,1,1,1.0439,0,0,0,2455,170,1.0023,0,0,3,1804.27,0,0.6873,0
1,1,1,1,1.033,0,0,0,2163,9,0.9572,0,0,1,5395.46,0,0.7939,0
1,1,1,1,1.041,0,0,1,55,0,1.1574,0,0,3,1954.41,0,0.898,0
1,1,1,1,1.0032,0,0,0,1994,92,0.9718,0,0,1,6177.29,0,0.8283,0
1,1,1,1,1.0249,0,0,0,1326,68,1.2924,0,0,2,27558.66,0,0.8513,0
1,1,1,1,0.9636,0,0,0,1572,143,0.9232,0,0,2,10507.27,0,0.9133,0
1,1,1,1,1.0019,0,0,1,92,2,1.4693,0,0,3,26707.46,0,0.7399,0
1,1,1,1,1.0078,0,0,0,3088,10,1.2548,0,0,0,4006.18,0,0.9035,0
1,1,0,1,1.0068,0,0,0,265,135,0.8839,0,0,1,27372.72,0,0.9816,0
1,1,1,1,0.9042,0,0,0,1198,193,1.2237,0,0,1,30039.2,0,0.7306,0
1,1,1,1,1.0,0,0,0,626,89,1.1375,0,0,2,4483.08,0,0.8694,0
1,1,0,1,1.1768,0,1,0,926,40,1.1143,1,1,7,9954.3,0,0.8184,1
1,1,1,1,1.0197,0,0,0,1584,40,1.1666,0,0,0,1196.42,0,0.8431,0
1,1,1,1,0.963,0,0,0,2572,127,0.9456,0,0,1,19146.16,0,0.7271,0
1,1,1,1,0.973,0,0,0,2668,93,1.5287,0,0,3,21324.77,0,0.9298,0
1,1,1,1,1.0275,0,0,0,2932,33,1.3111,0,0,1,11732.67,0,0.9802,0
1,1,1,1,1.0769,0,0,0,268,90,0.6226,0,0,2,9674.24,0,0.6824,0
1,1,1,1,0.949,0,0,0,2798,12,1.3455,0,0,1,22203.99,0,0.8179,0
1,0,1,1,0.9956,0,1,0,1974,15,1.1356,0,1,7,61227.57,1,0.6116,1
1,1,1,1,1.1074,0,0,0,1062,190,0.5896,0,0,0,13914.15,0,0.713,0
1,1,1,1,1.0488,0,0,0,3229,192,1.0822,1,0,2,10218.95,0,0.9006,0
1,1,1,1,0.9431,0,0,0,1631,96,1.3132,0,0,2,38784.94,0,0.8737,0
1,1,1,1,1.0288,0,0,0,306,158,1.2796,0,0,0,12155.65,0,0.8627,0
1,1,1,1,0.9919,0,0,0,2952,119,0.8985,0,0,2,23227.92,0,0.7808,0
0,0,1,1,1.0276,0,1,0,251,48,2.6432,0,0,5,26089.58,0,0.5091,1
1,1,1,1,1.0523,0,0,0,2683,159,0.6708,0,0,1,6600.81,0,0.8586,0
1,1,1,1,0.9911,0,0,0,314,49,0.7456,0,0,2,4713.62,0,0.9325,0
1,1,1,1,0.9415,0,0,0,1657,143,0.4735,0,0,3,33424.12,0,0.8968,0
1,1,1,1,0.9574,0,0,0,942,122,0.7607,0,0,3,9391.22,0,0.7127,0
1,1,1,1,0.9518,0,0,0,752,102,1.1158,0,0,2,4672.41,0,1.0,0
1,1,0,1,1.04,0,0,0,2172,147,1.0155,0,0,2,33551.7,0,0.8487,0
0,0,1,1,0.957,0,0,0,3035,191,0.9349,0,0,2,8629.44,0,0.8354,0
1,1,1,1,0.9589,0,0,0,221,191,1.7274,1,0,2,34333.31,0,0.7025,0
1,1,1,1,0.9727,0,0,0,1075,163,0.8723,0,0,1,6064.92,0,0.9129,0
1,1,1,1,1.0548,0,0,0,3600,115,0.887,0,0,0,20766.56,0,0.7087,0
1,1,1,1,1.0744,0,0,0,2606,194,0.9425,0,0,3,4020.13,0,0.7258,0
1,1,1,1,0.9843,0,0,0,2889,187,1.0608,0,0,2,12139.87,0,0.8989,0
0,0,1,1,0.9337,0,0,0,367,82,1.4799,0,0,0,9035.0,0,0.7975,0
1,1,1,1,0.9668,0,0,0,2847,177,1.1899,0,0,3,8779.52,0,0.8241,0
1,1,1,1,1.1225,0,0,0,1011,186,1.4802,0,0,3,40702.23,0,0.8829,0
1,1,1,1,0.9954,0,1,0,847,169,1.0911,0,0,2,3168.47,0,0.8694,0
1,1,0,1,0.9926,0,0,0,1783,79,0.7559,0,0,3,20269.65,0,0.8781,0
1,1,1,1,1.0532,0,0,0,2855,78,1.1998,0,0,1,43759.1,0,0.8517,0
1,1,1,1,0.9678,1,0,1,43,1,1.0204,1,0,3,10442.67,0,1.0,1
0,0,1,1,0.987,0,0,0,2560,59,0.7543,0,0,3,15506.55,0,0.7652,0
1,1,1,1,0.97,0,0,0,1655,170,0.9527,0,0,2,1601.99,0,0.716,0
1,1,1,0,0.9531,0,0,0,829,127,1.3717,0,0,3,15791.96,0,0.8065,0
1,1,1,1,0.9925,0,0,0,3316,131,0.7475,0,0,0,5141.97,0,1.0,0
1,1,1,1,1.0028,0,0,0,1926,51,1.0854,1,0,1,2513.77,0,0.7645,0
1,1,1,1,1.004,0,0,0,922,38,1.3231,0,0,0,12976.43,0,0.6621,0
1,1,1,1,0.9833,0,0,1,79,0,1.2105,0,0,1,3090.58,0,0.7431,0
1,1,1,1,1.0479,0,0,0,2589,192,1.0523,0,0,1,51591.65,0,0.7498,0
1,1,1,0,1.0354,0,0,0,1971,111,0.7401,0,0,3,27171.91,0,0.8906,0
1,1,1,1,0.9278,0,0,1,90,4,0.5452,0,0,3,24045.88,0,0.6805,0
1,1,1,1,0.9525,0,0,0,2504,178,0.7145,0,0,2,27408.73,0,0.9591,0
1,1,1,1,0.9555,0,0,0,1470,25,0.8564,0,0,2,14546.58,1,0.854,0
1,1,1,0,1.0085,0,0,0,2638,167,1.3666,1,0,2,18829.82,0,0.7676,0
1,1,1,1,0.932,0,0,0,1550,29,1.4529,0,0,2,31861.48,0,0.8989,0
1,1,1,1,1.0632,0,0,0,3118,159,0.6573,0,0,3,48380.84,0,0.8662,0
1,1,1,1,1.0038,0,0,0,2797,133,1.1695,1,0,3,21648.5,0,0.8161,0
1,1,1,1,1.0512,0,0,0,950,61,0.8542,0,1,2,20753.97,0,0.9436,0
1,1,1,1,0.9761,0,0,0,1670,100,1.5529,0,0,1,31855.27,0,0.875,0
1,1,1,0,1.0243,0,0,0,990,151,1.2046,0,0,3,8036.1,0,0.9905,0
1,1,1,1,1.0496,0,0,0,2336,112,0.9621,0,0,0,33952.87,0,0.775,0
1,1,1,1,1.0478,0,0,0,1076,171,1.269,0,0,2,27074.94,0,0.9405,0
1,1,1,1,1.0123,0,0,0,1493,198,0.8887,1,0,2,22093.88,0,0.9902,0
1,1,1,1,0.9682,0,0,0,1523,6,1.3305,0,0,3,12558.56,0,0.808,0
1,1,1,0,1.0488,0,0,1,53,4,0.9244,0,0,0,14270.95,0,0.8674,0
1,1,1,1,1.0734,0,0,0,817,146,1.0468,0,0,3,7425.29,0,0.8013,0
1,1,1,1,1.0008,0,0,0,3332,187,0.7707,0,0,1,24060.94,0,0.8685,0
1,1,1,1,1.0479,0,0,0,1238,197,0.986,0,0,1,9670.98,0,0.8469,0
1,1,1,1,0.9399,0,0,0,2312,91,1.0499,0,0,0,4873.26,0,0.9885,0
1,1,0,1,0.9207,0,0,0,854,39,1.3444,0,0,3,9854.75,0,0.8814,0
1,1,1,1,0.9963,0,0,0,840,196,1.8273,0,0,1,23275.74,0,0.9162,0
1,1,1,1,0.9957,0,0,0,2764,51,0.8284,0,0,0,14550.75,0,0.7267,0
1,1,0,1,0.973,0,0,0,1523,191,1.055,0,0,0,39808.46,0,0.8372,0
0,0,1,1,0.9037,0,0,0,3527,145,0.8071,0,1,0,6162.13,0,0.7138,0
1,1,1,0,1.0313,0,0,0,381,194,0.2,0,0,2,18434.47,0,0.8456,0
1,1,1,1,0.9424,0,0,0,1692,85,0.7525,0,0,1,4174.61,0,0.6911,0
1,1,1,1,0.9539,0,0,0,1831,48,0.8956,0,0,2,4266.29,1,0.6345,0
1,1,1,1,1.0215,0,0,0,3331,124,0.9483,0,0,1,14213.23,0,0.922,0
1,1,1,1,1.0317,0,0,0,2210,108,0.9697,0,0,2,16257.31,0,0.6575,0
1,1,1,1,0.969,0,0,0,3087,174,0.8768,1,0,0,22550.24,0,0.8793,0
1,1,1,1,1.0108,0,0,0,333,83,1.0305,0,0,2,15670.72,0,0.8086,0
1,1,1,1,1.0421,0,0,1,66,1,0.8741,0,0,2,5059.93,0,0.7251,0
1,1,1,1,1.0066,0,0,0,3333,72,1.2171,0,0,1,5112.52,0,0.8025,0
1,1,1,1,1.0339,0,0,0,2679,103,0.6062,0,0,0,947.13,0,0.6521,0
1,1,1,1,1.0254,0,0,0,1850,105,0.6104,0,0,1,2864.02,0,0.8916,0
1,1,1,1,0.9644,0,0,0,2854,80,1.4287,0,0,0,314.97,0,0.9674,0
1,1,1,1,1.0224,0,0,0,728,154,1.2896,0,0,2,1778.32,1,0.8548,0
1,1,1,1,1.0029,0,0,0,2145,86,1.2499,0,0,3,1680.64,0,1.0,0
1,1,1,0,1.0672,0,0,0,281,38,1.1966,0,0,3,19615.28,0,0.7216,0
1,1,1,1,1.0524,0,0,0,760,196,1.0068,0,0,3,11642.33,0,0.8409,0
1,1,1,1,1.0282,0,0,0,2517,120,0.2,0,0,1,33385.69,0,0.6749,0
1,1,1,1,0.9249,0,0,0,3263,52,0.7643,0,0,3,26259.91,0,0.9332,0
1,1,1,1,1.0235,0,0,0,1887,47,1.1894,0,0,1,19305.76,0,0.7946,0
1,1,1,1,0.9873,0,0,0,3478,150,0.8688,0,0,0,9842.06,0,1.0,0
1,1,1,1,1.0191,0,0,0,321,118,1.3182,0,0,0,25511.41,0,0.913,0
1,1,1,1,0.9067,0,0,0,3382,171,1.1738,0,0,1,4892.92,0,1.0,0
1,1,1,1,1.0182,0,0,0,447,33,1.439,0,0,3,5929.71,0,0.7729,0
1,1,1,1,0.9656,0,0,0,3044,22,0.2,0,1,1,13799.77,0,0.9483,0
1,1,1,1,1.0106,0,0,0,2972,66,0.7791,0,0,2,12436.14,0,0.7774,0
1,1,1,1,0.9096,0,0,0,1814,94,1.1828,0,0,2,12361.94,1,0.7429,0
1,1,1,1,1.0676,0,0,0,1994,33,0.7358,1,0,0,25987.98,0,0.8667,0
1,1,1,1,1.0491,0,0,0,3141,47,1.0962,0,0,1,11906.39,0,0.7108,0
1,1,1,1,0.9586,0,0,0,2232,107,0.8376,0,0,0,5103.57,0,0.9065,0
1,1,1,1,1.0439,0,0,0,2704,152,1.1008,0,0,0,16926.47,0,0.737,0
1,1,1,1,0.9874,0,0,0,2727,30,0.8549,0,0,0,5620.98,0,0.9034,0
1,0,1,1,1.0588,0,0,0,3584,185,0.9031,1,1,3,43572.83,0,0.7468,0
1,1,1,1,1.0665,0,0,0,1205,14,1.0197,0,0,1,11250.63,0,0.9476,0
1,1,1,1,0.9274,0,0,0,1694,5,1.1693,0,0,2,19373.74,0,0.6835,0
1,1,1,1,0.9684,0,0,0,1316,38,0.8188,0,0,1,63243.39,0,0.7533,0
1,1,1,1,0.9899,0,0,0,387,88,1.7693,0,0,0,21757.44,0,0.7254,0
1,0,1,1,1.0632,0,0,0,2581,123,1.7255,0,0,1,18836.95,0,0.9618,0
1,1,1,1,1.0715,0,0,1,115,4,0.6945,0,0,3,6521.79,0,0.9091,0
1,1,1,1,1.0143,0,0,0,3353,12,0.8066,0,0,0,14043.11,0,0.8777,0
1,1,1,1,0.9548,0,0,0,631,8,0.8186,0,0,1,51750.8,0,0.794,0
1,1,1,1,0.9899,0,0,0,1750,45,0.9351,0,0,1,10990.75,0,0.7161,0
1,1,0,1,1.0343,0,0,1,63,4,0.917,0,0,0,10358.4,0,0.8336,0
1,1,1,1,1.0053,0,0,0,2237,41,1.092,0,0,0,6584.76,0,0.8547,0
1,1,1,1,0.8982,0,0,0,3536,66,0.7306,0,0,1,8858.21,0,0.9657,0
1,1,1,1,1.0043,0,0,0,3009,197,1.1239,0,0,2,622.63,0,0.6775,0
0,0,1,1,1.0115,0,0,0,871,41,0.7905,0,0,2,7954.04,0,0.9843,0
1,1,0,1,0.9562,0,0,0,1996,58,0.8496,0,0,1,14683.38,0,0.7986,0
1,1,1,1,0.9733,0,0,0,676,19,0.9744,0,0,0,3366.79,0,0.8068,0
1,1,1,1,0.9372,0,0,0,2620,70,1.3624,0,0,0,8535.0,0,0.7747,0
1,1,1,1,0.9339,0,0,0,2451,83,1.4103,0,0,3,19587.04,0,0.8113,0
1,1,1,1,0.9918,0,0,0,476,52,0.9221,0,0,2,9024.98,0,0.7118,0
1,1,1,1,0.9491,0,0,0,790,119,0.711,0,0,1,18549.97,0,0.8103,0
1,1,1,1,1.0054,0,0,0,1541,182,0.8682,0,0,2,21861.83,0,0.8059,0
1,0,1,1,1.027,0,0,0,2403,200,0.9769,0,0,2,7665.71,0,0.8596,0
1,1,1,1,0.966,0,0,0,468,74,0.8937,0,0,2,1309.68,0,0.7082,0
1,1,1,1,0.9782,0,0,0,2755,35,1.1311,0,0,0,4497.66,0,1.0,0
1,1,1,1,1.0127,0,0,0,3591,193,1.0325,0,0,0,10227.37,0,0.8465,0
1,1,1,1,1.0014,0,0,0,243,144,1.2289,0,0,1,16474.75,0,0.7501,0
1,1,0,1,0.9724,0,0,0,3243,189,0.9684,0,0,1,8201.32,0,0.7664,0
1,1,1,1,1.0583,0,0,0,1286,65,0.9352,0,0,3,24968.39,0,0.6448,0
1,1,1,1,1.15,0,0,0,3303,137,1.2813,0,0,2,2945.74,0,0.8655,0
1,1,1,1,1.0143,0,0,0,1841,25,0.592,0,0,2,10415.16,0,0.8589,0
0,0,1,1,1.1123,0,0,0,1767,33,2.0601,1,1,3,84256.35,0,0.3796,1
1,1,1,1,1.0415,0,0,0,2090,13,0.9398,0,0,0,19750.1,0,0.9339,0
1,1,1,1,1.0395,0,1,0,3114,41,0.7177,0,0,2,20470.23,0,0.9907,0
1,1,1,1,1.0515,0,0,0,2946,188,0.6803,0,0,0,278.33,0,0.7755,0
1,1,0,1,0.9962,0,1,1,65,3,1.6296,0,0,2,23035.3,0,0.8458,0
1,1,1,1,0.9408,0,0,0,3246,70,1.5794,0,0,1,6263.92,0,0.8267,0
0,0,1,1,0.9909,0,0,0,2016,145,0.8267,0,0,3,8395.41,0,0.8934,0
1,1,0,1,0.9192,0,0,0,2850,119,0.958,0,0,1,4689.25,0,0.9481,0
1,1,1,1,1.0696,0,0,0,1872,175,0.6069,0,0,3,33505.44,0,0.9506,0
1,1,1,1,1.0287,0,0,0,3623,78,0.6664,0,0,1,18778.4,0,0.9133,0
1,0,0,1,0.9318,0,0,1,6,21,1.8593,1,1,3,5625.49,0,0.4591,1
1,1,1,1,1.0447,0,0,0,686,76,1.2138,0,0,2,63728.97,0,0.7764,0
1,1,1,1,1.0764,0,0,0,1893,36,0.4208,0,0,1,28553.14,0,0.9655,0
1,1,1,1,0.9485,0,0,0,1098,154,1.273,0,0,2,35749.21,0,1.0,0
1,0,1,1,1.2168,0,1,1,2,0,5.3395,0,0,6,5561.71,0,0.6694,1
0,0,0,1,1.0275,0,0,0,875,129,0.9648,0,0,0,1162.4,0,0.8112,0
1,1,1,1,0.9947,0,0,0,779,123,1.1542,0,0,1,16997.95,0,0.9099,0
1,1,1,1,1.0352,0,0,0,2716,119,0.9677,0,0,1,12199.96,0,0.7841,0
1,1,1,1,1.0253,0,0,0,2040,197,1.4479,0,0,1,17060.63,0,0.9379,0
1,1,1,1,1.0116,0,0,0,2934,48,1.0637,0,0,0,44744.71,0,1.0,0
1,1,0,1,0.9159,0,0,0,1154,96,0.6887,0,0,0,9333.51,0,0.8236,0
1,1,1,0,0.9415,0,0,0,1111,158,1.1544,0,0,3,4441.38,0,0.8889,0
1,1,1,1,1.0836,0,0,0,2338,121,0.5707,0,0,0,7376.7,0,0.9313,0
1,1,1,1,1.0213,0,0,0,1694,175,1.4004,0,1,2,8566.54,0,0.7836,0
1,1,0,1,1.0615,0,0,0,2707,101,1.2194,0,0,2,4188.36,0,0.7792,0
1,1,1,1,0.8742,0,0,0,811,166,1.0137,0,0,3,13504.7,0,1.0,0
0,0,1,1,0.9079,0,0,1,76,3,1.4587,0,0,0,11413.38,0,0.855,0
1,1,0,1,0.966,0,0,0,3237,139,1.0742,0,0,2,11655.75,0,0.7638,0
1,1,1,1,1.467,0,0,1,57,0,1.2004,0,0,4,44621.0,0,0.4297,1
1,1,1,1,0.9398,0,0,0,951,179,1.2329,0,0,1,4005.96,0,0.6908,0
1,1,1,1,0.9176,0,0,0,2682,152,1.1158,0,0,0,4031.3,0,1.0,0
1,1,1,0,0.955,0,0,0,359,93,1.3355,0,0,3,16677.36,0,0.965,0
1,1,0,1,1.077,0,0,0,2363,128,0.6214,0,0,0,5829.82,1,0.8505,0
1,1,1,1,1.0229,0,0,1,65,0,1.2251,0,0,3,951.65,0,0.7373,0
1,0,1,1,1.0509,0,0,1,171,1,0.9918,0,0,2,6951.51,0,0.7588,0
1,1,0,1,0.9336,0,0,0,2494,155,0.7893,1,0,1,2992.97,0,1.0,0
1,1,1,1,1.0099,0,0,1,65,5,0.6011,0,0,2,8044.33,0,0.9171,0
1,1,1,1,1.0338,0,0,0,2304,73,0.5066,0,0,2,27146.32,0,0.8541,0
1,1,1,1,0.9835,0,0,0,1695,84,0.9996,1,0,1,23696.49,0,0.8219,0
0,0,0,0,0.9888,0,0,1,20,2,0.9311,0,0,7,29674.12,0,0.2338,1
1,1,1,1,1.0641,0,0,0,1428,181,1.0145,0,0,3,4987.7,0,0.9755,0
1,1,1,1,1.0361,0,0,0,2306,29,1.2524,0,0,1,29910.24,0,0.7859,0
1,1,1,1,0.9495,0,0,0,2358,125,0.9218,0,0,1,41274.12,0,0.9516,0
1,1,1,1,1.0157,0,0,0,1597,30,1.0204,0,0,3,912.88,0,0.8004,0
1,1,1,1,0.978,0,0,0,2932,118,1.0204,0,0,0,261.2,0,0.9763,0
1,1,0,1,1.1207,0,0,1,60,3,0.5001,0,0,2,8765.6,0,0.8034,0
1,1,1,1,1.0078,0,0,0,675,45,0.6199,0,0,0,13828.43,0,0.8423,0
1,0,1,1,1.0264,0,0,0,1258,23,0.8038,1,0,3,12996.76,0,0.9643,0
1,1,1,1,1.1032,0,0,0,910,176,1.539,1,0,2,12081.7,0,0.7273,0
1,1,1,1,0.921,0,0,0,2637,152,1.3629,0,0,1,60137.96,0,1.0,0
1,1,1,1,1.0338,0,0,0,186,27,1.1872,0,0,0,10809.97,0,0.6114,0
1,1,1,1,0.9004,0,0,0,1871,38,0.7749,0,0,3,14056.27,0,0.7359,0
1,1,1,1,0.9355,0,0,0,3431,175,0.8686,0,0,3,565.85,0,0.8421,0
1,1,1,1,0.96,0,0,0,690,32,1.0939,0,0,3,11073.94,0,0.8775,0
1,1,1,1,1.0176,0,0,0,3111,175,0.847,0,0,2,17652.17,0,0.8174,0
1,0,0,1,1.254,1,0,0,1568,22,1.2259,0,0,2,16937.9,0,0.7679,1
1,1,1,0,0.9985,0,0,1,156,5,0.945,0,0,0,43758.56,0,0.941,0
1,1,1,1,0.9782,0,0,0,974,183,1.0586,0,0,2,15530.15,0,0.8476,0
1,1,1,1,1.0104,0,0,0,745,188,0.784,0,0,0,7106.88,0,1.0,0
1,1,1,1,0.9164,0,0,0,439,98,1.1727,0,0,0,28103.92,0,0.7002,0
1,1,1,1,1.0137,0,0,0,1322,196,0.5861,0,1,3,6508.17,0,0.7976,0
1,1,1,1,1.0658,0,1,0,2828,31,0.7505,0,0,0,14215.0,0,0.9237,0
1,1,1,1,1.0846,0,0,0,262,45,0.8771,0,0,0,5682.1,0,0.663,0
1,1,1,1,0.9829,0,0,1,69,1,1.3788,0,0,3,4389.07,0,0.8367,0
1,1,1,0,0.9105,0,0,0,1737,11,0.8734,0,1,2,5143.41,0,0.7327,0
1,1,1,1,0.9973,0,0,0,2675,65,1.1076,0,0,0,27441.43,0,0.837,0
1,1,1,1,0.9447,0,0,0,1657,89,0.7034,0,0,1,22972.45,0,0.7638,0
1,1,1,1,1.051,0,0,0,1293,174,1.0832,0,0,3,25633.74,1,0.8219,0
1,1,1,1,1.0201,0,0,0,1189,39,0.9155,0,0,3,4350.76,0,0.7269,0
1,1,1,1,1.0268,0,0,0,933,164,1.18,0,0,2,41219.78,0,0.8051,0
1,1,1,1,1.0084,0,0,0,683,43,0.8816,0,0,3,3555.17,0,0.9812,0
1,1,1,1,0.8881,0,0,0,1059,173,0.4748,0,0,2,27469.93,0,0.7307,0
1,1,1,1,1.0153,0,0,0,3457,63,0.4648,0,0,1,441.53,0,0.8884,0
0,0,0,0,0.9637,1,0,1,38,2,2.5718,0,0,5,5761.91,0,0.4196,1
1,1,1,1,1.0637,0,0,0,2821,196,1.034,0,0,0,2981.12,0,0.7345,0
1,1,1,1,1.0549,0,0,0,3069,102,1.0511,0,0,3,29748.97,0,1.0,0
1,1,1,1,1.0081,0,0,0,292,176,1.1834,0,0,3,33341.34,0,1.0,0
1,1,1,1,1.0801,0,0,0,1691,182,1.1957,0,0,3,29865.0,0,0.9062,0
1,1,1,1,0.9488,0,0,0,3600,28,1.5159,0,0,3,1699.03,0,0.8248,0
1,1,0,1,1.0902,0,0,0,734,55,0.2399,0,0,0,65306.3,0,0.976,0
1,0,1,1,1.1091,0,0,0,2392,195,1.3914,0,0,2,1409.97,0,0.8378,0
1,0,1,0,0.9489,0,0,0,1816,129,0.9355,0,0,2,18851.54,0,0.7654,0
1,1,1,1,0.9932,0,0,0,1449,43,1.1553,0,0,3,7721.31,0,0.8283,0
1,1,1,1,0.9093,0,0,1,167,3,0.8514,0,0,1,36610.44,0,0.969,0
1,1,1,1,1.0449,0,0,1,64,1,1.2581,0,0,3,31981.8,0,0.9996,0
1,1,1,1,0.9794,0,0,0,1712,179,0.8733,0,0,2,9143.82,0,0.9189,0
1,1,1,1,1.0405,0,0,0,842,85,0.8511,0,0,1,3162.09,0,0.9144,0
1,1,1,0,0.9533,0,0,0,563,183,0.9769,0,0,1,11645.66,0,0.8415,0
1,1,1,1,0.9982,0,0,0,2992,150,1.2418,0,0,2,11641.09,0,0.7524,0
1,1,1,1,1.0243,0,0,1,139,0,0.3539,0,0,2,5184.42,0,0.8397,0
1,1,1,1,1.0212,0,0,0,1864,180,1.2735,0,0,0,26156.81,0,0.7327,0
1,1,1,1,0.9282,0,0,1,83,5,0.5581,1,0,1,21377.75,0,0.7471,0
1,1,1,1,1.1207,0,0,1,147,0,0.2,0,0,3,29892.27,0,0.8854,0
1,1,1,1,1.1436,0,0,0,2997,86,0.9324,0,0,1,25794.79,0,0.8906,0
1,1,1,1,0.9712,0,0,0,1227,32,1.103,0,0,0,49334.36,0,0.8302,0
1,1,1,1,1.0455,0,0,0,2905,66,0.8336,0,0,2,4035.73,0,0.6728,0
1,1,1,1,0.9961,0,0,0,2506,188,0.8981,0,0,2,7160.43,0,0.8345,0
1,1,1,1,1.0193,0,0,0,3230,39,1.1104,0,0,3,9889.05,0,1.0,0
1,1,0,1,1.0134,0,0,0,1416,100,1.2013,0,0,1,36518.26,0,0.8672,0
1,1,1,1,0.9345,0,0,0,659,22,1.222,0,0,1,912.18,0,0.9685,0
1,1,0,1,1.0527,0,0,0,478,115,1.2712,0,0,2,21762.72,0,0.7019,0
1,1,1,1,0.9845,0,0,0,3445,141,1.1488,0,0,1,1991.89,0,0.9133,0
1,1,1,1,0.9179,0,0,1,178,0,0.7362,0,0,3,8289.55,0,0.8955,0
1,1,1,1,1.0828,0,0,0,3608,143,1.0139,0,0,0,16365.03,0,0.7574,0
1,1,1,1,0.9687,0,0,0,2345,18,1.4624,1,0,1,10820.74,0,0.8426,0
1,1,0,1,1.0263,0,0,0,986,172,0.5557,0,0,2,13910.25,0,0.8293,0
1,1,1,1,1.0325,0,0,0,2451,162,1.2416,0,0,3,6277.34,0,0.8168,0
0,0,1,1,1.0198,0,0,0,586,86,0.728,0,0,0,4358.35,0,0.873,0
1,1,0,1,0.9956,0,0,0,3021,59,1.6246,0,0,1,9778.5,0,1.0,0
1,1,1,1,0.9563,0,0,0,2828,183,0.738,0,0,3,19719.29,0,0.7524,0
1,1,1,1,0.9907,0,0,0,2574,132,1.2301,0,0,2,7869.22,0,0.8982,0
1,1,1,1,1.0512,0,0,0,906,101,0.789,0,0,1,991.21,0,0.9185,0
1,1,1,1,1.0371,0,0,0,2332,125,1.2728,0,0,3,4520.96,0,0.9623,0
1,1,1,1,1.0479,0,0,0,2720,156,1.0981,0,0,1,14472.15,0,0.8395,0
1,1,1,1,1.0838,0,0,0,349,118,1.2086,0,0,0,18792.02,0,0.978,0
1,1,1,1,1.006,0,0,0,1119,17,0.7573,0,0,2,16263.54,0,0.8234,0
1,1,0,1,0.9977,0,0,0,2691,142,0.8771,0,0,1,4514.91,0,0.7966,0
1,1,1,1,0.9403,0,0,0,2442,93,0.7417,0,0,2,26179.71,0,0.7457,0
1,1,1,1,1.0209,0,0,1,35,5,1.0644,0,0,3,53011.95,0,0.7365,0
1,1,1,1,0.9792,0,1,0,408,11,0.8452,0,0,3,30613.12,0,0.8607,0
1,1,1,1,1.0218,0,0,0,2800,105,0.9498,0,0,3,97.47,0,0.9786,0
1,1,1,1,0.9263,0,0,0,755,171,0.9702,0,0,0,7020.01,0,1.0,0
1,1,1,1,0.97,0,0,0,792,175,0.7942,0,0,1,6263.66,0,0.7143,0
1,1,1,1,0.9295,0,0,0,3497,145,1.4316,0,0,3,5327.83,0,0.9744,0
1,1,1,1,1.0597,0,0,0,1046,46,1.269,0,0,1,849.64,0,0.7149,0
1,1,1,1,0.9665,0,0,0,3421,81,0.706,0,0,3,6082.12,0,0.8571,0
1,1,1,1,1.0242,0,0,0,417,16,0.5289,0,0,1,7473.24,1,0.8041,0
1,1,1,1,0.9356,0,0,1,62,1,1.1962,1,1,5,2824.88,0,0.3671,1
1,1,1,1,1.0121,0,0,0,3349,118,1.0058,0,0,2,73466.05,0,0.7683,0
1,1,1,1,1.0225,0,0,0,1599,74,1.1659,0,0,0,4894.33,0,0.8217,0
1,1,1,1,0.9096,0,0,0,2651,105,0.6667,0,0,3,39973.24,0,0.8245,0
1,1,1,1,0.9667,0,0,0,2542,40,0.9871,0,0,2,12256.44,0,0.8086,0
1,1,1,1,0.9475,0,0,0,2732,25,0.7693,0,0,0,1760.86,0,0.8659,0
1,1,1,1,1.0473,0,0,0,2930,53,1.0985,0,0,3,33193.54,0,0.86,0
1,1,1,1,0.9061,0,0,1,160,3,0.8692,0,0,1,3961.97,0,0.9212,0
1,1,1,1,0.9823,0,0,0,2213,192,0.2499,0,0,1,31872.94,0,0.9456,0
1,0,1,1,1.0364,0,0,0,1005,11,1.7353,1,0,3,16667.94,0,0.6907,1
1,1,1,1,1.0164,0,0,0,1686,104,0.9359,0,0,1,20114.93,0,0.8151,0
1,1,1,1,1.0787,0,0,1,97,1,0.9002,0,0,3,6618.75,0,0.7662,0
1,1,1,1,0.9684,0,0,0,269,132,0.9566,0,0,3,4307.62,0,0.9526,0
0,0,1,1,1.0455,0,0,1,142,4,1.3322,0,0,1,2702.1,0,0.8268,0
1,1,1,1,1.0201,0,0,0,3043,176,0.9607,0,0,1,6178.5,0,0.7247,0
1,1,1,1,1.0699,0,0,0,1548,19,0.6369,0,0,3,25584.72,1,0.8441,0
1,1,0,1,1.4046,0,0,0,1186,20,1.0848,1,0,5,11541.18,0,0.3231,1
1,1,1,1,0.9299,0,0,0,2902,149,0.8892,0,0,1,3143.07,0,0.8614,0
1,1,1,1,0.9902,0,0,0,1695,51,0.7978,0,0,2,53670.08,0,0.9868,0
1,1,1,1,0.9733,0,0,0,1798,131,0.9214,0,0,2,7082.46,0,0.8272,0
1,1,1,1,0.9369,0,0,0,2759,24,1.354,0,0,1,45893.12,0,0.9636,0
1,1,1,1,0.9853,0,0,0,2722,131,1.0191,0,0,3,12127.62,0,0.8609,0
1,1,1,1,1.0586,0,0,0,1894,28,1.4246,0,0,3,34913.11,0,0.9455,0
1,0,1,1,0.967,0,0,0,1621,96,1.4543,0,0,2,27244.61,0,0.712,0
1,1,1,1,0.9479,0,0,0,2719,133,0.7003,0,0,1,266.96,0,0.8163,0
1,1,1,1,0.9154,1,0,0,3240,125,1.4652,0,0,1,24751.54,0,0.7098,0
1,1,1,1,1.0555,0,0,0,1034,193,0.5361,0,0,1,15860.81,0,0.9234,0
1,1,1,1,1.0288,0,0,0,3216,156,1.0911,0,0,3,8178.84,1,0.7063,0
1,1,1,1,1.0147,0,0,0,1972,32,1.0384,0,0,0,47884.74,0,0.9554,0
0,0,1,1,0.9235,0,0,0,2320,168,0.9924,0,0,1,6809.71,0,0.8772,0
1,1,1,1,1.0064,0,0,0,2800,150,1.2864,0,0,2,141841.65,0,0.8729,0
1,1,1,1,1.0238,0,0,0,2530,37,0.6692,0,0,0,15337.0,0,0.8429,0
1,1,1,1,1.018,0,0,0,690,7,1.2588,0,0,0,14846.59,0,0.8848,0
1,1,1,1,0.9503,0,0,0,3094,24,1.1689,0,0,0,10975.4,0,0.9765,0
1,1,1,1,0.9852,0,0,1,155,5,1.123,0,0,3,67015.95,0,0.8527,0
0,0,0,1,1.4198,0,0,0,455,45,0.9259,0,0,6,10890.62,0,0.4275,1
1,1,1,1,0.9665,0,0,0,549,40,1.0777,0,0,0,2067.36,0,0.8111,0
1,1,1,0,0.9646,0,0,0,2103,68,0.9272,0,0,3,2393.03,0,0.7176,0
1,1,1,1,1.0502,0,0,0,2479,31,1.1654,0,0,1,44285.69,0,0.8698,0
1,1,1,1,0.9839,0,0,0,816,10,1.0091,0,0,3,32376.4,0,0.9295,0
1,1,1,1,1.023,0,0,1,86,0,0.6814,0,0,3,51093.89,0,0.9095,0
1,1,1,1,1.0224,0,0,0,1001,10,0.7482,0,0,3,24991.51,0,0.8292,0
1,1,1,1,1.0428,0,0,0,1174,66,0.8648,0,0,2,21704.63,0,0.9394,0
1,1,1,1,0.9292,0,0,0,1775,78,0.8834,0,0,1,4611.87,0,0.7649,0
1,1,1,1,1.0128,0,0,0,2844,181,0.9132,0,0,3,4850.07,0,0.7328,0
1,1,1,1,1.0379,0,0,0,475,198,0.8623,0,0,0,971.36,0,0.7899,0
1,1,1,1,0.9835,0,1,0,2598,193,0.5979,0,0,1,15150.21,0,0.8261,0
1,1,1,0,1.023,0,0,1,87,5,1.0004,0,0,0,4879.48,0,0.7935,0
1,1,1,1,1.073,0,0,0,3453,111,1.0037,0,0,0,14018.5,0,0.6177,0
1,1,1,1,0.9836,0,0,0,2207,85,0.7849,0,0,3,6777.59,0,1.0,0
0,0,0,1,0.9611,0,0,1,43,2,2.2027,1,0,4,16854.4,0,0.0487,1
1,1,1,1,1.0732,0,0,0,252,181,0.7113,0,0,3,15595.7,0,0.9698,0
1,1,1,1,0.919,0,1,0,2596,144,0.6265,0,0,0,12258.19,0,0.721,0
1,1,1,1,0.9901,0,0,0,1982,200,0.9579,0,1,1,9625.08,0,0.82,0
1,1,0,1,0.978,0,0,0,190,63,1.1298,0,0,2,2950.54,0,0.9728,0
1,1,1,1,0.9876,0,0,0,1366,51,1.2244,0,0,2,10175.26,0,0.8108,0
1,0,0,1,1.2224,0,0,1,76,2,1.6631,1,1,6,34263.51,1,0.5202,1
1,1,1,1,0.9394,0,0,0,518,173,1.3693,0,0,3,30217.09,0,0.7312,0
1,1,1,1,1.0205,0,0,0,649,67,0.5423,0,0,1,14378.55,0,0.7904,0
1,1,1,0,1.0574,0,0,0,1830,58,0.6311,0,0,2,15444.85,0,0.9049,0
1,1,0,1,1.3,0,0,0,1731,17,0.6799,1,0,0,23105.48,0,0.5108,1
1,1,1,1,1.0705,0,0,0,3344,149,0.8151,0,0,3,10939.01,0,0.8026,0
1,1,1,1,0.9779,0,0,0,3093,5,1.1567,0,0,3,31081.18,0,0.7112,0
0,0,0,0,1.3404,0,0,1,1,0,2.182,0,1,4,10491.81,0,0.9153,1
1,1,0,1,0.9867,0,0,0,2213,133,1.2596,0,1,3,11322.97,0,1.0,0
0,0,1,1,1.01,0,0,0,723,135,1.0849,0,0,0,22461.0,0,0.8817,0
1,1,1,1,1.0362,0,0,0,1138,121,1.4793,0,0,2,2181.52,1,0.8863,0
1,1,1,1,0.9554,0,1,0,2303,159,1.1112,0,0,2,20358.95,0,0.7459,0
1,1,1,1,1.0404,0,0,0,3109,49,0.4923,0,0,2,7749.15,0,0.809,0
1,1,1,1,1.1066,0,0,0,418,184,0.7777,0,0,3,21235.55,0,0.8771,0
1,1,1,1,0.9888,0,0,0,3071,190,0.5694,0,0,2,17975.92,0,0.9379,0
1,1,1,1,0.996,0,0,0,474,152,0.9236,1,0,1,22648.0,0,0.7666,0
1,1,1,1,0.9862,0,0,0,2566,16,1.1963,0,0,0,516.3,0,0.7127,0
1,1,1,1,1.0525,0,0,0,664,73,0.4625,0,0,0,9619.22,0,0.8457,0
1,1,1,1,1.0119,0,0,0,1789,102,1.3038,0,0,2,29835.95,0,0.9038,0
1,1,1,1,0.9676,0,0,0,1285,63,1.478,0,0,0,96866.54,0,0.7233,0
1,1,1,0,1.0662,0,0,0,1310,104,1.3301,0,0,3,9248.27,0,0.8914,0
1,1,1,1,1.0455,0,0,0,2224,150,1.8297,0,0,3,8757.64,0,0.8888,0
1,1,1,1,1.0711,0,0,0,1151,20,0.7793,0,0,3,14069.05,0,0.7969,0
1,1,1,1,1.1029,0,0,0,2352,175,1.3784,0,0,1,5625.93,0,1.0,0
1,1,1,1,1.0742,0,0,0,3125,59,0.8998,0,0,0,39377.43,0,0.8579,0
1,1,1,1,1.0693,0,0,0,2076,98,1.2503,0,0,0,1383.1,0,0.8316,0
1,1,1,1,0.9771,0,0,0,3054,26,0.8484,0,0,3,1719.32,0,0.9211,0
1,1,1,1,0.9536,0,0,0,2349,196,0.6256,0,0,0,17823.8,0,0.8127,0
1,1,1,1,1.0629,0,0,0,1547,26,1.1502,0,0,1,1161.48,0,0.7515,0
1,1,1,1,0.9818,0,0,0,2369,130,0.6772,0,0,1,4834.2,0,0.9185,0
1,1,1,1,1.032,0,0,0,2712,163,0.7983,0,0,3,7057.47,0,0.7372,0
1,1,1,1,0.9852,0,0,0,2703,116,0.8895,0,0,0,22004.24,0,0.9093,0
1,1,1,1,1.0023,0,0,0,916,24,0.8623,0,0,3,19763.85,0,0.7249,0
1,1,1,1,0.9748,0,0,0,759,35,1.1079,0,0,2,27125.77,0,0.811,0
1,1,1,1,0.9888,0,0,0,1127,75,0.8486,0,0,1,6770.61,0,1.0,0
1,1,0,1,1.0437,0,0,1,6,0,3.7678,0,0,6,1745.56,0,0.6489,1
1,1,1,1,1.0595,0,0,0,1476,8,0.7535,0,0,1,4399.7,0,0.8458,0
1,1,1,1,1.0586,0,0,0,2243,155,0.9132,0,0,1,2459.53,0,0.8436,0
0,0,1,1,0.9567,0,0,0,1373,173,0.9969,0,0,1,4907.2,0,0.9816,0
1,1,1,1,0.9663,0,0,1,64,0,0.6529,0,0,2,34175.61,0,0.834,0
1,1,1,1,0.9829,0,0,0,3531,130,0.505,0,1,2,1569.45,0,0.8387,0
0,0,1,1,0.948,0,0,0,2962,144,0.4873,0,0,2,33032.37,0,0.92,0
1,1,1,1,0.9343,0,0,0,3214,13,1.2289,1,0,3,13519.79,0,0.7708,0
1,1,1,1,0.9171,0,0,0,3190,124,1.0473,0,0,1,38977.53,0,0.8038,0
1,1,1,1,0.9949,0,0,0,2443,191,1.7322,0,0,1,1707.93,0,0.8138,0
1,1,1,1,1.15,0,0,0,1156,43,1.0582,0,0,3,8329.98,0,0.8361,0
1,1,1,1,0.9695,0,0,0,1881,109,1.4549,0,0,3,10767.21,0,0.7927,0
1,1,1,1,0.9212,0,0,0,736,194,1.08,0,0,2,5332.4,0,0.8507,0
1,1,1,1,0.97,0,0,0,1483,142,1.4675,0,0,2,2529.38,0,0.79,0
1,1,0,1,1.008,0,0,0,1653,166,0.9671,0,0,3,567.36,0,0.726,0
1,1,1,1,0.9944,0,0,0,669,87,1.0832,0,0,3,291.55,0,0.7027,0
1,1,1,1,0.9782,0,0,0,3043,14,1.2765,0,0,3,39890.97,0,0.992,0
1,1,1,1,1.0228,0,0,0,1829,180,0.9265,0,1,0,14173.83,0,0.8375,0
1,1,1,1,0.9584,0,0,0,283,159,0.7674,0,0,1,1703.15,0,0.9182,0
1,1,1,1,0.9977,0,0,0,1390,58,1.0296,0,0,0,9792.2,0,0.9181,0
1,1,1,1,1.0437,0,0,0,1225,129,0.7524,0,0,3,37922.2,0,0.7576,0
1,1,1,1,0.9466,0,0,0,3187,183,0.8934,0,0,2,70192.8,0,0.9834,0
1,1,1,1,0.9387,0,1,0,2236,198,1.0922,0,0,0,4486.57,0,0.8005,0
1,1,1,1,1.0495,0,0,0,1428,181,0.9603,0,0,2,965.11,0,0.8733,0
1,1,0,0,0.9741,0,0,0,1847,136,0.5574,0,0,1,553.15,0,1.0,0
1,1,1,1,1.0683,0,0,1,41,4,0.7903,0,0,1,1042.69,0,0.7808,0
1,1,1,1,1.0409,0,0,0,527,66,0.9124,0,0,1,27823.48,0,0.9866,0
1,1,1,1,0.9502,0,0,0,1715,157,0.8647,0,0,0,2642.58,0,0.753,0
1,1,1,1,1.0442,0,0,0,792,100,1.0308,0,0,3,6962.33,0,0.8458,0
1,1,1,1,1.0035,0,0,0,1835,197,1.0245,0,0,1,8657.14,0,0.8955,0
1,1,1,1,1.0402,0,0,0,3005,192,1.3556,0,0,2,11326.06,0,0.8868,0
0,0,1,1,0.9779,0,0,0,2554,142,0.7441,0,0,3,26351.34,0,0.9315,0
1,1,1,1,1.0025,0,0,0,2381,8,0.6311,0,0,1,136.07,0,0.858,0
1,1,1,1,0.9204,0,0,0,1839,174,1.4759,0,0,1,5939.68,0,0.7156,0
1,1,1,1,1.0587,0,0,0,2712,171,1.3553,0,0,3,7078.71,0,0.8655,0
1,1,0,1,0.8861,0,0,0,305,88,1.7372,0,0,0,25775.39,0,1.0,0
1,1,1,1,1.0402,0,0,0,541,118,0.9129,0,0,3,20040.54,0,0.7373,0
1,1,1,1,0.8712,0,0,0,449,194,0.9324,0,0,0,44186.78,0,0.7947,0
1,1,1,1,1.0037,0,0,0,2842,147,0.9845,0,0,0,1187.91,0,0.9045,0
1,1,1,1,1.0116,0,0,0,3073,151,0.8149,0,0,2,30445.7,0,0.8313,0
1,1,1,1,1.0031,0,0,0,3512,101,0.8834,0,0,1,10351.98,0,0.8083,0
1,1,1,1,1.0924,0,0,0,295,87,1.289,0,0,0,3661.74,0,0.8304,0
1,1,1,1,0.9539,0,0,0,1821,100,0.6465,0,0,0,1703.05,0,0.9683,0
1,1,1,1,0.9875,0,0,0,369,93,1.1969,0,0,0,6286.0,0,0.9432,0
1,1,1,1,1.0226,0,0,0,1843,157,0.8362,0,0,2,3415.54,0,0.88,0
1,1,1,1,1.0883,0,0,0,1737,39,1.0705,0,0,0,32795.72,0,1.0,0
1,1,1,1,0.9607,0,0,0,2405,181,1.0636,0,0,2,14644.49,0,0.7964,0
1,1,1,1,0.9424,0,0,0,1905,28,0.6769,0,0,0,11144.78,0,0.6782,0
1,1,1,1,1.0246,0,0,0,2340,113,0.4903,0,0,3,21635.16,0,0.9376,0
1,1,1,1,0.9958,0,0,1,110,4,1.0609,0,1,3,22080.22,0,0.9246,0
1,1,1,1,0.9451,0,0,0,1269,108,0.7668,0,0,2,7852.88,0,0.8881,0
1,1,1,1,1.0484,0,1,0,2506,87,1.339,0,0,1,37502.15,0,0.7355,0
0,0,1,1,1.0789,0,0,0,3376,158,0.3893,0,1,1,22130.29,0,0.7352,0
1,1,1,1,1.0019,0,0,0,1785,121,0.5474,0,0,0,47168.54,0,0.9446,0
1,1,1,1,1.0683,0,0,0,3614,140,0.5426,0,0,2,13354.55,0,0.7375,0
1,1,1,1,0.978,0,0,0,1589,12,1.2365,0,0,2,4327.95,0,0.6921,0
1,1,1,1,1.0365,0,0,0,2420,59,1.1227,0,0,2,35440.38,0,0.8204,0
1,1,1,1,0.9813,0,0,0,184,192,0.926,0,0,0,26461.38,0,0.8584,0
1,1,1,1,1.0608,0,0,1,49,0,0.6949,0,0,3,14975.27,0,0.8252,0
1,1,0,1,0.9772,0,0,0,1326,17,0.3425,0,0,1,11368.31,0,0.8087,0
1,1,1,1,1.0788,0,0,0,2000,108,1.1295,0,0,3,11807.17,0,0.8719,0
1,1,1,1,1.0157,0,0,0,493,101,0.8514,0,0,1,2997.45,0,0.9177,0
1,0,1,0,1.0162,0,0,0,1993,98,0.6536,0,0,3,28977.99,0,0.9728,0
1,1,1,1,0.9681,0,0,0,862,157,0.7744,0,0,3,29936.62,0,0.7618,0
1,1,1,0,1.0432,0,0,0,3251,129,0.3711,0,0,1,51631.05,0,0.6209,0
1,1,1,1,1.0738,0,1,1,53,1,2.274,0,0,2,35875.03,0,0.7241,1
1,1,1,1,1.0225,0,0,0,3618,135,0.5219,0,0,0,2908.92,0,0.726,0
1,1,1,1,1.0164,1,0,0,567,54,1.2052,0,0,3,757.67,0,0.6749,0
1,1,1,1,1.0471,0,0,0,2802,91,0.9294,0,0,1,21780.8,0,0.7882,0
1,1,1,1,0.9819,0,0,0,2957,38,1.202,0,0,3,18640.31,0,0.9172,0
1,1,1,1,1.0077,0,0,0,1027,130,0.8666,0,0,2,18045.25,0,0.7227,0
1,1,1,1,1.098,0,0,0,189,167,0.7119,0,0,1,9819.11,0,0.8958,0
1,1,1,1,0.9622,0,0,0,3337,136,0.9504,0,0,1,14022.11,0,0.9163,0
1,1,1,1,0.8909,0,0,0,1879,146,0.8458,0,0,2,9580.54,0,0.8234,0
1,1,1,1,1.0651,0,0,0,787,47,1.1996,1,0,1,1339.26,0,0.7826,0
1,1,1,1,0.8941,0,0,0,888,96,0.418,0,0,1,9016.02,0,0.8215,0
1,1,1,1,0.9664,0,0,1,71,1,0.6927,1,1,0,1839.64,0,0.8716,0
1,1,1,1,0.9876,0,0,0,2772,19,0.811,0,0,3,27142.85,0,0.8917,0
1,1,1,1,0.9971,0,0,0,1075,118,0.731,0,0,3,7455.61,0,0.8513,0
1,1,1,1,0.9518,0,0,0,932,77,0.8469,0,0,1,8092.25,0,1.0,0
1,1,1,1,1.0805,0,0,1,117,4,1.1479,0,0,2,12668.87,0,0.8184,0
1,1,1,1,0.9286,0,0,0,1107,156,1.5,0,0,0,6351.2,0,0.8397,0
1,1,1,1,0.9756,0,0,0,1516,85,1.0711,0,1,2,3422.69,0,0.937,0
1,1,1,1,1.0069,0,0,0,440,116,0.7977,0,0,3,3798.16,0,0.8369,0
1,1,1,1,1.0228,1,0,0,3059,141,1.2278,0,0,2,12525.0,0,1.0,0
1,1,1,1,1.0058,0,0,0,442,89,0.6551,0,0,3,7112.74,0,0.8145,0
1,1,1,1,0.9281,0,0,0,2969,192,1.3609,0,0,2,16780.42,0,0.7593,0
1,1,1,0,1.0477,0,0,0,577,157,1.1025,1,0,1,1268.86,0,0.7541,0
1,1,1,0,0.9585,0,0,0,663,22,1.3418,0,0,1,1004.41,0,0.8392,0
1,1,0,1,1.0198,0,0,0,2872,192,1.1177,0,0,1,1439.07,0,0.9664,0
1,1,1,1,1.0429,0,0,0,716,185,0.894,0,0,0,7841.13,0,0.7471,0
1,1,1,1,1.0043,0,0,0,971,137,0.8941,0,0,1,9243.53,0,1.0,0
1,1,1,1,1.037,0,0,0,1677,23,1.0072,0,0,2,12472.53,0,0.7351,0
1,1,1,1,0.9765,0,0,0,1931,164,0.7457,0,0,1,1902.38,0,0.9114,0
1,1,0,1,1.0073,0,0,0,1150,146,1.2171,0,0,0,2885.07,0,0.8731,0
1,1,1,1,1.0272,0,0,1,41,4,1.2223,0,0,3,417.47,0,0.7443,0
1,1,1,1,0.9158,0,0,0,1518,141,0.551,0,0,2,1456.12,0,0.9468,0
0,0,1,1,1.0069,0,0,0,847,25,1.1116,0,0,14,100498.83,1,0.8344,1
1,1,1,1,0.9754,0,0,0,3407,78,1.0751,0,0,3,1717.62,0,0.8173,0
1,1,1,1,1.0481,0,0,0,211,187,0.5561,0,1,1,2071.23,0,0.9144,0
0,0,1,1,0.931,0,0,0,3527,138,0.9982,0,0,3,1502.24,0,0.834,0
1,1,1,1,1.0523,0,0,0,1137,17,0.8593,0,0,2,1229.75,0,0.7531,0
1,1,1,1,0.962,0,0,0,2275,53,0.8162,0,0,0,5466.88,0,0.9802,0
1,1,1,1,0.9728,0,0,0,2741,38,1.4807,0,0,1,28404.58,0,0.7644,0
1,1,1,1,1.0273,0,0,0,2763,94,0.6154,0,0,2,14967.25,0,0.9395,0
1,1,0,1,0.9665,0,0,0,2509,11,0.9172,0,0,3,11928.81,0,0.8783,0
1,1,1,1,0.9674,0,0,0,2744,111,1.1955,0,0,2,41089.87,0,0.9155,0
1,1,1,1,0.9395,0,0,0,2219,117,1.1466,0,0,1,17843.61,0,0.9454,0
1,1,1,1,1.0602,0,0,0,216,52,1.3096,0,0,3,18539.28,0,0.819,0
1,1,1,1,1.0426,0,0,0,2688,93,1.6366,0,0,0,13172.42,0,0.9062,0
1,1,1,1,0.9246,0,0,0,3498,109,0.9559,0,0,2,18625.67,0,0.6452,0
1,1,1,1,1.1047,0,0,0,602,146,1.2211,1,0,2,19024.27,0,0.9416,0
1,1,1,1,0.9626,0,0,0,3507,116,1.1789,0,0,2,5366.04,0,0.7777,0
1,1,1,1,1.041,0,0,0,1067,165,1.4362,0,0,1,1762.76,0,0.7064,0
1,1,1,0,0.9857,0,0,0,1112,171,1.2537,0,0,1,4153.12,0,0.91,0
1,1,1,1,1.0704,0,0,1,112,3,0.37,0,0,3,9470.82,0,0.8124,0
1,1,1,1,0.9241,0,0,0,3033,84,0.9159,0,0,3,26175.25,0,0.9332,0
1,1,1,0,1.0715,0,0,0,1886,18,1.5894,0,0,0,29161.06,0,0.7046,0
1,1,1,1,1.0535,0,0,0,2462,132,0.842,1,0,3,3411.8,0,0.8565,0
1,1,1,1,0.9705,0,0,0,3418,32,0.8387,0,0,2,47456.41,0,0.8529,0
1,1,1,0,0.9618,0,0,0,1679,112,1.1923,0,0,3,19876.86,0,0.8268,0
1,1,1,1,0.945,0,0,0,737,97,0.9045,0,0,3,4104.32,0,1.0,0
1,1,1,1,1.017,0,0,0,2673,198,0.8745,0,0,2,10297.58,0,0.7578,0
1,1,1,1,0.9999,0,0,0,3366,83,0.5528,0,0,1,28451.68,0,0.84,0
1,1,1,1,1.018,0,0,0,574,90,0.8452,0,0,2,1071.2,0,0.745,0
1,1,1,1,0.8992,0,0,0,2765,34,0.8539,0,0,3,5698.73,0,0.9314,0
1,1,1,1,0.9923,0,0,0,507,86,1.2605,0,0,1,23811.1,0,0.9996,0
1,1,1,1,0.9866,0,0,0,1709,179,1.2721,0,0,2,1406.33,0,0.8705,0
1,1,1,1,0.9785,0,0,0,3209,65,1.2216,0,0,2,98671.23,0,0.8808,0
1,1,1,1,1.1236,0,0,0,1287,133,0.6911,0,0,1,3853.21,0,0.8973,0
1,1,0,1,1.0454,0,0,0,2384,173,1.5263,0,0,2,12508.01,0,0.9343,0
1,1,1,1,0.9386,0,0,0,3558,72,0.7779,0,0,3,31473.78,0,0.846,0
1,0,1,1,1.0085,0,0,0,2955,11,0.4439,0,0,1,29708.15,1,0.7955,0
1,1,1,1,0.9683,0,0,0,2454,17,1.0984,0,0,1,12777.62,0,0.8342,0
1,1,1,1,0.9365,0,0,0,1487,88,1.2761,0,0,3,1085.36,0,0.901,0
1,1,1,1,1.016,0,0,0,3472,27,0.928,0,0,0,3209.04,0,0.8974,0
1,1,1,1,0.9684,0,0,0,2837,199,1.4494,0,0,0,5497.58,0,0.857,0
1,1,1,1,1.5347,0,0,0,457,18,2.2882,1,1,2,57852.48,0,0.536,1
1,1,1,1,0.9519,0,0,0,2227,23,0.5312,0,1,2,7516.17,0,0.8996,0
1,1,1,1,0.9322,0,0,0,2088,183,0.9542,0,0,2,14023.29,0,0.6113,0
1,1,1,1,1.0222,0,0,0,1758,78,0.6295,0,0,1,90045.12,0,1.0,0
1,1,1,1,0.9389,0,0,0,2937,200,0.4463,0,0,1,11739.46,0,0.7613,0
1,1,1,1,0.9256,0,0,1,71,3,0.8867,0,0,0,10877.94,0,0.8053,0
1,1,1,1,1.0553,0,0,1,123,2,1.1584,0,0,1,25575.31,0,0.7613,0
1,1,1,1,0.9873,0,0,0,2941,98,0.9959,0,0,1,8907.08,0,0.8061,0
1,1,1,1,0.9286,0,0,0,2690,184,1.0051,0,0,2,20426.86,0,0.9692,0
1,1,1,1,1.0658,0,0,1,162,1,0.9122,0,0,3,422.22,0,0.9901,0
1,1,1,1,0.9558,0,0,0,2014,122,0.9355,0,0,2,6996.94,0,0.9709,0
1,1,1,1,1.0563,0,0,0,1717,101,0.6202,0,0,1,3488.18,0,0.9544,0
1,1,1,1,0.981,0,0,0,676,158,1.2392,0,0,0,1632.83,0,0.7461,0
1,1,1,1,1.0267,0,0,0,1400,192,1.1001,0,0,0,41772.74,0,0.8111,0
1,1,1,1,1.011,0,0,0,1719,150,1.3444,0,0,3,30472.75,0,0.8858,0
1,1,1,1,0.9854,0,0,0,3045,69,0.8589,0,0,2,5287.78,0,0.9871,0
1,1,1,1,1.0127,1,0,0,610,31,1.2669,0,0,3,15243.91,0,0.7921,0
1,1,1,1,1.0918,0,0,0,572,19,0.7666,0,0,1,20964.82,0,0.9491,0
1,1,1,1,0.9715,0,0,0,2863,200,1.4108,0,0,2,8893.94,0,0.8146,0
1,1,0,1,1.0572,0,0,0,245,118,0.7853,0,0,3,1447.3,0,0.7215,0
1,1,1,1,1.0386,0,0,1,59,1,0.8135,0,0,2,7820.76,0,0.7217,0
1,1,1,1,1.0839,0,0,0,3387,130,1.4876,0,0,1,1692.45,0,0.8051,0
1,1,1,1,0.9959,0,0,0,421,8,0.787,0,0,1,17766.95,0,0.8527,0
1,1,1,1,0.9843,0,0,0,3193,173,0.6741,0,0,3,7786.33,0,0.8143,0
1,1,1,1,0.9852,0,1,0,3051,194,1.4783,0,0,3,1864.49,0,0.8482,0
1,1,1,1,0.9731,0,0,0,2369,183,0.6022,0,0,1,8702.7,0,0.807,0
1,1,1,1,1.051,0,0,0,2739,64,1.255,0,0,0,339.45,0,0.7912,0
1,1,1,1,1.0126,0,0,0,782,53,0.7145,0,0,3,10337.17,0,1.0,0
1,1,1,1,1.0118,0,0,0,2620,130,1.924,0,1,2,4894.04,0,0.8717,0
1,1,1,0,0.916,0,0,0,3369,146,0.7805,0,0,3,14624.7,0,1.0,0
1,1,1,1,1.0479,0,1,1,54,5,0.9978,0,0,1,1201.63,0,0.6191,0
1,1,1,1,1.0276,0,1,0,1443,93,0.7438,0,0,1,32757.36,0,0.6955,0
0,0,1,1,0.9025,0,0,0,3203,194,1.3532,0,0,2,14016.54,0,0.7767,0
1,1,1,1,1.0442,0,0,0,2998,57,1.1131,0,0,0,4471.54,0,0.857,0
1,1,1,1,0.9103,0,0,0,3626,19,1.4848,0,0,3,7082.82,0,0.8228,0
1,1,1,1,1.0188,0,0,0,3378,102,1.1422,0,0,2,48962.56,0,0.6937,0
1,1,1,1,0.9785,0,0,1,90,0,0.6574,1,0,3,1329.18,0,0.9197,0
1,1,1,1,0.9777,0,0,0,1609,102,1.5661,0,0,0,1377.99,0,0.9223,0
1,1,1,1,1.0964,1,0,0,142,40,2.0643,0,0,4,33326.55,0,0.8,1
1,1,1,1,1.0535,0,0,0,1922,104,0.7111,1,0,2,2138.68,0,0.8583,0
1,1,1,1,1.0271,0,1,0,2006,137,0.7666,0,0,0,21005.68,0,0.8376,0
1,1,1,1,0.9735,0,0,0,2068,64,0.9884,0,0,1,43197.06,0,0.8449,0
1,1,1,1,1.0852,0,0,0,1539,135,1.0491,0,0,2,26457.17,0,1.0,0
1,1,1,1,1.0377,0,0,0,3108,133,1.0298,0,0,1,27687.33,0,0.6108,0
1,1,1,1,0.9844,0,0,0,3040,138,1.0748,1,0,2,1693.52,0,0.8667,0
1,1,1,1,1.0989,0,0,0,722,189,0.6228,0,0,0,25869.35,0,0.9528,0
1,1,1,1,0.9414,0,1,1,150,3,0.9255,0,0,1,31810.1,0,0.8918,0
1,1,1,1,0.9783,0,0,0,1556,172,0.5274,0,0,0,1388.86,0,0.7991,0
1,1,1,1,0.9512,0,0,0,3162,77,0.5074,1,0,3,7166.53,0,1.0,0
1,1,1,1,0.85,0,0,0,683,143,0.655,0,0,2,17495.71,0,0.9801,0
1,1,1,1,0.9867,0,0,0,1806,39,1.1253,0,0,2,28368.48,0,0.6993,0
1,1,1,0,1.0039,0,0,0,1581,24,1.1832,0,0,0,2491.57,0,0.8095,0
1,1,1,1,0.9819,0,0,0,1237,43,0.6806,0,0,1,47556.47,1,0.7918,0
1,1,1,1,0.9322,0,0,0,2508,8,1.0385,0,0,0,11634.82,0,0.6202,0
1,1,1,1,0.9295,0,0,0,2703,107,1.2073,0,0,2,7370.91,0,0.8312,0
1,1,1,1,0.9249,0,0,1,102,3,1.417,0,0,2,16781.78,0,0.8469,0
1,1,1,1,1.0034,0,0,0,3336,105,1.2872,0,0,1,4878.65,0,0.838,0
1,1,1,1,0.9329,0,0,0,2948,170,1.0012,0,0,3,5429.43,0,0.9998,0
1,1,1,1,0.9787,0,0,0,204,195,0.8847,0,0,0,2522.02,0,0.9436,0
1,1,1,1,0.9753,0,0,1,132,5,1.3796,0,0,3,2661.62,0,0.8675,0
1,1,1,1,0.9567,0,0,0,591,87,1.397,0,0,0,22713.24,0,0.9803,0
1,1,1,1,1.0513,0,0,0,214,90,0.5979,0,0,2,34631.41,0,0.799,0
1,1,0,1,0.8903,0,0,0,3530,121,1.5799,0,0,0,7408.36,0,0.8923,0
1,1,1,1,0.9851,0,0,0,1430,153,0.7902,0,0,2,32566.82,0,0.925,0
1,1,1,1,1.0499,0,0,0,1403,141,0.8663,0,0,0,6613.09,0,1.0,0
1,1,1,1,0.9224,0,0,0,1707,103,0.8722,0,0,3,11575.54,0,0.9082,0
1,1,1,1,1.0063,0,0,0,1725,53,1.5405,0,0,1,9565.23,0,0.7862,0
1,1,1,1,0.9551,0,0,1,155,3,1.5257,0,0,2,21303.81,0,0.998,0
1,1,1,1,0.9611,0,0,0,3429,183,0.8809,0,0,1,11913.36,0,0.8511,0
1,1,1,1,0.9558,0,0,0,1264,88,1.3313,0,0,2,6154.55,0,0.6009,0
1,1,1,1,1.0176,0,0,0,3403,9,1.5817,0,0,1,13936.59,0,1.0,0
1,1,1,1,0.9546,0,0,0,2972,103,1.305,0,0,1,5026.79,0,0.7635,0
1,1,1,1,1.0484,0,0,0,1137,154,0.653,0,0,1,11643.19,0,0.8745,0
1,1,1,1,1.046,0,0,0,2745,142,0.7314,0,0,0,26649.5,0,0.9506,0
1,1,1,1,1.0275,0,0,0,2204,22,0.8737,0,0,3,14120.34,0,0.9101,0
1,1,1,1,1.0547,0,0,0,583,200,1.2321,0,0,2,1226.33,0,0.7986,0
1,0,1,1,0.9955,0,0,0,2530,128,1.1529,0,0,0,27271.41,0,0.8867,0
1,1,1,1,1.0267,0,0,0,2344,182,0.615,0,0,0,4321.31,0,0.9961,0
1,1,1,1,1.0186,0,0,0,1149,126,0.523,0,0,1,9522.77,0,0.5849,0
1,1,1,1,1.025,0,0,0,1363,45,1.2546,0,0,3,4572.85,0,0.6902,0
1,1,1,1,0.9564,0,0,0,3320,43,0.9948,0,0,3,11868.82,0,0.9195,0
1,1,1,1,1.0811,0,0,1,141,3,1.0937,0,0,0,1694.64,0,0.7824,0
1,0,1,1,0.9686,0,0,0,193,186,0.9372,0,0,1,5214.46,0,0.8136,0
1,1,1,1,0.908,0,0,0,593,69,0.9304,0,0,0,6240.1,0,0.7016,0
1,1,1,1,0.9929,0,0,0,3397,122,0.3127,0,0,1,31366.94,0,1.0,0
1,1,1,1,1.0047,0,0,0,3497,44,1.0032,0,0,2,3185.93,0,0.7657,0
1,1,1,1,0.9998,0,0,0,3033,103,0.951,0,0,1,31848.96,0,1.0,0
1,1,1,1,1.0535,0,0,0,1657,118,1.1385,0,0,0,29385.18,0,0.8109,0
1,1,1,1,1.0322,0,0,0,3092,156,1.3553,0,0,3,102750.84,0,0.8176,0
1,1,1,1,0.9952,0,0,0,2043,195,1.2001,0,0,1,1586.8,0,0.909,0
1,1,1,1,1.0149,0,1,0,3128,150,1.2959,0,1,1,35924.76,0,1.0,0
1,1,1,1,1.0486,0,0,0,1107,107,1.0153,0,0,0,47703.37,0,0.7892,0
0,0,0,1,0.9537,0,0,0,2065,180,0.9719,0,0,0,32170.9,0,0.7313,0
1,1,1,1,1.0526,0,0,0,1711,135,0.8859,0,0,3,15702.21,0,0.8892,0
1,1,1,1,0.9442,0,0,0,2350,184,0.9731,0,0,3,707.1,0,0.7587,0
0,0,1,1,1.0341,0,0,0,2117,177,0.754,0,0,2,66.75,0,0.7764,0
1,1,1,1,1.0059,0,0,0,2988,114,0.8747,0,0,1,33857.83,0,0.9662,0
0,0,1,1,0.9473,0,0,0,384,44,1.2147,0,0,3,12.4,0,0.7016,0
1,1,1,1,0.9009,0,0,0,392,154,0.6498,0,0,3,15418.39,0,0.9001,0
1,1,1,1,0.9988,0,0,0,1301,160,1.2173,0,0,2,351.72,0,0.9175,0
1,1,1,1,1.0105,0,0,0,3422,8,1.416,0,0,1,9072.84,0,0.9274,0
1,1,0,1,1.0676,0,0,0,3382,96,0.8541,0,0,3,6532.28,0,0.639,0
1,1,1,1,1.0032,0,0,0,3108,159,1.1,0,0,3,665.26,0,0.9826,0
1,1,1,1,1.1136,0,0,0,3648,107,1.3244,0,0,3,96599.66,0,1.0,0
1,0,1,1,1.0001,0,0,0,463,148,1.0221,0,0,1,22911.47,0,0.9067,0
1,1,1,1,1.1998,1,0,0,81,1,1.1566,1,1,0,3219.57,0,0.7471,1
0,0,1,1,1.0013,0,0,0,3054,74,1.4852,0,0,1,1550.55,0,0.8169,0
1,1,1,1,0.9429,0,0,0,2864,40,1.1464,0,0,3,8629.39,0,0.9651,0
1,1,1,1,0.9719,0,0,0,1844,175,1.4463,0,0,1,16125.72,0,0.9625,0
1,1,0,1,1.019,0,0,0,2347,100,0.4291,0,0,0,2317.24,0,0.8129,0
1,0,1,1,0.9338,0,0,0,2445,102,0.9369,0,0,0,2729.78,0,0.8847,0
1,1,1,1,1.031,0,1,0,536,190,1.2884,0,0,2,4089.39,0,0.8473,0
1,1,1,1,0.9683,0,0,0,2364,32,0.8698,1,0,1,309.53,0,0.7003,0
1,1,1,1,0.9149,0,0,0,647,143,1.0049,0,0,2,22766.26,0,0.7226,0
0,0,0,1,0.9517,0,0,0,1264,130,0.7563,0,0,2,6220.02,0,0.7424,0
1,1,1,1,1.0306,0,0,0,552,40,1.0714,0,0,2,2916.23,0,0.694,0
1,1,1,1,1.0507,0,0,0,850,127,0.6705,0,0,2,7041.38,0,0.9026,0
0,0,1,1,1.0598,0,0,0,1258,93,0.7351,0,0,0,9063.37,0,0.7171,0
1,1,1,1,1.0093,0,0,0,2233,148,1.1043,0,0,0,11801.09,0,0.8449,0
1,0,1,1,0.9597,1,0,0,2987,122,1.2788,0,0,0,73817.95,0,1.0,0
1,1,1,1,0.9611,0,0,0,2862,127,0.4239,0,0,2,15072.61,0,0.7737,0
1,1,1,1,0.967,0,0,0,2198,82,0.3106,0,0,3,16633.64,0,0.8925,0
1,1,1,1,1.0362,0,0,0,1971,162,1.0681,0,0,1,198.39,0,0.8667,0
1,1,1,1,0.9944,0,0,0,2120,48,1.2956,0,0,3,7696.42,0,0.7709,0
1,1,1,1,1.069,0,0,0,2653,190,0.9181,0,0,2,32075.97,0,0.9303,0
0,0,1,1,0.9801,0,0,0,2188,78,1.085,0,0,0,6457.82,0,0.8305,0
1,1,1,1,1.0773,0,0,0,711,109,1.3342,0,0,3,9819.45,0,0.9614,0
1,1,1,1,1.0033,0,0,0,190,63,0.6348,0,0,3,3643.37,0,0.9169,0
1,1,1,1,1.0346,0,0,0,2431,70,0.7399,0,0,0,8192.3,0,0.7933,0
1,1,1,1,0.9407,0,0,0,2502,5,1.0968,1,0,0,27020.07,0,0.9964,0
1,1,0,1,1.0888,0,0,0,486,92,1.1246,0,0,3,10788.93,0,0.9491,0
1,1,1,1,1.0045,0,0,0,1921,196,1.1252,0,0,1,6487.51,0,0.9645,0
0,0,1,1,1.0299,0,0,0,1603,193,0.6144,0,0,0,1458.71,0,0.7037,0
1,1,1,1,1.0216,0,0,1,118,0,0.5808,0,0,2,4572.28,0,0.8162,0
1,1,1,0,1.0198,0,0,0,612,107,0.9107,1,0,3,4607.41,0,0.8701,0
1,1,1,1,0.9913,0,1,0,1265,102,0.896,0,0,2,18881.87,0,0.8692,0
1,1,1,1,1.0311,0,0,0,1005,164,1.0314,0,0,3,27842.1,0,0.8909,0
1,1,1,1,1.037,0,1,0,2284,174,0.8158,0,0,1,4934.37,0,0.9536,0
1,1,1,1,0.9879,0,0,0,1057,78,0.8764,0,0,1,6729.59,0,1.0,0
1,1,1,1,0.9641,0,0,0,3259,46,1.0331,0,0,0,1293.1,0,1.0,0
1,1,1,1,1.0029,0,0,0,3543,94,1.0358,0,0,0,173.5,0,0.8328,0
1,1,0,1,1.384,0,0,0,1870,25,1.394,1,1,6,42347.96,0,0.6065,1
1,1,1,1,0.9647,0,0,0,3285,8,1.2385,0,0,3,8905.34,1,0.7465,0
1,1,1,1,0.9761,0,0,0,1582,55,1.0147,0,0,0,38207.48,0,0.6805,0
1,0,1,1,1.0032,0,0,0,2454,20,0.5925,0,0,1,27796.79,0,0.7486,0
1,1,1,1,1.0566,0,0,0,1063,71,0.5673,0,0,1,792.95,0,0.7932,0
1,1,1,1,0.9923,0,0,0,2228,91,1.1481,1,0,0,12241.8,0,0.722,0
1,1,1,1,0.9144,0,0,0,1027,19,0.6031,0,0,2,6063.11,0,0.7558,0
1,1,1,1,1.0192,0,0,0,1638,200,1.0126,0,0,3,14236.33,0,0.8129,0
1,1,1,1,1.0351,0,0,1,150,1,0.6442,0,0,2,41341.73,0,0.8276,0
1,1,1,1,1.0039,0,0,0,1002,71,0.9935,0,0,2,9710.44,0,0.8987,0
1,1,1,1,1.0586,0,0,0,507,74,1.3536,0,0,1,2931.16,0,0.8089,0
1,1,1,1,0.9913,0,0,0,417,91,0.6787,0,0,3,94849.87,0,0.9085,0
1,1,0,1,0.9522,0,0,0,459,122,1.0618,0,0,2,4569.21,0,0.8439,0
1,1,1,1,0.9707,0,0,0,2355,91,1.2946,0,0,2,9484.29,0,1.0,0
1,1,1,1,1.0132,0,0,0,1076,42,0.6012,0,0,3,36156.21,0,0.8266,0
0,0,1,1,1.0581,0,0,0,1612,47,1.1483,0,0,2,29588.7,0,0.9237,0
1,1,1,1,0.9635,0,0,0,1795,98,1.3745,0,0,1,5388.75,0,0.7743,0
1,0,1,1,0.9613,0,0,0,901,19,0.9744,0,0,3,17958.03,0,0.8733,0
1,1,1,1,1.1368,0,0,0,3106,90,1.5502,0,0,0,1125.83,0,0.6915,0
1,1,1,1,0.9706,0,0,0,683,77,0.4913,1,0,0,39303.31,0,0.748,0
1,1,1,1,0.9062,0,0,0,2908,27,1.0037,0,0,2,12403.64,0,1.0,0
1,0,1,1,0.9945,0,0,0,1502,118,0.9673,0,0,1,6919.27,0,0.8624,0
1,1,1,1,1.0208,0,0,0,1080,24,1.3241,0,0,2,13803.25,0,0.772,0
1,1,0,1,1.0577,0,0,0,2280,165,0.9503,0,0,1,2248.6,0,0.6718,0
1,1,1,1,0.8776,0,0,0,2362,177,0.856,0,0,1,7054.73,0,0.9225,0
1,1,1,1,0.9099,0,1,0,1297,187,1.4928,0,0,3,15763.57,0,1.0,0
1,1,1,1,0.9592,0,0,0,329,78,1.1879,0,0,0,782.8,0,0.8338,0
1,1,1,1,0.8789,0,0,0,2945,124,0.8388,0,0,1,26269.38,0,1.0,0
1,1,0,1,0.9667,0,0,0,2555,127,0.7678,0,0,1,32825.24,0,0.9366,0
1,1,1,1,1.103,0,0,0,2561,61,0.9392,0,0,3,3914.82,0,0.9142,0
1,1,1,1,1.0513,0,0,0,2117,68,0.9152,0,0,0,6286.44,0,0.753,0
1,1,1,1,1.0675,0,0,0,3095,54,1.5076,0,0,2,46421.14,0,0.8223,0
1,1,1,1,1.0116,0,0,0,2821,22,0.6643,1,0,2,40477.18,0,0.7903,0
1,1,0,1,1.0675,0,0,0,211,147,1.04,0,0,0,12888.26,0,0.7862,0
1,1,1,1,0.9703,0,0,0,511,37,0.4359,0,0,3,19787.64,0,0.8213,0
1,1,1,1,0.8832,0,0,0,1930,130,0.9581,1,0,3,18099.99,0,0.8535,0
0,0,1,1,1.1133,0,0,0,201,131,0.7972,0,0,0,12580.15,0,0.828,0
1,1,0,1,0.9788,0,0,0,3046,182,0.8116,0,0,0,34864.49,0,0.9797,0
1,1,0,1,1.5789,0,0,1,27,1,1.0028,1,1,4,1500.64,0,0.5999,1
1,0,1,1,1.0286,0,0,0,1043,145,1.0925,0,0,0,30708.35,0,0.6404,0
1,1,1,1,0.997,0,0,0,1483,134,0.4482,0,1,2,1134.25,0,0.8499,0
1,1,1,1,0.9889,0,0,0,812,78,1.4958,0,0,0,196.14,0,0.7915,0
1,1,0,1,0.9451,0,0,0,1461,194,1.1963,0,0,3,32334.05,0,0.841,0
1,1,0,1,0.9136,0,0,0,1745,54,0.7043,0,0,1,4887.82,0,0.8261,0
1,1,1,1,1.0227,0,0,0,1347,52,1.4701,0,0,3,18616.12,0,0.9793,0
1,1,1,1,1.106,0,0,0,1453,102,0.8745,0,0,2,30749.67,0,0.7723,0
1,1,1,1,1.0053,1,0,1,14,0,3.948,0,0,5,86016.96,0,0.0992,1
1,1,1,1,1.1013,0,0,0,3168,59,1.26,0,0,1,777.35,0,0.7307,0
1,1,1,1,0.9876,0,0,0,2459,76,0.5664,0,0,3,16307.2,0,0.8757,0
1,1,1,1,0.9122,0,0,1,126,4,0.9714,0,0,0,43785.97,0,0.7542,0
1,1,1,1,0.9693,1,0,0,1978,145,0.7755,0,0,1,60075.14,0,0.6696,0
1,1,1,0,1.0186,0,0,0,3412,24,1.0444,0,0,2,7074.1,0,1.0,0
1,1,1,1,1.0389,0,0,0,2830,44,1.4879,0,0,3,1897.76,0,0.9459,0
1,1,1,1,0.9335,0,0,0,3230,197,1.1874,1,0,0,1870.15,0,0.6265,0
1,1,1,1,0.9342,0,0,0,1437,112,0.5203,0,0,1,13687.24,0,0.7974,0
1,1,1,1,1.0147,0,0,0,2105,99,0.5853,0,0,3,8864.93,0,0.914,0
0,0,1,0,0.9957,0,0,0,3212,126,0.9186,0,0,0,18537.96,0,0.8413,0
1,1,1,1,1.0483,0,0,0,2883,21,0.2637,0,0,1,24.74,0,0.8436,0
1,1,1,1,1.0351,0,0,0,657,16,1.4531,0,0,0,9954.98,0,1.0,0
0,0,1,1,1.0317,0,0,0,1350,50,0.795,0,0,1,16816.35,0,0.8738,0
1,1,1,1,1.0365,0,0,0,1274,40,1.0847,0,0,3,7947.25,0,0.8897,0
1,1,0,1,0.9819,0,0,0,2566,91,0.4221,0,0,1,1231.55,0,0.7634,0
1,1,1,1,1.0326,0,0,0,2968,136,1.2861,0,0,1,38796.23,0,0.7531,0
1,1,1,1,1.3119,0,0,0,1487,37,0.8328,0,1,5,9340.76,0,0.5679,1
1,1,1,1,0.9157,0,0,0,925,176,1.0986,0,0,1,10306.54,0,0.8111,0
1,1,0,1,0.9758,0,0,0,2234,34,0.6116,0,0,0,11234.93,0,0.6363,0
1,1,1,1,1.0313,0,0,0,1518,86,1.0265,0,0,0,44.99,0,0.8482,0
1,1,1,1,1.022,0,0,0,1970,142,0.9642,0,0,0,2916.44,0,0.6912,0
1,1,0,1,0.9015,0,0,0,627,73,0.783,0,0,1,10401.12,0,0.9215,0
1,1,1,1,0.9847,0,0,0,1096,72,1.0682,0,0,0,1206.73,0,0.952,0
1,1,1,1,1.0735,0,0,0,211,58,0.9137,0,0,1,2933.46,0,0.7618,0
1,1,1,1,0.9624,0,0,0,1941,121,0.8328,0,0,3,20277.65,0,0.7088,0
1,1,1,1,1.0423,0,0,0,2986,9,1.1885,0,0,0,14704.07,0,0.909,0
1,1,1,1,1.0027,0,0,0,1065,139,1.1222,0,0,2,896.19,0,0.8779,0
1,1,1,0,0.9891,0,0,1,168,3,0.8325,0,0,3,11339.74,0,0.5816,0
0,0,1,1,0.9168,0,0,0,3083,89,0.6164,0,0,1,34530.43,0,0.7398,0
1,1,1,1,0.9864,0,0,0,2397,78,1.4758,0,0,3,5971.59,0,1.0,0
1,1,1,1,1.002,0,0,0,3475,48,0.7517,1,0,3,48023.13,0,0.7438,0
1,1,0,1,1.0221,0,0,1,118,1,1.0944,0,1,0,20525.8,0,0.9725,0
1,1,1,1,0.98,0,0,0,1647,115,0.9513,0,0,0,20688.19,0,1.0,0
1,1,1,1,1.0214,0,0,0,857,157,1.1943,0,0,2,406.51,0,1.0,0
1,1,1,1,1.0153,0,0,0,1574,161,1.0077,0,0,3,20358.36,0,0.8599,0
1,1,1,1,0.9992,0,0,0,1271,34,1.355,0,0,3,18918.33,0,0.8212,0
1,1,1,1,1.0295,0,0,0,2565,80,0.5759,0,0,0,3065.04,0,0.7565,0
1,1,1,1,1.0026,0,0,1,144,5,0.3041,0,0,0,19319.96,0,0.7008,0
1,1,0,1,0.9005,0,0,0,2234,104,1.1733,0,0,2,27658.71,0,0.7938,0
1,1,1,1,1.0347,0,0,0,2354,19,1.2555,0,0,1,4048.08,0,0.664,0
1,1,1,0,0.9131,0,0,0,3494,109,1.2419,0,0,1,4474.32,0,0.9289,0
1,1,1,1,1.026,0,0,0,260,131,0.7021,0,0,1,2151.19,0,0.7962,0
1,1,1,1,0.9042,0,0,0,3587,61,0.5948,0,0,3,13790.52,0,0.8407,0
1,1,1,1,1.1038,0,0,0,781,83,1.0495,0,0,3,13324.02,0,0.7627,0
1,1,1,0,0.9816,0,0,0,1771,48,0.8253,0,0,3,73061.76,0,0.9505,0
1,1,1,1,0.9368,0,0,0,1921,55,0.4778,0,0,3,33507.49,0,0.9285,0
1,1,1,1,0.968,0,0,0,1691,154,1.5449,0,0,2,26853.36,0,0.7293,0
1,1,1,1,1.0231,0,0,0,2097,175,1.2141,0,0,0,8539.41,0,0.8271,0
1,1,1,1,1.0806,0,0,0,1668,125,0.991,0,0,2,448.41,0,0.8838,0
0,0,1,0,1.0799,0,0,1,15,0,3.8232,1,0,3,80573.96,0,0.6703,1
1,1,1,1,0.9999,0,0,0,720,44,0.9248,1,1,0,23517.62,0,0.4392,1
1,1,1,1,0.9914,0,0,0,2149,94,0.878,0,0,3,3796.84,0,0.7386,0
1,1,1,1,1.0366,0,0,0,1761,150,1.1201,0,1,2,4911.47,0,0.6873,0
1,1,1,1,1.0865,0,0,0,228,160,1.2553,0,0,2,32383.11,0,0.9525,0
1,1,0,1,0.967,0,0,0,3541,190,0.9219,0,0,0,4349.33,0,0.7508,0
1,1,1,1,0.9746,0,0,0,1009,69,0.8499,0,0,2,25245.98,0,0.783,0
1,1,1,1,1.0125,0,0,0,2663,116,1.026,0,0,1,5500.33,0,0.8793,0
1,1,1,1,1.0017,0,0,0,1049,40,0.5003,0,0,3,46592.19,0,0.9506,0
1,1,1,1,0.85,0,0,0,2792,195,0.9894,0,0,2,8518.47,0,0.9586,0
1,1,1,1,0.9188,0,0,0,2472,67,1.1547,0,1,3,24702.3,0,0.7728,0
1,1,1,1,0.9829,0,0,1,131,5,0.6524,1,0,3,50932.92,0,0.9993,0
0,0,1,1,1.0118,0,0,0,2319,112,0.4562,0,0,2,8332.91,0,0.88,0
1,1,1,1,1.0037,0,0,0,1749,34,0.8542,0,0,2,2751.43,0,0.6531,0
1,1,0,1,0.999,0,0,0,3027,67,0.9346,0,0,2,22014.18,0,0.9472,0
1,1,1,1,0.9354,0,0,0,828,173,0.6915,0,0,3,7700.79,0,0.774,0
1,1,1,1,0.995,0,0,0,2978,57,0.921,0,0,2,4564.07,0,0.7152,0
1,1,1,0,1.057,0,0,0,2239,106,0.5744,0,0,3,11110.8,0,0.8406,0
1,1,1,1,0.9871,0,0,0,1371,61,1.5716,0,0,1,6241.29,0,0.672,0
1,0,1,1,1.0777,0,0,0,255,133,0.8623,0,0,2,56720.07,0,0.8764,0
1,1,1,1,0.9945,0,0,0,685,83,0.877,0,0,2,351.28,0,0.7796,0
1,1,0,0,1.0067,0,0,1,131,2,1.3056,0,0,3,10731.04,0,0.9343,0
0,0,1,1,0.986,0,0,0,1541,25,0.7311,0,0,1,14571.69,0,0.7649,0
0,0,1,1,1.0397,0,0,0,1079,99,1.1923,1,0,2,34543.42,0,0.892,0
1,1,1,1,0.985,0,0,0,2320,164,0.8202,0,0,3,33516.17,0,1.0,0
0,0,1,1,1.224,0,0,0,1251,13,2.5615,0,1,0,33674.28,0,0.522,1
1,1,1,1,1.0012,0,0,0,2589,167,0.6131,0,0,1,18317.74,0,0.8403,0
1,1,1,1,0.9507,0,0,0,3606,70,1.3,0,0,0,10677.04,0,0.7328,0
1,1,1,1,1.0304,0,0,0,3196,70,1.0265,0,0,2,37689.16,0,0.894,0
1,1,0,1,0.9398,0,0,0,3035,171,0.742,0,0,2,9528.93,0,0.7644,0
1,1,1,1,1.0455,0,0,0,1272,33,0.7006,0,0,0,2596.69,0,0.9192,0
1,1,1,1,1.0512,0,0,0,1728,32,0.9779,0,0,3,15951.94,0,0.717,0
1,1,1,1,1.0585,0,0,0,3130,187,1.5231,0,0,1,7485.42,0,0.6536,0
1,0,1,0,0.9033,0,0,0,2999,84,1.4342,0,0,2,3847.54,0,0.8008,0
1,1,1,1,0.9697,0,0,0,958,127,1.1093,0,0,0,17958.5,0,0.9749,0
1,1,1,1,1.073,0,0,0,228,156,0.7163,0,0,3,8775.89,0,0.6696,0
1,1,1,1,0.9813,0,0,0,783,22,0.9681,0,0,3,13607.5,0,0.9163,0
1,1,1,1,1.0935,0,0,0,238,133,0.7743,0,0,1,54912.57,0,0.5796,0
1,1,1,1,1.0343,0,0,0,2912,6,0.4863,0,0,0,39287.97,0,0.9014,0
1,1,1,1,0.9963,0,0,0,3520,14,0.954,0,0,3,6715.73,0,0.7861,0
1,1,0,1,0.9714,0,0,0,3050,26,0.7917,0,0,1,6957.44,0,0.8124,0
1,1,1,1,1.0377,0,0,0,1572,130,1.3228,0,0,2,2585.11,0,1.0,0
0,0,0,1,0.9723,0,0,0,3482,185,0.971,0,0,1,31229.12,0,0.8908,0
1,1,1,1,0.9509,0,0,0,1534,120,0.5059,0,0,2,645.12,0,0.9454,0
1,1,1,1,0.9331,0,0,0,1944,112,1.186,0,0,1,2177.78,0,0.771,0
1,1,1,1,1.0555,0,0,0,1159,56,1.2558,0,0,2,13331.29,0,0.8385,0
0,0,1,1,1.0188,0,0,0,2498,42,1.0512,0,0,0,797.95,0,0.8108,0
1,1,1,1,1.0225,0,0,0,242,22,0.9987,0,1,0,8929.33,0,0.801,0
1,1,1,1,0.9704,0,0,0,1569,62,0.9904,0,1,1,2159.51,0,0.912,0
0,0,0,0,1.1479,0,0,0,793,12,1.8763,0,0,0,43046.46,0,0.1567,1
1,1,1,1,1.1039,0,0,0,2484,43,0.4909,1,0,0,17142.47,0,0.9141,0
1,1,1,1,0.9666,0,0,0,3236,105,1.2064,0,0,0,20031.54,0,0.8868,0
1,1,1,1,1.0508,0,0,0,2497,147,0.8335,0,0,3,3013.73,0,0.9359,0
1,1,1,1,1.1119,0,0,1,74,1,1.6566,0,0,0,14376.34,0,0.6064,0
1,1,1,1,1.0055,0,0,0,810,41,1.0715,0,0,1,403.51,0,0.8779,0
1,1,0,1,0.9094,0,0,0,1095,88,1.1661,0,0,2,3235.63,0,0.7131,0
1,1,1,1,0.9915,0,0,0,1097,34,0.978,0,0,3,12549.71,0,0.9076,0
1,1,1,1,1.0689,0,0,0,2224,71,0.3229,0,0,1,6723.31,0,0.7769,0
1,1,1,1,1.3,0,0,0,1766,35,1.3548,1,0,3,27901.94,0,0.5662,1
1,1,1,1,0.9967,0,0,0,1132,65,1.0595,0,0,2,510.58,1,0.7997,0
1,1,1,1,0.9917,0,0,0,2525,29,0.769,0,0,2,22862.12,0,0.8827,0
1,1,1,1,1.0471,0,0,0,1239,169,0.6107,0,0,2,8452.64,0,0.9078,0
1,1,0,1,0.9506,0,0,0,1072,45,0.9923,0,0,2,95117.77,0,0.9803,0
1,1,1,1,1.0025,0,0,0,3416,13,1.1576,0,0,1,4352.04,0,0.8757,0
0,0,1,1,1.0256,0,0,0,256,200,0.9442,1,0,2,20507.06,0,0.9475,0
1,1,1,1,1.0248,0,0,0,2029,128,0.8861,0,0,3,9517.7,0,1.0,0
1,1,0,1,0.9555,0,0,1,148,3,1.1975,0,0,3,7753.41,0,0.8733,0
1,1,1,1,0.9994,0,0,0,1741,52,1.3325,0,0,3,899.88,0,0.7723,0
1,1,1,1,0.9741,0,0,0,1580,176,0.37,0,0,1,16988.88,0,0.7846,0
1,1,1,1,0.9233,0,0,0,817,140,0.9514,0,0,3,2953.64,0,0.8652,0
1,1,1,1,1.0998,0,0,0,2375,71,1.0537,0,0,1,18261.38,0,0.8767,0
1,1,1,0,0.9983,0,0,0,2235,200,1.3168,0,0,0,2454.76,0,0.6596,0
1,1,1,1,1.0368,0,0,0,253,153,1.7996,0,0,1,32041.55,0,0.7784,0
1,1,1,1,0.9752,0,0,0,3261,54,1.0964,0,0,1,20268.77,0,0.9559,0
1,1,1,1,0.9496,1,0,0,3648,40,0.7521,1,0,1,1511.28,0,0.9817,0
1,1,1,1,1.0326,0,0,0,3394,91,1.7771,0,0,3,6424.27,0,0.7749,0
1,1,1,1,1.005,0,1,0,282,90,1.4851,0,0,1,19301.48,0,0.7575,0
1,1,1,1,0.9875,0,0,0,876,141,0.6893,0,0,1,27399.56,0,0.987,0
0,0,1,1,1.001,0,0,0,2165,178,1.311,0,0,0,11674.9,0,0.8758,0
1,1,1,1,0.9801,0,0,1,75,0,0.9211,0,0,1,7553.33,0,0.6386,0
0,0,0,0,1.1006,1,0,0,942,21,2.3097,0,0,5,64960.72,1,0.6306,1
1,1,0,0,0.9381,0,1,1,1,0,2.0,0,1,6,9728.28,0,0.393,1
1,1,1,1,0.9965,0,0,0,986,76,1.071,0,0,1,9669.82,1,0.8872,0
1,1,1,0,0.9442,0,0,0,258,103,0.9352,0,0,1,2837.51,0,0.9231,0
1,1,1,1,1.0618,0,0,1,76,2,1.3531,0,0,1,10414.56,0,0.8062,0
1,1,1,0,1.0056,0,0,0,1461,56,1.0559,0,1,2,12209.64,0,0.8268,0
1,0,0,1,1.0177,0,0,0,2615,32,0.5628,0,0,3,5106.93,0,0.8986,0
1,1,1,1,1.0427,0,0,0,2942,88,0.7802,0,0,0,195.51,0,0.943,0
1,0,0,1,0.9908,0,0,0,218,166,1.1983,0,0,2,635.54,0,0.838,0
1,1,0,1,1.023,0,0,0,3461,189,0.9267,0,0,2,1060.13,0,0.9097,0
1,1,0,0,0.9858,0,0,0,3007,159,1.0636,0,0,2,30440.35,1,0.7416,0
1,1,1,1,0.9741,0,0,0,3532,106,0.943,0,0,2,19408.61,0,0.7151,0
1,1,1,1,1.0128,0,0,0,2186,105,1.0162,0,1,1,23945.45,0,0.7858,0
1,1,1,1,0.9241,0,0,0,2130,31,0.2399,0,0,1,9104.25,0,0.8473,0
1,1,1,0,1.0072,0,0,0,1773,25,0.6808,0,0,0,294.65,0,0.9172,0
1,1,1,1,1.012,0,0,1,87,1,0.7922,0,0,2,30766.52,0,0.8712,0
0,0,1,1,0.9977,0,0,0,2986,77,1.6872,0,0,2,2283.31,0,0.7449,0
1,1,1,1,0.9972,0,0,0,3391,76,0.8109,0,0,1,15847.56,0,0.9526,0
1,1,1,1,1.0776,0,0,0,417,117,1.5306,0,0,0,19014.97,0,0.9448,0
1,1,1,1,1.0819,0,0,0,3381,101,1.3699,0,0,2,11669.81,0,0.8785,0
1,1,1,1,0.9739,0,0,0,1373,66,0.7837,0,0,1,16589.83,0,0.891,0
1,1,0,1,1.0234,0,0,0,3645,173,1.1325,0,0,0,6057.98,0,0.877,0
1,1,1,1,1.0529,0,0,0,811,14,1.2648,0,0,1,13168.41,0,0.8032,0
1,1,1,1,0.9945,0,0,1,59,3,0.4162,0,0,3,5379.96,0,0.8795,0
1,1,1,1,0.9749,0,0,1,36,4,0.6513,0,0,1,2196.1,0,0.7873,0
1,1,1,1,0.9914,0,0,0,2626,133,1.6812,0,0,0,7555.49,0,0.8376,0
1,1,1,1,1.0126,0,0,0,3643,10,0.6123,1,0,0,22968.61,0,0.7743,0
1,1,1,1,0.947,0,0,0,1132,188,0.912,0,0,1,24247.21,0,0.824,0
1,1,1,1,0.9954,0,0,0,1114,24,0.916,0,0,0,18898.3,0,0.9291,0
1,1,1,1,0.9422,0,0,0,3573,95,0.9545,0,0,0,3130.92,0,0.7842,0
1,1,1,1,0.9899,0,0,0,554,129,1.1298,0,0,1,6101.22,0,0.8513,0
1,1,0,1,0.96,0,0,0,1055,66,1.0481,0,0,1,8984.85,0,0.6821,0
1,1,1,1,1.0416,0,0,0,467,110,1.6856,0,0,0,10204.33,0,0.9237,0
1,1,1,1,0.9808,0,0,0,2454,141,0.7582,0,0,2,5382.08,0,0.8119,0
0,0,1,1,1.0089,0,0,0,3505,9,0.8466,0,0,1,19384.84,0,0.8546,0
1,0,1,0,0.9519,0,0,1,11,0,3.113,0,0,3,20859.23,0,0.7898,1
1,1,1,1,1.0019,0,0,0,3137,139,1.1121,0,0,3,2977.39,0,0.8213,0
1,1,1,1,0.9555,0,0,0,1795,125,1.1895,0,0,3,54405.73,0,0.9266,0
1,1,1,1,1.0508,0,0,0,2202,140,0.9845,0,0,0,48842.82,0,0.8626,0
1,1,0,1,1.3662,0,1,0,91,14,2.611,1,0,0,13387.74,0,0.7468,1
1,1,1,1,0.9705,0,0,0,618,91,1.4176,0,0,2,20206.43,0,0.9088,0
1,1,1,1,0.956,0,0,1,102,0,1.0645,0,0,3,6710.8,0,0.9543,0
1,1,1,1,1.0069,0,0,1,32,2,1.4607,0,0,1,32804.77,0,0.9707,0
1,1,1,1,0.9501,0,0,1,173,3,1.7499,0,0,1,1766.87,0,0.6284,0
1,1,1,1,0.9924,0,0,0,1355,124,1.1438,0,0,3,6298.21,0,0.7667,0
1,1,1,1,0.9712,0,0,1,31,3,0.8527,0,0,0,2014.89,0,0.8667,0
1,1,1,0,0.8815,0,0,0,3547,120,0.9135,0,0,2,16919.82,0,0.6426,0
1,1,1,1,0.9233,0,0,0,1766,60,0.6025,0,0,0,4597.22,0,0.9331,0
1,1,1,1,0.9847,0,0,1,53,0,0.5105,0,0,1,20589.56,0,0.6983,0
1,1,1,1,1.0252,0,0,0,2195,191,0.8292,0,0,0,24358.36,0,0.875,0
1,1,1,1,0.9264,0,0,1,63,0,0.8495,0,0,0,20857.97,0,0.7814,0
1,1,1,1,1.0393,0,0,0,789,115,0.6754,0,0,3,2717.34,0,0.9353,0
1,1,1,1,1.0432,0,0,0,2169,103,1.2949,0,0,0,652.12,0,0.9838,0
1,1,1,1,0.9832,0,0,0,1468,83,1.1588,0,0,0,22096.19,0,0.6395,0
1,1,1,1,0.9853,0,0,0,2529,144,1.1247,0,0,0,4276.46,0,1.0,0
1,1,0,1,1.0228,0,0,0,321,178,0.828,0,0,2,24789.02,0,0.9135,0
0,0,1,1,0.9375,0,0,0,1314,62,0.4247,0,0,2,20273.99,0,0.8261,0
1,1,1,1,0.9577,0,0,0,405,5,1.0873,0,0,0,12060.17,0,0.7197,0
1,1,0,1,0.9974,0,0,0,456,41,1.044,0,0,1,3211.5,0,0.7657,0
1,1,1,1,0.9918,0,0,0,189,102,0.7929,0,0,1,1560.95,0,0.8566,0
1,1,1,1,1.0126,0,0,1,175,4,1.4955,0,0,0,71565.97,0,0.8126,0
1,1,1,1,1.0811,0,0,0,1710,100,1.014,0,0,3,35554.31,0,1.0,0
1,1,1,1,1.0493,0,0,0,1593,166,0.5743,0,0,3,83498.39,0,0.7816,0
1,1,0,1,1.0922,0,0,0,706,127,1.1998,0,0,1,12094.04,0,0.7249,0
1,1,1,1,1.0021,0,0,0,1894,158,1.2906,0,0,2,4083.52,1,0.8776,0
1,1,1,1,0.9607,0,0,0,551,49,1.1778,0,0,0,22973.66,0,0.8022,0
1,1,1,1,1.0268,0,0,0,1128,116,1.3159,0,0,3,5573.04,0,0.7574,0
1,1,1,1,1.0032,0,0,0,2833,133,1.1058,0,0,1,11101.03,0,0.9781,0
1,1,1,1,0.964,0,0,0,3138,94,0.9993,0,0,0,12064.5,0,0.7761,0
1,1,0,1,1.0024,0,0,1,112,2,1.317,0,0,0,17054.29,0,0.8539,0
1,1,1,1,0.9748,0,0,0,2378,36,0.678,1,0,1,3375.98,0,0.9313,0
1,0,1,0,1.2037,1,0,0,1479,21,1.7872,1,0,3,117447.78,0,0.9827,1
1,1,1,1,0.9866,0,1,0,3259,102,0.971,0,0,3,16540.47,0,0.9004,0
1,1,1,1,1.0339,0,0,0,2703,114,0.6548,0,0,1,11963.89,0,0.7985,0
1,1,1,1,0.9984,0,0,0,1021,118,1.1444,0,0,0,27908.81,0,0.865,0
1,1,1,1,0.9405,0,0,0,1715,68,0.7176,0,0,0,10295.91,0,0.6189,0
1,1,1,1,1.05,0,0,0,1411,127,0.6296,0,0,2,64239.03,0,0.9433,0
1,1,1,1,0.9396,0,0,0,1738,173,0.8214,0,0,2,35409.07,0,0.7587,0
1,1,1,1,0.9787,0,0,0,2891,138,1.2123,0,0,3,29961.94,0,0.91,0
1,1,1,1,0.964,0,0,0,3628,118,1.0949,0,0,2,667.07,0,0.7991,0
1,1,1,1,1.0108,0,0,0,1167,149,0.734,0,0,2,20885.39,0,0.9525,0
1,1,1,1,0.9664,0,0,0,1596,161,1.2516,0,0,0,6025.63,0,0.9016,0
1,1,1,1,1.0396,0,0,1,141,4,0.6171,0,0,1,21225.96,0,1.0,0
1,1,0,0,0.8904,0,0,1,140,2,0.7299,0,0,1,1478.29,0,0.8005,0
1,1,1,1,0.9286,0,0,0,1334,111,0.8378,0,0,3,466.48,0,0.7742,0
1,1,1,1,1.0828,0,0,0,2382,92,1.4128,0,0,1,15952.86,0,0.8599,0
1,1,1,1,0.9078,0,0,0,3468,67,1.7136,0,0,3,673.4,0,0.6512,0
1,1,1,1,1.0084,0,0,0,409,138,0.6291,0,0,2,987.45,0,0.9976,0
1,1,1,1,0.9856,0,0,0,1571,107,0.7621,0,0,1,6214.27,0,0.7798,0
1,1,1,1,1.008,0,0,0,474,90,0.9296,1,0,2,53898.76,0,0.8777,0
1,1,1,1,0.9504,0,0,0,2396,39,1.6825,0,0,2,2139.01,0,0.7821,0
0,0,0,1,0.9919,0,0,0,2846,74,0.8121,0,0,0,24045.94,0,0.8139,0
1,1,1,1,0.9393,0,0,0,333,190,0.5056,0,0,0,20030.17,0,0.8706,0
1,1,1,1,1.0063,0,0,1,84,2,1.2415,0,0,1,11439.61,0,0.7635,0
1,1,1,1,1.0467,0,0,0,1152,98,0.6945,0,0,0,35898.77,0,0.7886,0
1,1,1,1,1.0053,0,0,0,382,199,1.3224,0,0,2,15993.15,0,0.808,0
1,1,1,1,0.9681,0,0,0,1170,164,1.1469,1,0,1,22166.31,0,0.7712,0
1,1,1,1,1.0405,0,0,0,2561,152,1.002,0,0,0,11394.46,0,0.8435,0
1,1,1,1,1.0199,0,0,0,3486,101,1.2347,0,0,0,20099.55,0,0.8085,0
1,1,1,1,0.9733,0,0,0,2078,173,0.8685,0,0,3,726.61,0,0.9039,0
1,1,1,1,1.0668,0,0,0,2747,104,0.6741,0,1,1,1961.41,0,0.8029,0
1,1,1,1,1.01,0,0,0,1910,117,0.7481,0,0,0,28415.81,0,0.8887,0
1,1,1,1,0.9524,0,0,0,2312,175,1.1841,0,0,1,18583.99,0,0.9056,0
1,1,1,1,0.9848,0,0,1,146,4,0.7732,0,0,1,28013.95,0,0.7675,0
1,1,1,1,1.0277,0,0,0,2062,132,1.1804,0,1,1,1375.76,0,0.8807,0
1,1,1,1,1.0176,0,0,0,585,49,1.4272,0,0,0,56743.6,0,0.8621,0
1,1,1,1,0.9371,0,0,0,2685,128,1.1994,0,0,2,6248.67,0,0.8011,0
1,1,1,1,0.9791,0,0,0,1541,157,1.1984,0,0,0,3109.02,0,0.8787,0
1,1,1,1,1.0328,0,0,0,464,24,0.756,0,0,0,723.35,0,0.9437,0
1,1,1,1,1.0232,0,0,0,1515,37,1.011,0,0,3,4709.06,0,0.8261,0
1,1,1,1,0.9615,0,0,0,1070,99,1.2822,0,0,1,5304.36,0,0.9743,0
1,1,1,1,1.0417,0,0,0,2618,155,1.4081,0,0,2,9612.48,0,0.6461,0
1,1,1,1,1.0476,0,0,0,3601,184,0.7629,1,0,1,16088.98,0,0.8203,0
1,1,1,1,1.0899,0,0,0,1543,184,0.8607,0,0,3,6331.66,0,0.8879,0
1,1,1,1,0.9964,0,0,0,1262,24,0.8353,0,0,3,346.47,0,0.7813,0
1,1,1,1,1.0301,0,0,1,128,2,1.0588,0,0,3,19242.9,0,0.9803,0
1,1,1,1,1.0466,0,0,0,3625,190,1.3092,0,0,3,2494.04,0,0.878,0
1,1,1,1,0.8957,0,0,0,2998,71,0.4706,0,0,0,15671.41,0,1.0,0
1,1,1,1,0.9434,0,0,0,327,49,1.1692,0,0,3,12081.75,0,0.8641,0
1,1,1,1,0.9836,0,0,0,1763,13,1.0635,0,0,1,1756.98,0,0.9015,0
1,1,1,1,1.0019,0,0,1,168,1,0.846,0,0,0,25794.83,0,0.8795,0
0,0,1,1,1.0186,0,0,0,1458,98,1.1639,0,0,3,529.0,0,0.9883,0
1,1,1,1,1.0136,0,0,1,107,4,1.1536,0,0,1,2048.42,0,0.9041,0
1,0,1,1,0.9851,0,0,0,1600,67,1.0098,0,0,2,6121.08,0,0.7841,0
1,1,1,1,0.9629,0,0,0,3426,118,1.2944,0,0,3,8982.77,0,0.7985,0
1,1,1,1,1.0602,0,0,0,2259,134,1.3607,0,0,0,35795.31,0,0.9223,0
1,1,1,1,0.9577,0,0,0,1176,136,1.5574,0,0,3,7754.01,0,0.9231,0
1,1,1,1,1.0519,0,0,0,519,42,1.0353,0,0,2,12131.34,0,0.8959,0
1,1,0,1,1.1372,0,0,0,1789,26,1.4689,0,0,2,9011.59,0,0.8825,0
1,1,1,1,0.9236,0,0,0,2811,145,1.0015,0,0,2,23879.6,1,0.9458,0
1,1,1,1,0.9107,0,0,0,292,112,1.1918,0,0,0,2231.75,0,0.8454,0
1,1,1,1,1.013,0,0,0,3621,56,1.4266,0,0,2,1050.41,0,0.7385,0
1,1,1,1,1.0274,0,0,0,1559,154,1.3327,0,1,1,55060.0,0,0.6393,0
1,1,1,1,1.0048,0,0,0,1052,148,1.5616,0,0,2,2397.39,0,0.8212,0
1,1,1,0,1.0932,0,0,0,2408,118,0.9085,0,0,0,19427.55,0,0.7853,0
1,1,1,1,0.9477,0,0,0,3318,81,1.0113,0,0,3,15842.74,0,0.7178,0
1,1,1,1,0.9828,0,0,0,291,80,0.7247,0,0,1,4527.15,0,0.8605,0
1,1,1,1,0.9886,0,0,0,1530,58,0.9736,0,0,1,50595.25,0,0.7634,0
1,1,0,1,1.0523,0,0,0,1452,54,1.4333,0,0,0,12128.52,0,0.728,0
1,1,1,1,0.9364,0,0,1,35,4,0.6791,0,0,2,27298.24,0,0.7894,0
1,1,1,1,0.9868,0,0,0,2546,141,1.5628,0,0,0,6744.01,0,0.7879,0
1,1,1,1,1.0465,0,0,1,134,5,0.8159,0,0,1,34561.21,0,0.8436,0
1,1,0,1,1.0525,0,0,0,692,67,1.0394,0,0,0,26912.99,0,0.9789,0
1,1,1,1,1.0478,0,0,0,598,9,0.6625,0,0,0,33898.84,0,0.7499,0
0,0,1,1,1.0652,0,0,0,2590,58,0.6259,0,0,1,438.53,0,0.8304,0
1,1,1,1,0.9249,0,0,0,1991,143,1.1022,0,0,3,2387.03,0,0.7579,0
1,1,1,1,1.0863,0,0,0,839,20,1.2307,0,0,1,467.58,0,0.7983,0
1,1,1,1,1.0353,0,0,0,2265,179,1.6117,0,0,2,7920.94,0,0.756,0
1,1,1,1,1.0062,0,0,1,173,5,0.6728,0,0,1,4871.37,0,0.8825,0
1,1,1,1,1.0055,0,0,0,2833,185,0.9526,0,0,1,3390.67,0,0.7957,0
1,1,1,1,1.0336,0,1,0,2123,86,1.3498,0,0,2,33628.53,0,0.7748,0
1,1,1,1,0.9272,1,0,0,541,59,1.039,0,0,3,4489.34,0,0.787,0
1,1,1,1,0.9891,0,0,0,1165,41,0.8424,0,0,3,11106.16,0,0.8236,0
1,1,1,1,0.9419,0,0,0,2895,21,0.7662,0,0,0,8029.38,0,0.7396,0
1,1,1,1,0.9467,0,0,0,2879,174,0.3857,0,0,2,11650.96,0,0.86,0
1,1,1,1,1.0092,0,0,0,2424,87,0.8151,1,0,0,12911.75,0,0.8569,0
1,1,1,1,0.9627,0,0,0,2358,82,0.9826,0,0,0,7559.43,0,0.9413,0
1,1,0,1,0.9904,0,0,0,3636,162,0.7262,0,0,1,12850.58,0,0.899,0
1,1,1,1,0.9942,0,0,0,808,54,0.6904,0,0,0,36580.75,0,0.8607,0
1,1,1,1,0.9537,0,0,0,3309,193,0.5145,0,0,2,16867.72,0,0.9417,0
1,1,0,1,0.9946,0,0,0,2077,160,1.1318,0,0,0,17441.57,1,0.8994,0
1,1,0,1,1.0044,0,0,0,3368,157,0.8059,0,0,2,5094.34,0,0.9347,0
0,0,1,1,0.9672,0,0,0,536,164,1.1509,0,0,0,21942.73,0,0.7046,0
1,1,0,1,1.04,0,0,0,3455,142,1.0042,0,0,3,7212.04,0,0.9197,0
1,1,1,1,0.9634,0,0,0,1708,196,0.9193,0,0,2,1973.38,0,0.8667,0
1,1,1,1,1.0067,0,0,0,3314,110,0.8944,0,0,0,209.86,0,0.6854,0
1,0,1,1,0.9645,0,0,0,1142,30,1.0108,0,0,2,44.78,0,0.7724,0
0,0,1,1,0.9296,0,0,0,682,196,1.2668,1,0,0,5339.2,0,0.9007,0
1,1,1,1,1.1037,0,0,0,3648,194,1.2262,0,0,0,3980.95,0,0.9865,0
1,1,1,1,1.0034,0,0,0,385,99,0.9318,0,0,1,21182.3,0,1.0,0
1,1,1,1,0.995,0,0,1,66,1,1.3649,0,0,0,9878.41,0,0.9069,0
0,0,1,1,1.2723,0,0,0,1123,35,2.1236,1,1,0,2864.97,0,0.6356,1
1,1,1,1,0.9343,0,0,0,994,101,0.7557,0,0,1,1454.32,1,0.8828,0
1,1,0,1,0.9953,0,0,0,466,166,1.2052,0,0,0,7233.25,0,0.9684,0
1,1,1,1,1.0124,0,0,0,1505,87,1.2356,0,0,3,2007.34,0,0.941,0
1,1,1,1,0.8967,0,0,0,3169,131,1.3063,0,0,3,3752.46,0,1.0,0
1,1,1,1,0.9676,0,0,0,316,89,1.149,0,0,0,1425.23,0,0.8267,0
1,1,1,1,0.9871,0,0,0,3593,140,1.1677,0,0,2,9825.32,1,0.9053,0
1,1,1,1,0.9694,0,0,0,1016,150,1.002,0,0,0,27895.3,0,0.7889,0
1,1,1,1,1.0078,0,1,0,3459,127,0.6936,0,0,0,414.89,0,0.7976,0
1,1,1,1,0.9911,0,0,0,2757,96,1.0369,0,0,1,63030.06,0,0.8232,0
1,1,0,1,1.038,0,0,0,2710,184,1.7783,0,0,1,12898.23,0,0.8261,0
1,1,1,1,1.0013,0,0,0,3626,61,0.5034,0,0,1,4097.63,0,0.8783,0
1,1,1,1,0.9813,0,0,0,1072,22,0.6603,0,0,2,7144.66,0,0.8367,0
1,1,1,1,1.0675,0,0,0,608,50,0.9613,0,0,0,39477.04,0,1.0,0
1,1,1,1,0.8792,0,0,0,396,193,1.2613,0,0,3,13024.11,0,0.6517,0
0,0,1,1,1.2924,0,1,0,1528,28,2.6981,1,0,0,24955.42,1,0.7488,1
1,1,1,1,0.9735,0,0,0,2450,67,1.0189,0,0,2,20809.88,0,0.8107,0
1,1,1,1,1.0344,0,0,1,85,0,1.4668,0,0,2,8513.18,0,0.9393,0
1,1,1,1,1.0569,0,0,1,108,1,1.274,0,0,1,7566.01,0,0.7511,0
1,1,1,1,0.9716,0,0,1,125,2,0.9856,0,0,2,6633.3,0,0.8679,0
1,1,1,1,1.0081,0,0,0,3425,190,1.4102,0,0,1,2845.7,0,0.8957,0
1,1,1,1,1.0874,0,0,0,1076,190,1.1727,0,0,1,7149.85,0,0.7949,0
1,1,1,1,1.0548,0,0,0,223,134,0.9396,0,0,2,23745.46,0,0.8925,0
1,1,1,1,0.9993,0,0,0,2600,64,1.8727,0,0,0,9113.46,0,0.8229,0
1,1,1,1,1.0285,0,0,0,2135,9,0.8767,0,0,0,4152.75,0,0.9556,0
1,1,1,1,1.0612,0,0,0,2531,61,0.8593,0,0,1,487.07,0,0.6671,0
1,1,1,1,0.9935,0,1,0,537,16,1.4681,0,0,3,17095.91,0,0.8707,0
1,1,1,1,0.9426,0,0,0,853,64,2.1191,0,0,0,7277.52,0,0.786,0
1,1,1,1,1.0256,0,0,0,865,168,0.8578,0,0,1,17491.4,0,0.6876,0
1,1,1,1,1.0199,0,0,1,44,0,0.6469,0,0,3,7436.71,0,0.7585,0
1,1,0,1,1.0719,0,0,0,2735,68,0.8867,0,0,3,8456.03,0,0.9854,0
1,1,1,1,0.9486,0,0,0,718,142,1.0854,0,0,0,3687.27,0,0.8086,0
1,1,1,1,1.0022,0,0,0,450,140,1.3131,1,0,1,14978.25,0,0.8782,0
1,1,1,1,0.9534,0,0,0,937,40,1.0406,0,1,1,16536.92,0,0.9103,0
0,0,1,1,1.0093,0,0,0,431,57,0.7995,0,1,1,43827.23,0,0.7433,0
1,1,1,1,1.0697,0,0,1,100,5,1.1239,0,0,0,23408.03,0,0.9059,0
1,1,1,1,1.0915,0,0,0,777,165,0.7085,0,0,1,5920.63,0,0.833,0
1,1,0,1,1.0464,0,0,0,2144,42,1.4101,1,0,2,5111.91,0,0.6186,0
0,0,1,1,0.9947,0,0,0,2479,160,1.324,0,0,2,11247.82,0,0.8146,0
0,0,1,1,1.0246,0,0,0,1580,32,0.9767,0,0,2,10912.8,0,0.8625,0
1,1,1,1,0.9977,0,0,0,2222,58,0.7676,0,0,3,14800.19,0,0.7902,0
1,1,1,1,1.0073,0,1,0,1258,188,0.8928,0,0,3,17258.7,0,0.9555,0
1,1,1,1,1.0176,0,0,0,3574,56,0.7784,0,0,1,3670.41,0,0.8843,0
1,1,1,1,0.999,0,0,0,1468,101,1.3252,0,0,0,12398.94,0,0.9156,0
1,1,1,1,0.8907,0,0,0,2558,27,0.6219,0,0,0,8183.69,0,0.7173,0
1,1,1,1,0.992,0,0,0,1795,145,0.7941,0,0,1,3868.53,0,0.941,0
1,1,1,0,0.9465,0,0,0,1800,43,0.6233,0,0,3,22339.82,0,0.9561,0
1,1,1,1,1.007,0,0,0,277,70,1.2338,0,0,2,39796.05,0,0.9185,0
1,1,1,1,0.9964,0,0,0,3365,58,1.032,0,0,1,13147.59,0,0.7701,0
1,1,1,1,0.9206,0,0,1,158,0,1.0543,0,0,2,12475.98,0,0.7965,0
1,1,1,1,1.0282,0,0,0,1211,41,1.3473,1,1,8,50000.0,1,0.7136,1
1,1,1,1,0.9666,0,0,0,2859,183,0.6925,0,0,3,11861.91,0,0.9466,0
0,0,1,1,0.999,0,0,0,2461,195,1.4903,0,0,0,52675.51,0,0.7133,0
1,1,1,1,0.9512,0,0,1,116,5,1.2304,0,0,2,8263.24,0,0.639,0
1,1,1,1,0.9682,0,0,0,2875,104,1.5132,0,0,2,5893.13,0,0.6816,0
1,1,1,1,1.0047,0,0,0,2140,58,1.0619,0,0,3,27218.78,0,0.737,0
1,1,1,1,0.9689,0,0,0,893,197,0.8616,0,0,1,2903.53,1,1.0,0
1,1,1,1,1.0569,0,0,0,226,159,1.085,0,0,0,10356.88,0,0.7609,0
1,1,1,1,1.0057,0,0,0,2578,68,1.4359,0,0,0,16656.94,0,0.8656,0
1,1,0,1,1.0639,0,0,0,3440,151,1.6461,0,0,3,605.48,0,0.7454,0
1,1,1,1,0.9726,0,0,0,553,112,1.0131,0,0,0,17613.35,0,0.9877,0
1,0,1,1,0.9373,0,0,0,2756,141,0.886,0,0,3,61.34,0,0.7522,0
1,1,1,1,0.927,0,0,0,1728,192,1.2734,0,0,0,36816.81,0,0.7894,0
1,1,1,1,0.9597,0,0,0,1935,176,0.8457,0,0,3,6055.89,0,1.0,0
1,1,1,1,0.988,0,0,0,1989,119,1.0178,0,0,2,8776.86,0,0.8642,0
1,1,1,1,1.0406,0,0,0,827,50,1.4179,0,0,1,9163.03,0,0.7415,0
1,1,1,1,1.0491,0,0,0,1870,122,1.0211,0,0,2,21495.32,0,0.8419,0
1,1,1,1,1.0151,0,0,0,799,15,0.6553,0,0,3,787.75,0,0.9916,0
1,1,1,1,0.978,0,0,0,2523,55,1.3406,0,0,0,21562.96,0,0.7221,0
1,1,1,1,1.0429,0,0,0,1240,46,0.4505,0,0,1,31972.54,0,0.855,0
1,1,1,1,1.0387,0,0,0,2372,152,0.8723,0,0,2,42487.25,0,0.7411,0
1,1,1,1,0.9485,0,0,0,3631,189,1.1013,0,0,2,40571.44,0,0.9228,0
1,1,1,0,0.8804,0,0,0,1403,148,0.6487,0,0,0,47429.18,0,0.789,0
1,1,1,1,0.9407,0,0,1,55,3,0.6244,0,0,1,15613.37,0,0.8936,0
1,1,1,1,1.0775,0,0,0,1435,91,0.8479,0,0,1,12806.1,0,0.7522,0
1,1,1,1,1.0008,0,0,0,1539,46,0.9521,0,0,2,40456.69,0,0.6809,0
1,1,1,1,0.9975,0,0,0,939,117,1.0301,0,0,3,22071.13,0,0.9569,0
1,1,1,1,0.9756,0,0,0,1900,113,1.1203,0,0,3,4887.64,0,0.8757,0
1,1,1,1,1.0244,0,0,0,1200,20,1.056,0,1,3,32068.39,0,0.9489,0
1,1,0,1,1.0919,0,0,0,1231,105,1.0254,0,0,3,9538.9,0,0.9597,0
1,1,1,1,0.9724,0,0,0,1546,25,0.4926,0,0,3,24482.28,0,1.0,0
1,1,0,1,0.9407,0,0,0,2137,174,0.9312,0,0,3,1055.25,0,1.0,0
0,0,1,1,0.9869,0,0,0,392,113,0.7103,0,0,2,30171.52,0,0.749,0
1,1,1,0,1.061,0,0,0,3246,43,0.7716,0,0,1,10614.35,0,0.6929,0
1,1,1,1,1.0185,0,0,0,1098,115,0.4766,0,0,1,2553.89,0,0.8361,0
1,1,1,1,1.0572,0,0,0,1831,121,1.2917,0,0,1,5811.91,0,0.8696,0
1,0,1,1,0.96,0,0,0,2248,143,0.4761,0,0,2,6418.84,0,0.812,0
1,0,1,1,1.0389,0,0,0,1834,167,1.6935,0,0,0,14202.52,0,0.8414,0
1,1,1,1,1.15,0,0,0,654,177,0.9535,0,0,0,5863.79,0,0.8551,0
1,1,1,1,0.9735,0,1,1,179,5,0.9999,0,0,3,17341.0,0,0.8994,0
1,1,1,1,0.9724,0,0,0,209,6,0.6425,0,0,1,10143.98,0,0.9553,0
1,1,1,1,1.0701,0,0,1,79,4,1.5953,0,0,2,16383.06,0,0.8236,0
1,1,1,1,1.0053,0,0,0,626,42,0.7689,0,0,0,7472.8,0,0.9489,0
1,1,1,1,1.0309,0,0,0,1799,108,0.9669,0,0,1,6792.61,0,0.7901,0
1,1,1,1,0.9641,0,0,0,1049,185,1.0022,0,0,1,19163.24,0,0.8421,0
1,1,1,1,1.0157,0,0,1,162,0,0.3982,0,0,0,588.43,0,0.8517,0
0,0,1,1,1.0707,1,0,0,904,28,1.9073,0,0,5,16367.57,0,0.3877,1
1,1,1,1,0.9182,0,0,0,1108,63,1.0266,0,0,1,1375.16,0,0.9577,0
1,1,1,1,0.9685,0,0,0,3288,155,1.4997,0,0,2,391.99,0,0.8601,0
1,1,1,1,1.0283,0,0,0,869,117,1.1192,0,0,3,39313.03,0,0.8667,0
1,1,1,1,0.9866,0,0,0,2539,140,0.6026,0,1,3,8587.97,0,0.8229,0
1,1,0,1,0.9659,0,0,0,60,1,1.7781,1,1,4,38680.24,0,0.9216,1
1,1,1,1,1.0257,0,0,0,341,99,1.0532,0,0,0,45075.82,0,0.8687,0
1,1,1,1,1.0483,0,0,0,988,137,0.7482,1,0,2,86863.99,0,1.0,0
1,1,1,1,0.9341,0,0,0,1468,119,0.6098,0,0,3,3238.45,0,0.8364,0
1,1,1,1,1.0229,0,0,0,382,134,0.4606,0,0,3,5575.95,0,0.6631,0
1,1,1,1,0.9861,0,0,0,3136,187,1.0178,0,0,3,17612.5,0,0.7697,0
1,1,1,1,1.0272,0,0,0,2826,134,0.9588,0,0,3,11415.59,0,0.6821,0
1,1,1,1,1.0206,0,0,0,1802,17,1.2924,0,0,3,3286.02,0,0.9135,0
1,1,1,1,1.0988,0,0,0,262,58,0.9471,0,0,3,8332.77,0,0.7329,0
1,1,1,1,0.9694,0,0,0,2628,5,0.9193,0,0,3,14194.5,0,0.9368,0
1,1,1,1,1.0461,0,0,0,2545,172,1.2953,0,0,2,39708.17,0,0.6441,0
1,1,0,1,0.9504,0,0,0,2658,179,0.9965,0,0,1,238.79,0,1.0,0
1,1,1,1,0.9374,0,0,0,2417,180,1.5111,0,0,1,3271.5,0,0.7704,0
1,1,1,1,0.9818,0,0,0,2463,127,0.9197,0,0,1,31164.51,0,0.8428,0
1,1,1,1,0.9532,0,0,1,166,0,1.0814,0,0,0,6518.42,0,0.9094,0
1,1,1,1,1.0542,0,0,0,2839,26,1.0106,0,0,3,44879.38,0,0.9064,0
1,1,1,1,1.0131,0,0,0,2038,123,0.7105,1,0,1,11652.74,0,0.8808,0
1,1,1,1,1.056,0,0,0,3551,75,1.4118,0,0,2,16672.01,0,0.7895,0
1,1,1,1,1.0041,0,0,0,1282,177,0.7577,0,0,3,726.88,0,0.8486,0
1,1,1,1,1.0195,0,0,0,3403,56,0.5858,0,0,2,18147.76,0,0.767,0
1,1,0,1,1.0076,0,0,0,2492,44,0.9351,0,0,0,2390.68,0,0.8504,0
0,0,1,1,0.9741,0,0,0,1490,141,0.954,0,0,2,2047.02,0,0.9054,0
1,1,1,1,1.0053,0,0,0,2544,97,0.7391,0,1,0,5743.08,0,0.9092,0
1,1,1,0,0.9406,0,0,0,1299,88,1.3458,0,0,2,34709.66,0,0.7878,0
1,1,1,1,0.9963,0,0,1,178,5,1.127,1,0,2,16749.57,0,0.8773,0
1,1,1,1,1.0369,0,0,0,1635,112,0.9765,0,0,0,27250.53,0,0.9797,0
1,1,0,1,1.0312,0,0,0,1593,45,0.8761,1,0,2,15153.72,0,0.7574,0
1,1,1,1,0.9265,0,0,0,2313,122,1.1093,0,0,2,6383.84,0,0.9621,0
1,1,1,1,0.9942,0,0,0,195,152,1.5438,0,0,1,87162.22,0,1.0,0
1,1,0,1,1.1928,0,0,1,14,0,3.6166,0,0,3,14644.12,0,0.3596,1
1,1,1,1,1.068,0,0,0,3121,46,1.0224,0,0,1,6194.22,0,0.9365,0
1,1,1,1,1.0599,0,1,1,15,2,1.8402,1,0,5,138.02,0,0.8928,1
1,1,1,1,1.062,0,0,0,584,156,1.7972,0,0,3,8881.31,0,0.7638,0
1,1,1,1,1.0161,0,0,0,873,79,0.7217,0,0,1,16261.03,1,0.6653,0
1,1,1,1,1.0319,0,0,0,1264,176,1.1729,0,0,3,1636.2,0,0.7411,0
1,1,1,1,1.0522,0,0,0,2513,180,0.6319,0,0,1,107.68,0,0.8322,0
1,1,0,1,1.0238,0,0,0,2793,114,1.021,0,0,2,18268.99,0,0.8459,0
1,0,1,1,0.9838,0,0,0,522,117,0.8025,0,0,2,3331.3,0,0.9896,0
1,1,1,1,0.9756,0,0,0,3101,94,1.3891,0,0,0,2925.61,0,0.9608,0
0,0,1,1,1.1454,1,0,0,1231,38,2.0305,1,0,1,52711.33,0,0.5697,1
1,1,0,1,0.9602,1,0,1,1,9,2.5236,0,1,2,1015.74,0,0.7396,1
1,1,1,1,0.9613,0,0,0,2718,149,1.246,0,0,0,63.73,0,0.9856,0
1,1,1,1,1.021,0,0,0,3259,14,1.0214,0,0,1,260.6,0,0.9328,0
1,1,1,1,0.9117,0,0,0,2740,132,1.057,0,0,0,20983.42,0,0.8044,0
1,1,1,1,1.067,0,0,0,2394,198,1.578,0,0,1,31164.48,0,0.8757,0
1,1,1,1,1.063,0,0,0,3585,87,1.1451,0,0,1,17074.05,0,0.8796,0
1,1,0,1,1.0024,0,0,0,2530,108,0.3697,0,0,2,3617.63,0,0.7113,0
1,1,1,0,1.0561,0,0,0,1089,195,1.3809,0,0,3,1356.85,0,0.9157,0
1,1,1,1,1.0189,1,0,0,3574,176,0.5075,0,0,2,8698.65,0,0.8906,0
1,1,1,1,0.9782,0,0,0,504,53,0.979,0,0,3,8293.04,0,0.936,0
1,1,1,1,0.9432,0,0,0,1661,178,0.5602,0,0,2,15723.98,0,0.7635,0
1,1,0,1,1.0119,0,0,0,1131,71,1.2054,0,0,3,8379.22,0,0.8647,0
1,1,0,1,0.9945,0,0,0,512,52,0.8959,0,0,0,5010.76,0,0.9045,0
1,1,1,1,0.9223,0,1,0,1513,3,0.8429,0,0,9,142991.01,1,0.4696,1
1,1,1,1,0.9529,0,0,0,688,179,0.6408,0,0,1,2459.24,0,0.8438,0
1,1,1,1,1.0309,0,0,1,58,4,0.8373,0,0,0,3612.38,0,0.6478,0
1,1,1,1,0.9768,0,0,0,3279,193,0.3246,0,0,2,1628.96,0,1.0,0
1,1,1,1,0.9225,0,1,0,689,64,1.2773,0,0,2,26.64,0,0.9888,0
1,1,1,1,1.009,0,0,0,1336,164,1.5455,0,1,2,11068.34,0,0.9563,0
1,1,1,1,1.0416,0,0,0,2357,128,1.3328,1,0,0,24907.6,0,0.8471,0
1,1,1,1,1.0866,0,0,0,2714,89,0.7576,1,0,2,5638.89,0,1.0,0
1,1,1,1,1.0532,0,0,0,555,134,0.5703,0,0,0,12289.18,0,0.8243,0
1,1,1,1,0.9942,0,0,0,3211,140,0.8096,0,0,1,134269.74,0,0.7668,0
1,1,1,1,1.1001,0,0,0,1496,147,0.7181,0,0,0,8740.99,0,0.8106,0
1,1,1,1,1.0142,0,1,1,53,3,0.7884,0,0,1,38314.02,0,0.9354,0
1,0,1,0,1.2529,0,0,1,12,0,2.5375,1,0,0,17633.63,0,0.8703,1
0,0,1,1,0.9334,0,0,0,1722,179,0.8339,0,0,3,49356.42,0,0.8756,0
1,1,1,0,0.9583,0,0,1,86,2,1.1131,0,0,1,9038.52,0,0.91,0
1,1,1,1,1.0537,0,0,0,1058,98,1.2359,0,0,1,3494.44,0,0.6413,0
1,1,1,1,0.9637,0,0,0,577,64,0.8742,0,0,0,20221.94,0,0.7958,0
0,0,0,1,0.9945,0,0,0,1479,55,0.9437,1,0,0,11138.84,0,0.8389,0
1,1,1,1,1.0057,0,0,0,2615,67,0.8923,1,0,3,58380.67,0,0.7438,0
1,1,1,0,0.9184,0,1,1,18,0,0.4134,0,0,14,72436.43,1,0.7114,1
1,1,1,1,1.0143,0,0,1,118,4,1.1134,0,0,2,17694.61,0,0.9159,0
1,1,1,1,0.9435,0,0,0,1941,5,0.7973,1,0,2,12687.83,0,0.8238,0
1,1,1,1,1.0731,0,0,0,772,196,0.8494,0,0,2,1812.14,0,0.896,0
1,1,1,1,0.9437,0,0,0,2573,74,0.7877,0,0,1,5815.94,0,0.8526,0
1,1,1,1,0.9811,0,0,0,3100,56,1.0703,0,0,3,16243.9,0,0.9196,0
1,1,1,1,1.1377,0,0,0,3510,60,0.6624,0,0,3,14333.78,1,0.9591,0
1,1,1,1,0.9253,0,0,0,1025,99,1.0729,0,0,3,34492.92,0,0.8216,0
1,1,1,1,0.9381,0,0,0,470,50,1.5567,0,0,2,3773.58,0,0.8298,0
1,1,1,1,0.9574,0,0,0,2146,100,0.7605,0,0,1,10877.4,0,0.8482,0
1,1,1,1,0.8999,0,0,0,290,22,1.2689,0,0,1,24446.0,0,0.9556,0
1,1,0,1,1.0683,0,0,1,165,4,0.9789,0,0,3,455.82,0,0.7785,0
1,1,1,1,0.992,0,0,0,1269,64,0.9579,0,0,1,16517.34,0,0.7761,0
1,1,1,1,1.017,0,0,0,701,134,0.8183,0,0,2,205.2,0,0.9515,0
1,1,0,1,1.0583,0,0,0,1395,161,0.4354,0,0,1,28937.59,0,0.8864,0
1,1,1,1,1.0715,0,0,0,872,168,1.0096,0,0,2,22587.69,0,0.8711,0
1,1,1,1,1.0225,0,0,0,2882,121,1.0222,0,0,1,7085.99,0,0.8915,0
1,1,0,1,1.0492,0,0,0,1725,50,0.8645,0,0,0,2333.23,0,0.7522,0
1,1,1,1,1.0114,0,0,0,2934,87,1.1751,0,0,3,7497.82,0,0.9561,0
1,1,1,1,1.9158,0,0,1,24,2,1.568,1,0,2,25575.22,0,0.6958,1
1,1,1,1,0.9813,0,0,0,2257,150,1.2648,0,0,2,45448.03,0,0.8208,0
1,1,1,1,0.9904,0,0,0,2274,88,0.7409,0,0,1,32333.49,0,0.8194,0
1,1,1,1,0.9656,0,0,0,2153,62,0.9753,0,0,1,19616.63,0,0.7827,0
1,1,0,1,1.071,0,0,0,3327,182,0.3536,0,0,0,42397.35,0,0.7609,0
1,1,1,0,0.9806,0,0,1,61,1,0.8156,0,0,3,4925.53,0,0.9759,0
1,1,0,1,1.0077,0,0,0,2430,84,1.1015,0,0,1,19878.64,0,0.8325,0
1,1,1,1,0.8624,0,0,0,872,196,1.4305,0,0,0,27364.2,0,0.8637,0
1,1,1,1,0.9372,0,0,0,2826,181,0.647,0,0,1,43119.7,1,0.8322,0
1,1,1,1,0.9249,0,0,1,149,2,0.6869,0,0,0,3777.2,0,0.9591,0
1,1,1,1,0.9669,0,0,0,1056,49,1.0704,0,0,3,1581.42,0,0.9312,0
1,1,1,1,1.0973,0,0,0,1347,17,1.2288,0,0,11,127505.43,1,0.4126,1
1,1,1,1,0.9629,0,0,0,3297,72,1.3963,0,0,1,49748.51,0,0.8033,0
1,1,1,1,0.9708,0,0,0,1346,109,0.8129,0,0,2,3874.52,0,0.7935,0
1,1,1,1,0.9594,0,0,0,1478,112,1.2184,0,0,1,1252.55,0,0.9112,0
1,1,1,1,1.0429,0,0,0,3633,84,0.9488,0,0,2,1222.5,0,0.8829,0
1,1,1,1,1.0077,0,0,0,394,177,1.1862,0,0,2,4298.59,0,0.7797,0
1,1,1,1,1.1302,0,1,0,1093,16,2.4645,1,0,3,5435.28,0,0.6024,1
1,1,1,1,0.9084,0,0,0,2398,110,0.6866,0,0,3,724.93,0,0.7879,0
1,1,1,1,0.9815,0,0,0,2100,162,0.2897,0,0,2,3457.84,0,0.7991,0
1,1,1,1,1.0594,0,0,0,551,64,0.9053,0,0,3,56975.18,0,0.6767,0
1,1,1,1,0.998,0,1,0,870,7,1.7902,0,1,6,4029.02,0,0.5235,1
1,1,1,1,0.975,0,0,0,2463,152,0.4612,0,0,1,53039.15,0,0.913,0
1,1,1,1,1.065,0,0,0,1448,114,1.4391,0,0,1,7298.06,0,0.8889,0
0,0,1,1,1.0807,0,0,0,861,141,1.0179,0,1,0,16034.72,0,0.8646,0
1,1,1,1,0.9755,0,0,0,3335,135,0.9129,0,0,3,25716.4,0,0.9347,0
1,1,1,1,0.9596,0,0,0,2916,191,1.2269,0,0,2,17177.7,0,0.9547,0
1,1,1,1,0.9916,0,0,0,446,169,1.0793,0,0,2,45340.75,0,0.7486,0
1,1,0,1,0.9962,0,0,0,3590,73,0.9198,0,0,2,37163.83,0,0.9434,0
1,1,1,0,0.9657,0,0,0,3310,54,0.932,0,1,0,4604.59,0,0.6146,0
1,1,0,1,1.3705,0,1,1,21,2,2.6848,1,0,7,10624.15,0,0.6411,1
1,1,1,1,1.0135,0,0,0,3211,141,0.4726,0,0,1,22783.88,0,0.9919,0
1,1,0,1,1.0108,0,0,0,1839,89,1.0616,0,0,2,5665.65,0,0.6766,0
1,1,1,1,0.9654,0,0,0,2565,160,1.6468,0,0,0,10836.93,0,0.9777,0
1,1,1,1,1.1311,0,0,0,896,53,1.3793,0,0,0,10920.82,0,0.7005,0
1,1,1,1,0.9335,0,0,0,1053,168,0.5548,0,0,0,33141.16,0,0.8087,0
0,0,1,1,0.9667,0,0,0,579,37,1.2152,0,0,3,3980.24,0,0.6686,0
1,1,1,1,0.9665,0,0,0,726,32,1.4908,0,0,3,1609.3,0,0.7457,0
1,1,0,0,1.0752,0,0,1,17,1,7.0135,0,0,7,7575.29,0,0.2595,1
1,1,1,1,0.9154,0,0,0,2366,126,1.0879,0,0,0,20673.82,0,0.8755,0
1,1,1,0,1.0293,0,0,0,3183,94,1.0197,0,0,1,39279.07,0,0.8404,0
1,1,1,1,1.0285,0,0,1,133,3,0.6637,0,0,2,25675.23,0,0.896,0
1,1,1,1,0.9625,0,0,0,995,161,1.3253,0,0,1,5026.12,0,0.9199,0
1,1,1,1,0.9784,0,0,0,235,118,0.995,0,0,0,36.55,0,0.905,0
1,1,1,1,0.9282,0,0,0,3272,19,1.3324,0,0,1,7806.3,0,0.7335,0
1,1,1,1,1.0423,1,0,0,2393,121,0.9419,0,0,0,4031.36,0,0.8879,0
1,1,1,1,1.0591,0,0,1,131,1,0.8356,0,0,0,3826.86,0,0.6836,0
1,1,1,1,1.0782,0,0,0,1024,103,0.9928,0,0,0,46270.01,0,0.8814,0
1,1,1,1,0.9846,0,0,0,3434,114,0.7641,0,0,1,1169.94,0,0.9778,0
1,1,1,1,0.9663,0,0,0,1220,63,1.5044,0,0,1,20396.11,0,0.9053,0
1,1,0,1,1.0324,0,0,0,3555,192,1.1562,0,0,1,3169.26,0,0.6487,0
1,1,1,1,1.0166,0,0,0,239,195,1.0266,0,0,3,6825.86,0,1.0,0
1,1,1,1,1.0549,0,0,0,989,119,1.1835,0,0,2,6159.42,0,0.8035,0
1,1,1,1,0.9804,0,0,0,1062,199,1.158,0,0,3,56329.77,0,0.7387,0
1,1,1,1,1.0133,0,0,0,1703,50,0.753,0,0,1,16509.47,0,1.0,0
1,1,0,1,1.055,0,0,1,125,5,1.0757,0,0,2,9770.63,0,0.7909,0
1,1,1,1,0.9659,0,0,0,1720,90,1.24,0,0,3,16008.19,1,0.6191,0
1,1,1,1,0.9118,0,0,1,135,0,0.9941,1,0,3,15935.88,0,0.8159,0
1,1,1,1,1.0213,0,0,0,2476,17,1.0719,0,0,2,33616.63,0,0.9922,0
1,0,1,1,1.0322,0,1,1,90,4,1.4854,0,0,2,12501.82,0,0.7293,0
1,1,1,1,1.012,0,0,0,1045,91,1.1649,0,0,1,5564.12,0,0.8184,0
1,1,1,1,0.973,0,0,0,592,116,1.1844,0,0,3,2821.55,0,0.7928,0
1,1,1,1,1.0893,0,0,0,478,94,0.4646,0,0,0,8957.41,0,0.9277,0
1,1,1,1,1.0011,0,0,0,1868,68,0.9952,0,0,1,25375.4,0,0.9701,0
1,1,1,1,1.022,0,0,0,1675,32,1.2251,1,0,3,22876.65,0,0.7441,0
1,1,1,1,1.0314,0,0,0,821,74,1.2111,0,0,2,3882.0,0,0.8417,0
1,0,1,1,1.072,0,0,0,1416,84,1.2822,0,0,3,1713.33,0,1.0,0
1,1,1,1,0.9941,0,0,0,2825,79,0.7211,0,0,2,3091.06,0,0.8284,0
1,1,1,1,0.9644,0,0,0,207,54,1.0591,0,0,3,38313.05,0,0.8995,0
1,1,1,1,0.9603,0,0,0,3097,105,0.9114,1,0,2,16641.04,0,1.0,0
1,1,1,1,0.9871,0,0,0,3541,197,1.631,0,0,3,8936.8,0,0.6693,0
1,1,1,1,0.9757,0,0,0,3040,148,1.0771,0,0,2,5948.96,0,0.8091,0
1,1,1,1,0.9773,0,0,0,2918,193,0.8576,0,0,2,18950.08,0,0.8903,0
1,1,1,1,1.0643,0,0,0,1453,143,1.127,0,0,0,18532.73,0,0.9535,0
1,0,1,1,0.9944,0,0,0,1875,107,1.3011,0,0,0,26819.22,0,0.9992,0
1,1,1,1,0.9732,0,0,1,83,1,0.9779,0,0,3,4049.54,0,0.8505,0
0,0,0,0,1.1895,0,0,0,1415,3,0.6393,0,0,6,677.17,1,0.3817,1
1,1,1,1,1.0219,0,0,0,2978,62,1.1136,0,0,0,10489.43,0,0.8691,0
1,0,1,1,0.99,0,0,0,569,74,0.7758,0,0,0,11026.96,0,0.9139,0
1,1,1,1,0.9744,0,0,0,863,144,1.1544,0,0,3,1945.5,0,0.9401,0
1,1,0,1,0.9955,0,0,0,2738,60,0.7736,1,0,2,12256.91,0,0.781,0
1,1,1,1,1.0385,0,0,0,2019,60,0.746,0,0,0,4987.78,0,1.0,0
1,1,1,1,0.9605,0,0,0,1502,90,1.2394,0,0,1,445.43,0,0.8406,0
1,1,1,1,0.9357,0,0,0,3331,83,1.2442,0,1,2,40527.83,0,0.8823,0
1,1,1,1,1.0997,0,0,0,865,43,1.0581,0,0,2,10491.83,0,0.7406,0
1,1,1,1,1.0218,0,0,0,1465,127,1.1854,0,0,3,909.28,0,0.8051,0
1,1,1,1,0.9863,0,0,0,666,13,0.9272,0,0,1,6823.29,0,0.9755,0
1,1,1,1,0.9983,0,0,0,790,18,0.5597,0,0,0,49245.68,0,0.8144,0
1,1,0,1,1.0298,0,0,0,2019,53,0.6234,0,0,0,31496.08,0,0.8649,0
1,1,0,1,1.0063,0,0,0,3646,184,1.0371,0,0,2,4235.85,0,0.7329,0
1,1,1,1,1.0155,0,1,0,3364,18,1.1058,0,0,3,2256.34,0,0.8609,0
1,1,1,1,1.0978,0,0,0,3603,154,0.9375,0,0,1,1987.38,0,0.737,0
1,1,1,1,1.0349,0,0,0,256,67,0.691,0,0,3,21719.31,0,0.7347,0
0,0,1,1,1.3133,0,0,0,1010,9,0.4752,1,1,3,23190.8,0,0.2251,1
0,0,1,1,0.926,0,0,0,2302,178,0.8245,0,0,0,17615.86,0,0.6745,0
1,1,1,1,1.0402,0,0,0,3238,172,1.3292,0,0,3,16982.03,0,0.8802,0
1,1,1,1,0.9508,0,0,0,1662,100,1.0211,0,0,2,2145.92,0,0.746,0
1,1,1,1,0.9816,0,0,1,34,0,1.341,1,0,1,4091.08,0,0.6667,0
1,1,1,1,0.9692,0,0,0,1705,134,1.0093,0,0,2,4398.24,0,1.0,0
1,1,1,1,0.9512,0,0,0,501,163,1.0538,0,0,3,14540.33,0,0.8472,0
1,1,1,1,0.9339,0,0,0,1483,179,0.8949,0,0,3,19657.06,0,0.8184,0
1,1,1,1,1.0499,0,0,0,1340,181,1.2799,0,0,3,1655.44,0,0.8102,0
1,1,0,1,0.9539,0,0,0,3609,165,1.084,0,0,0,4547.41,0,0.8847,0
1,1,1,1,0.9321,0,0,0,2297,169,1.0782,0,0,3,7989.76,0,0.7253,0
1,1,1,1,1.0357,0,0,1,39,0,1.0585,0,0,1,6221.75,0,0.7888,0
1,1,1,1,1.0492,0,0,0,1588,174,0.793,0,0,1,35408.02,0,0.8866,0
1,1,1,1,1.023,0,0,0,1868,48,0.7739,0,0,2,37064.56,0,0.8587,0
1,1,1,1,0.9178,0,0,0,1693,36,0.7044,0,0,1,14647.29,0,0.6956,0
1,1,1,1,1.0207,0,0,1,123,3,0.7647,0,0,1,2625.9,0,0.8686,0
1,1,1,1,1.0006,1,0,0,3514,28,1.3282,0,0,0,6261.8,0,0.7998,0
1,1,1,1,1.017,0,0,0,1039,18,0.666,0,0,0,4412.71,0,0.8701,0
1,1,1,1,1.099,0,0,0,3311,22,0.7116,0,1,3,45597.13,0,0.8476,0
1,1,1,1,1.0006,0,0,0,3344,114,1.1619,0,0,1,5301.19,0,0.8524,0
1,1,1,1,1.0653,0,0,0,1584,123,0.8907,0,0,0,26779.45,0,0.8624,0
1,1,1,1,1.0487,0,0,0,375,50,0.8884,0,0,1,23855.47,0,0.7627,0
1,1,1,1,0.9595,0,0,0,716,25,0.5529,0,0,0,5925.39,0,0.8936,0
1,1,1,1,1.0714,0,0,0,969,152,0.8573,0,0,3,3934.3,0,0.7902,0
1,1,1,1,0.9526,0,0,0,1215,71,0.9359,0,0,3,3700.61,0,0.8239,0
1,1,1,1,0.9669,0,0,0,2863,58,0.8367,0,0,0,2315.31,0,1.0,0
1,1,1,1,1.0701,0,0,0,2021,7,0.8158,0,0,1,45631.08,0,0.7938,0
1,1,1,1,0.9881,0,0,0,1861,36,0.9502,0,0,2,9571.84,0,0.8905,0
1,1,1,1,1.011,0,0,0,3078,51,0.8704,0,0,3,4781.42,0,0.8543,0
1,1,1,1,0.9566,0,0,0,358,124,1.2141,0,0,1,4959.83,0,0.856,0
1,1,1,0,1.0122,0,0,0,1801,172,1.1675,0,0,2,4840.32,0,0.8121,0
1,1,1,1,0.9992,0,0,1,115,5,1.2168,0,0,2,18686.93,0,0.9766,0
1,0,1,1,0.9811,1,0,0,962,151,0.3265,0,0,0,23466.98,0,0.914,0
1,0,1,0,1.316,0,1,0,1480,8,0.8335,1,0,6,36617.54,0,0.6363,1
1,1,1,1,1.0549,0,0,0,1890,159,1.1812,0,1,2,7453.86,0,0.8057,0
1,1,1,1,1.0296,0,0,0,2629,39,0.7067,0,0,1,4600.23,0,0.7186,0
1,1,1,1,0.9648,0,0,0,958,58,0.8748,0,0,2,19128.32,0,0.8344,0
1,1,1,1,0.9228,0,0,0,1861,81,1.7533,0,0,0,19736.7,0,0.9056,0
0,0,1,0,1.0576,0,0,0,2590,131,1.003,0,0,0,19043.96,0,0.9385,0
1,1,1,1,0.9565,0,0,1,177,1,0.6014,1,0,3,534.65,0,0.8054,0
1,1,1,1,1.0499,0,0,0,1894,78,0.5936,0,0,2,13821.76,0,0.9329,0
1,1,1,1,0.9586,0,0,0,2159,177,0.9544,0,0,0,2874.9,0,0.7348,0
1,1,1,1,1.0285,0,0,0,2378,184,1.015,0,0,0,3381.4,0,1.0,0
1,1,1,1,0.9652,0,0,0,3479,133,1.2261,1,0,3,1505.97,0,0.9042,0
1,1,0,1,1.0126,0,0,0,3055,146,1.2362,0,0,3,2166.23,0,1.0,0
1,1,1,1,1.014,0,0,1,92,2,1.347,0,0,2,45764.18,0,0.8193,0
1,1,1,1,1.0159,0,0,0,3279,56,0.6864,0,0,1,22614.43,0,0.898,0
1,1,1,1,1.0484,0,0,1,162,0,0.9807,0,0,3,39870.73,0,0.8811,0
1,1,1,1,1.0687,0,0,0,2833,145,1.1449,0,0,3,13724.74,0,0.9257,0
1,1,1,1,0.9266,0,1,0,1003,148,1.7952,0,0,2,14913.97,0,0.8425,0
1,1,1,1,0.9904,0,0,0,1563,54,1.1491,0,0,2,19538.46,0,0.7093,0
1,1,1,1,1.117,0,0,0,3335,118,0.6023,0,0,0,2019.1,0,0.7801,0
1,1,1,1,0.9368,0,0,0,2153,55,1.5807,0,0,3,8149.59,0,0.8602,0
1,1,1,1,0.9725,0,0,0,1801,147,1.1705,0,0,1,26585.16,0,0.9065,0
1,1,1,1,1.0408,0,0,0,1763,176,1.0748,0,0,1,44034.3,0,0.9197,0
1,1,1,1,1.0839,0,0,0,997,26,1.0246,1,0,1,5229.36,0,0.8836,0
1,1,1,1,1.0246,0,0,1,95,4,1.2887,0,0,0,13420.57,0,0.8012,0
1,1,1,1,0.9897,0,0,1,83,0,0.9637,0,0,2,3469.22,0,0.8016,0
1,1,1,1,0.9768,0,0,0,2135,18,1.2628,0,0,1,27012.86,0,0.766,0
0,0,1,1,0.9996,0,0,1,79,3,0.7156,0,0,1,30910.9,0,0.7603,0
1,1,1,1,1.0578,0,0,0,2709,152,0.6172,0,0,0,1498.26,0,1.0,0
1,1,1,1,1.0411,0,0,0,3106,31,0.3972,1,0,1,3544.78,0,0.6932,0
1,1,1,1,0.9894,0,0,0,542,126,0.9648,0,0,0,4701.98,0,0.9122,0
1,0,1,1,1.0448,0,0,0,3027,42,0.5697,0,0,3,12616.94,0,0.7813,0
1,1,1,1,1.051,0,0,0,1925,108,0.8909,0,0,1,9397.8,0,0.8024,0
0,0,0,1,0.8825,0,0,0,545,29,1.411,0,1,5,29146.34,0,0.4189,1
1,1,0,1,0.9671,0,0,0,1604,149,1.0009,0,0,2,3648.15,0,0.8296,0
1,1,0,1,1.0776,0,0,0,2479,84,0.8203,0,0,1,3405.71,0,0.844,0
1,1,1,1,0.9837,0,0,0,3586,29,0.985,0,0,3,9487.77,0,0.9127,0
1,1,1,1,0.9707,0,0,0,331,151,0.6241,0,1,1,26751.54,0,0.8183,0
0,0,1,1,1.1475,1,0,0,545,4,0.9978,0,0,3,20532.65,0,0.4998,1
1,1,1,1,1.0271,0,0,0,1306,52,1.2037,0,0,0,1277.51,0,0.7894,0
1,1,1,1,1.0204,0,0,0,2905,21,0.8291,0,0,3,8099.92,0,0.7808,0
1,1,1,1,1.0444,0,0,0,3105,46,0.7955,0,0,1,16492.29,0,0.8636,0
1,1,1,1,0.9652,0,0,0,3349,163,1.3857,0,0,0,4805.99,0,0.7989,0
1,1,1,1,1.016,0,0,0,2750,114,0.3303,0,0,1,88.57,0,0.7941,0
0,0,1,1,0.901,0,0,0,1028,21,0.8667,0,0,0,17070.81,0,0.9187,0
1,1,1,1,1.099,0,0,0,3079,66,0.8694,0,0,1,57188.57,0,0.8967,0
1,1,1,1,0.9942,0,0,0,1049,37,1.48,0,0,2,1253.46,0,0.778,0
0,0,1,1,0.9847,0,0,0,1867,178,0.8742,0,0,0,11928.33,0,0.9177,0
1,1,1,1,1.0688,0,0,0,2541,108,0.8523,1,0,0,4551.79,0,0.7694,0
1,1,0,1,1.0065,0,0,0,1029,160,1.4032,0,0,2,1660.17,0,0.7259,0
1,1,1,1,1.0336,0,0,0,1993,93,0.9018,0,0,2,5308.7,0,0.7656,0
1,1,1,1,1.0801,0,0,0,783,131,0.7144,0,0,3,16139.87,0,0.8754,0
1,1,1,1,1.032,0,0,0,523,139,0.9486,0,0,2,14620.76,0,0.7954,0
1,1,1,1,0.9242,0,0,0,3634,11,0.7919,1,0,3,7641.57,0,0.722,0
1,1,1,1,0.934,0,0,0,3649,24,1.3223,0,0,1,10095.28,0,0.8458,0
0,0,1,1,1.0301,0,0,0,3506,83,1.1604,0,0,2,48644.53,0,0.9618,0
1,1,1,1,0.9976,0,0,0,3052,15,0.4725,1,0,1,5108.88,0,0.6108,0
1,1,1,1,1.0454,0,0,0,2418,151,0.8675,0,0,3,19896.02,0,0.6794,0
1,1,1,1,1.0306,0,0,0,1486,99,1.2899,0,0,2,36340.11,0,0.9015,0
1,1,0,1,1.0451,0,0,0,1979,112,0.8106,1,0,1,2532.44,0,1.0,0
0,0,1,1,0.9847,0,0,0,1349,68,1.0242,0,0,3,1063.15,0,0.9225,0
1,1,1,1,0.9896,0,1,0,3373,12,1.0819,0,0,1,36783.36,0,0.9885,0
1,1,1,1,0.9603,0,0,0,2584,151,1.0897,0,0,3,20300.65,0,0.7702,0
1,1,1,1,0.9892,0,0,0,2167,46,1.6176,0,0,3,9845.69,0,0.9128,0
1,1,1,1,0.9321,0,0,0,3628,96,1.1911,1,0,1,2300.68,0,0.8422,0
1,1,1,1,0.9744,0,1,0,2401,136,0.835,0,0,1,12463.56,0,0.9403,0
1,1,1,1,1.0334,0,0,0,1101,110,0.8817,0,0,1,4038.89,0,0.7329,0
1,1,1,1,0.9645,0,0,0,375,138,1.2382,1,0,3,22534.54,0,0.8444,0
1,1,1,1,1.0036,0,0,0,1142,187,0.7276,0,0,1,6937.49,0,0.79,0
1,1,1,1,1.0346,0,0,0,922,179,0.7961,0,0,1,3188.41,0,0.7837,0
1,1,1,1,0.9833,0,0,0,1261,21,0.9117,0,0,3,22830.72,0,0.9378,0
1,1,1,1,1.0217,0,0,0,3260,60,1.267,0,0,1,11097.28,0,0.8189,0
0,0,1,1,0.9062,0,0,0,513,119,0.6029,0,0,2,14659.57,0,0.8682,0
1,1,1,1,1.0005,0,0,0,2536,61,1.0594,0,0,1,6198.11,0,0.8251,0
1,1,1,1,1.0126,0,0,0,680,57,1.0279,0,0,2,4240.32,0,0.8109,0
1,1,1,1,1.0537,0,0,0,1735,136,1.2724,1,0,1,2995.18,1,0.9393,0
1,1,1,1,0.9949,0,0,0,1224,151,1.5333,0,0,0,12834.45,0,0.844,0
1,1,1,1,1.0309,0,0,0,406,146,1.096,0,0,1,860.07,0,0.7256,0
1,1,1,1,1.0242,0,0,0,2780,11,1.1473,0,0,1,13580.31,0,0.9713,0
1,1,1,1,0.9456,0,0,0,1598,196,1.2837,0,0,1,37927.46,0,0.8695,0
1,1,1,1,0.973,0,0,0,2729,69,1.2168,0,0,2,16907.39,0,0.863,0
1,1,1,1,0.9742,0,0,0,1355,116,1.2126,0,0,3,3263.44,0,0.952,0
1,1,1,1,0.9708,0,0,0,2695,58,0.9671,0,0,0,20447.52,0,0.9185,0
1,1,1,1,1.057,0,0,0,3456,132,1.2759,0,0,0,14368.16,0,0.7133,0
1,1,1,1,1.0054,0,0,0,2260,40,1.1845,0,0,0,1924.85,0,0.8179,0
1,1,0,1,1.0907,0,0,0,857,37,1.3377,0,0,3,5027.63,0,1.0,0
1,0,1,1,0.9788,0,0,1,141,1,0.7716,0,0,1,31719.17,0,0.9699,0
1,1,1,1,1.0317,0,0,0,542,137,0.5165,0,0,3,5279.96,0,0.8806,0
1,1,1,1,1.0663,0,0,0,1498,149,1.101,0,0,1,4858.68,0,0.9245,0
1,1,1,1,1.0172,0,0,0,385,152,1.2297,0,0,1,4551.04,0,0.6579,0
1,1,1,1,1.0135,0,0,0,2338,18,0.4352,0,0,3,29250.61,0,0.6226,0
1,1,1,1,1.056,0,0,1,133,4,0.5305,0,0,2,3906.29,0,0.6703,0
0,0,1,1,1.045,0,0,0,1255,7,0.586,0,0,3,16024.89,0,0.5624,0
1,1,1,1,0.9985,0,0,0,2926,109,0.9229,0,0,2,11723.05,0,0.9016,0
1,1,1,1,0.9596,0,0,0,2312,173,0.5093,0,0,3,17903.87,0,1.0,0
1,1,1,1,0.9756,0,0,0,1283,104,1.2012,0,0,2,18279.92,0,1.0,0
1,1,1,1,0.9351,0,0,0,751,34,1.1192,0,0,0,32518.11,0,0.7432,0
1,1,1,1,1.0234,0,0,0,368,54,1.0109,0,0,2,5758.69,0,0.9312,0
1,1,1,1,0.9566,0,0,0,2644,73,0.8565,0,0,0,1490.57,0,0.9182,0
1,1,1,1,1.0024,0,0,0,2074,133,0.7028,0,0,2,4757.51,0,0.9193,0
0,0,1,1,1.1173,0,0,0,2616,110,1.0515,0,0,3,15401.68,0,0.99,0
1,1,1,1,0.949,0,0,0,1672,83,1.0391,0,0,3,864.64,0,0.91,0
1,1,1,1,1.0121,0,0,0,590,175,0.8927,0,0,0,679.33,0,0.8028,0
1,1,1,1,1.0287,0,0,1,89,0,0.8358,0,0,3,23257.35,0,0.9014,0
1,1,1,1,1.0348,0,0,0,3392,21,0.9412,0,0,0,20410.33,0,0.7797,0
1,1,1,1,0.9984,0,0,0,1132,50,0.8824,0,0,2,68703.66,0,0.8047,0
1,1,1,1,1.039,0,0,0,1076,24,1.1104,0,0,1,12743.01,0,0.9481,0
1,1,1,1,1.1097,0,0,1,82,0,1.36,0,0,2,7449.13,0,0.8395,0
1,1,1,1,1.0297,0,0,0,1641,17,0.9505,0,0,1,33399.99,0,0.8598,0
1,1,1,1,0.9825,0,0,0,2118,102,1.157,0,0,1,19455.05,0,0.9403,0
1,1,1,1,1.002,0,0,0,3288,121,0.8208,0,0,3,1050.61,0,0.9053,0
1,1,1,1,0.9554,0,0,0,2464,137,1.0582,0,0,1,2715.77,0,0.8095,0
0,0,0,1,0.9138,0,1,0,100,35,1.517,0,0,1,26473.07,0,0.6484,1
1,1,1,1,0.9362,0,0,0,1777,137,1.3147,0,0,1,2518.63,0,1.0,0
1,1,1,1,1.0039,0,0,1,62,2,0.7199,0,0,0,89.84,0,0.5757,0
1,1,1,1,0.9709,0,0,0,3109,109,1.6364,0,0,1,25538.92,0,1.0,0
1,1,1,1,0.9668,0,0,0,1205,53,0.2316,0,0,3,1211.02,0,0.8121,0
1,1,1,1,0.9865,0,0,0,2705,123,1.0616,0,0,2,36840.9,0,0.7224,0
0,0,1,1,0.9729,0,0,0,3292,40,1.0302,0,0,0,2518.16,0,0.8484,0
1,1,1,0,0.9077,0,0,0,3272,187,0.8719,0,0,1,25457.37,0,0.9173,0
1,1,1,1,1.0082,0,0,1,61,0,1.355,0,0,0,10117.28,0,0.7798,0
1,1,0,1,1.0239,0,0,0,249,20,2.2387,1,1,4,19916.79,0,0.354,1
1,1,1,1,0.9831,0,0,1,163,2,1.2334,1,0,2,32501.03,0,0.8528,0
1,1,1,1,0.9491,0,0,0,3627,73,1.0685,0,0,2,3711.82,0,0.7521,0
1,1,1,1,0.9394,0,0,0,787,43,0.7735,0,0,1,2228.18,0,0.8044,0
1,1,1,1,1.0175,0,0,0,3620,140,0.7783,0,0,2,696.19,0,0.7143,0
0,0,1,1,0.9553,0,0,0,2320,165,0.9664,0,0,3,6475.48,0,0.8764,0
1,1,1,1,1.1027,0,1,0,3322,114,1.0216,0,0,0,8978.84,0,0.7778,0
0,0,1,1,1.0618,0,0,0,3495,62,1.1275,0,0,3,7688.05,0,0.9475,0
1,1,1,1,1.0698,0,0,0,248,126,1.1193,1,0,1,4477.46,0,0.8323,0
1,1,1,1,1.0456,0,0,0,3489,171,1.2111,0,0,3,11584.31,0,0.7495,0
1,1,1,1,1.0641,0,0,0,2092,166,0.2151,0,0,2,5918.57,0,0.6951,0
1,1,1,1,0.9774,0,0,0,883,41,0.825,0,0,2,21549.33,0,0.6959,0
1,1,1,1,0.9522,0,1,0,2209,95,0.7172,0,0,1,12952.24,0,0.8373,0
1,1,1,1,0.9123,0,0,1,48,0,0.6278,0,0,0,5094.08,0,0.827,0
1,1,1,1,1.0109,0,0,0,702,95,1.4731,0,0,0,3.71,0,1.0,0
1,1,1,1,1.0137,0,0,0,3231,49,1.0761,0,0,0,4276.62,0,0.8821,0
1,1,1,1,0.9795,0,0,0,1050,114,1.0122,0,0,0,4921.62,0,0.932,0
1,1,1,1,0.9376,0,0,0,608,158,1.1542,0,0,0,9481.47,0,0.6187,0
0,0,1,1,0.9782,0,0,1,97,4,0.8673,0,0,0,9209.11,0,0.8955,0
1,1,1,1,0.975,0,0,0,2632,5,1.1366,0,0,1,9054.68,0,0.8349,0
1,1,1,1,1.0671,0,0,0,1971,12,1.4089,0,0,2,590.8,0,0.8873,0
1,1,1,1,1.0634,0,0,0,1982,178,1.1504,0,0,2,14881.35,0,0.7756,0
1,1,1,1,0.9984,0,0,0,2843,149,1.1334,0,0,0,5278.77,0,0.8851,0
1,1,1,1,1.0104,0,0,0,1375,67,0.849,0,0,0,13660.71,0,0.9914,0
1,1,1,1,1.0094,0,0,0,1033,81,1.0326,0,0,0,6114.19,0,0.9343,0
1,1,1,1,0.956,0,0,1,45,5,1.4943,0,0,0,20804.5,0,0.9002,0
1,1,1,1,0.9599,0,0,0,1290,63,1.5546,0,0,1,2123.08,0,0.7869,0
1,1,1,1,1.0186,0,0,0,2238,160,0.8202,0,0,1,10974.8,0,0.7871,0
1,1,1,1,1.0781,0,0,1,112,3,0.9646,1,0,1,1000.93,0,0.9261,0
1,1,1,1,1.0223,0,0,0,517,85,0.8879,0,0,3,1698.87,0,0.9885,0
1,1,1,1,1.0469,0,0,0,3174,142,1.0618,1,0,2,2509.73,0,1.0,0
1,0,0,1,1.022,0,0,0,888,17,0.6065,0,0,0,26610.14,0,0.7455,0
1,1,1,1,1.0063,0,0,0,880,63,0.436,0,0,3,11780.46,0,0.8816,0
1,1,1,1,0.9927,0,0,0,3222,128,1.1953,0,0,0,3038.06,0,0.7205,0
1,1,1,1,1.0301,0,0,0,275,187,0.775,0,0,2,9621.39,0,0.9049,0
1,1,1,1,0.9786,0,0,0,3379,96,0.8053,0,0,3,37995.55,0,0.7495,0
1,1,1,1,0.981,0,0,0,2553,154,0.5192,0,0,0,3582.71,0,0.6981,0
1,1,1,1,0.9209,0,0,0,1828,94,0.8414,0,0,3,2073.95,0,0.7373,0
1,1,1,1,0.9961,0,0,0,3354,128,0.7641,0,0,1,16970.5,0,0.8046,0
1,1,1,1,0.9935,0,0,0,714,87,0.9559,0,0,0,8699.55,0,0.926,0
1,1,1,1,0.9042,0,0,0,2603,163,0.9362,0,0,0,5947.51,0,0.8896,0
1,1,1,1,0.9627,0,0,0,1163,60,0.9002,0,0,2,6314.81,0,0.816,0
1,1,1,1,1.0103,0,0,0,3249,83,1.0147,0,0,3,43423.91,0,0.7992,0
1,1,1,1,1.0369,0,0,0,803,177,0.7004,1,0,0,163.72,0,0.8111,0
1,1,1,0,0.9521,0,0,1,169,0,0.8093,0,0,2,16750.06,0,0.7779,0
1,1,1,0,0.9731,0,0,0,2154,57,0.366,1,0,3,7589.29,0,0.9741,0
1,1,1,1,0.9441,0,0,0,3303,185,1.0674,0,0,1,32261.94,0,0.8707,0
1,1,1,1,0.9442,0,0,0,1984,55,1.0501,0,0,2,5631.04,0,0.8771,0
0,0,0,1,1.0453,0,0,0,2454,164,0.8279,0,0,2,6078.79,0,0.9789,0
1,1,1,1,0.9385,0,0,0,3345,155,1.3643,0,0,3,9459.75,0,0.733,0
1,1,1,1,1.0447,0,0,0,1811,153,1.2949,0,0,1,1764.48,0,1.0,0
1,1,1,1,0.911,0,0,0,1150,53,0.9394,0,0,3,782.41,0,0.7471,0
1,1,1,1,0.9601,0,0,1,59,2,0.6572,0,0,3,11573.42,0,0.9238,0
1,1,0,1,1.4637,0,0,1,12,1,4.1673,0,0,3,92365.93,0,0.4586,1
1,1,1,1,1.0427,0,0,0,2954,159,0.9318,0,0,2,8609.12,0,0.924,0
1,1,1,1,0.9689,0,0,0,372,126,1.3031,1,0,2,3968.95,0,0.9536,0
1,1,1,1,1.0183,0,0,0,662,82,1.4574,1,0,1,16423.82,0,0.9227,0
1,1,0,1,0.8709,0,0,0,186,73,1.4039,0,0,0,39839.76,0,0.7959,0
1,1,1,1,0.9991,0,0,1,67,3,1.7269,0,0,1,52880.14,0,0.7825,0
1,1,1,1,0.993,0,0,0,3348,61,1.0432,0,0,3,5590.63,0,0.7915,0
0,0,1,1,0.9886,0,0,0,2395,21,0.7156,0,0,2,7322.81,0,0.6692,0
0,0,1,1,0.9609,0,0,0,563,19,1.6308,0,0,1,5909.76,0,0.935,0
1,1,1,1,1.0691,0,0,0,3055,74,0.6479,0,0,0,8545.25,0,0.8825,0
1,1,1,1,1.0221,0,0,0,1501,196,0.9916,0,0,0,11864.45,0,0.8117,0
1,1,1,1,0.8715,0,0,1,36,1,0.965,0,0,1,2156.57,0,0.9501,0
1,0,1,1,0.9877,0,0,0,2656,199,1.0988,0,0,1,3771.89,0,0.9416,0
1,1,1,1,0.8774,0,0,0,1338,71,0.879,0,0,2,8561.2,0,0.7862,0
0,0,1,1,0.9587,0,0,0,2470,194,1.2767,0,1,2,35209.22,0,0.7506,0
1,1,1,1,1.077,0,0,0,923,49,1.1193,0,0,1,33122.53,0,0.7793,0
1,1,1,1,0.9974,0,0,0,2591,36,1.3905,0,0,3,8143.25,0,0.9666,0
1,1,1,1,1.0068,0,0,0,981,11,0.6673,0,0,1,6533.99,0,0.8375,0
1,1,1,1,0.9715,0,0,0,1472,116,1.2457,0,0,3,1278.03,0,1.0,0
1,1,1,1,0.9339,0,0,0,2838,107,1.1404,0,0,0,24.73,0,0.8122,0
1,1,1,1,0.9941,0,0,0,3334,106,1.1339,0,0,1,15525.41,0,0.8985,0
1,1,1,1,1.0718,0,0,0,2958,122,1.0741,0,0,3,24746.1,0,0.8887,0
1,1,1,1,1.0183,0,0,0,3026,97,0.8772,0,0,1,28988.32,0,0.7346,0
0,0,1,1,1.0423,0,0,0,822,94,0.8406,0,0,1,14995.32,0,0.8684,0
1,1,1,1,1.028,0,0,0,1131,75,0.9558,0,0,3,7740.16,0,0.8045,0
0,0,1,1,0.9109,0,0,0,1663,134,0.5249,0,0,2,54806.21,0,0.7698,0
1,1,1,1,1.0761,0,0,0,527,192,0.8661,0,0,0,35036.65,0,0.7983,0
1,1,1,1,0.9733,0,0,0,1539,119,0.9959,0,0,2,15650.8,0,0.7899,0
1,1,1,1,1.068,0,0,0,1786,95,0.8517,0,0,2,50120.05,0,1.0,0
1,1,0,1,1.0144,0,0,1,105,0,0.9363,1,0,3,32256.83,0,0.8249,0
1,1,1,1,0.9441,0,0,0,1372,130,1.0977,0,0,2,14352.2,0,0.8149,0
1,1,1,1,0.9932,0,0,0,909,82,1.2119,0,0,1,7004.75,0,0.9318,0
1,0,1,1,0.9847,0,0,0,2616,168,1.2673,0,0,1,11067.25,0,0.8461,0
1,1,1,1,0.9764,0,0,0,1434,105,1.2159,0,0,3,6993.8,0,0.8815,0
1,1,1,1,1.0139,0,0,0,934,116,0.7333,0,0,3,21885.12,0,0.9961,0
1,1,1,1,1.0734,0,0,0,247,117,1.1307,0,0,1,10310.27,0,0.8183,0
1,1,1,1,0.9862,0,0,0,2879,43,0.5728,0,0,2,5675.67,0,0.9219,0
1,1,1,1,0.9999,0,0,0,2512,164,0.8761,1,0,2,2684.1,0,0.8833,0
1,1,1,1,1.03,0,0,0,254,174,0.6325,0,0,2,714.39,0,0.6845,0
1,1,0,1,0.9703,0,0,0,1817,71,1.5034,0,0,3,14578.97,0,0.9148,0
1,1,1,1,1.0491,0,0,0,2105,31,0.6419,0,0,2,1839.31,0,0.819,0
1,1,1,1,0.9904,0,0,0,3298,10,0.9341,0,0,3,14031.12,0,0.7185,0
1,1,1,0,0.9286,0,0,0,2193,102,0.8649,0,0,1,7291.16,0,0.9,0
1,1,1,1,1.051,0,0,0,758,170,1.1176,1,0,0,34090.81,0,0.938,0
1,1,1,1,0.9876,0,0,0,552,115,0.6098,1,0,0,47682.87,0,0.8596,0
1,1,1,1,1.0329,0,0,0,746,71,0.2244,0,0,2,8829.06,0,0.8075,0
1,1,0,1,1.2741,0,1,0,1994,44,1.7104,1,1,6,119422.86,1,0.908,1
0,0,1,1,0.9965,0,0,0,475,58,0.3939,0,0,2,3121.69,0,0.7442,0
1,1,1,1,0.9527,0,0,0,1559,133,0.6655,0,0,3,29962.57,0,0.7802,0
1,1,1,1,0.9702,0,0,0,1155,19,0.8158,0,0,2,5943.78,0,0.937,0
1,1,1,1,1.0269,0,0,0,1497,185,0.9283,0,0,3,7976.04,0,1.0,0
0,0,1,1,1.0274,0,0,0,1973,143,1.27,0,0,1,6234.7,0,0.9565,0
0,0,1,1,0.9344,0,0,0,1439,9,0.9507,0,0,1,2756.98,0,0.8814,0
1,1,1,1,0.9968,0,0,0,2239,185,0.6457,0,0,0,18227.1,0,0.9479,0
1,1,1,1,0.9786,0,0,1,129,2,1.1814,0,0,0,18765.7,0,0.8929,0
1,1,1,1,0.9544,0,0,0,3488,189,0.8082,0,0,1,13520.69,0,1.0,0
0,0,0,1,0.9852,0,0,0,996,152,1.1043,0,0,0,13147.23,0,0.7813,0
1,1,0,1,1.2836,0,1,1,52,32,0.5957,0,1,4,10082.6,1,0.7435,1
1,1,1,1,0.8788,0,0,0,2188,156,1.3093,0,0,0,2121.28,0,0.9807,0
1,1,1,1,0.9681,0,0,0,1309,144,1.5976,0,1,0,13868.18,0,0.7662,0
1,1,1,0,1.0245,0,0,0,203,81,0.4979,0,0,0,21475.29,0,0.7769,0
1,1,1,0,0.9775,0,0,0,1398,52,0.7442,0,0,0,7488.19,0,0.9351,0
0,0,1,1,0.9339,0,0,0,3345,133,1.2062,0,0,3,14733.1,0,0.8064,0
1,1,1,1,0.957,0,0,1,169,5,1.189,0,0,1,14105.61,0,0.8446,0
1,1,1,0,1.0371,0,0,0,1757,89,1.4976,0,0,3,18204.79,0,0.8945,0
1,1,1,1,1.0173,0,0,0,3175,161,0.9886,0,0,3,49266.23,0,0.9201,0
1,1,1,1,1.0289,0,0,0,3433,147,0.6781,0,1,3,21179.39,1,0.7946,0
1,1,1,1,1.037,0,0,1,161,0,0.5962,0,0,1,4473.74,0,0.8093,0
1,1,1,0,0.9259,0,0,0,3157,49,1.2977,0,0,0,3788.12,0,0.8112,0
1,1,1,1,1.0027,0,1,0,737,87,1.4506,0,0,2,10502.41,0,0.8821,0
1,1,1,1,0.9909,0,0,1,85,5,0.6704,0,0,2,20563.39,0,0.7851,0
1,1,1,1,0.9914,0,1,0,1943,123,0.8822,0,0,0,15345.03,0,0.9124,0
1,1,1,1,1.0436,0,0,0,1379,197,1.0905,0,0,1,85737.76,0,0.8788,0
1,0,1,1,1.1295,0,0,1,78,0,1.9363,0,0,8,59469.82,1,0.3508,1
1,0,1,1,1.0764,0,0,0,2157,160,0.7613,0,0,2,36591.06,0,0.8727,0
1,1,1,1,1.0129,0,0,0,1554,66,1.0879,0,0,1,3811.15,0,1.0,0
1,0,1,1,1.0902,0,0,0,896,189,1.1163,0,0,2,64285.99,0,0.9538,0
0,0,0,0,1.333,0,0,0,1264,40,0.742,1,1,3,63352.9,0,0.5716,1
1,1,1,1,1.0797,0,0,0,2733,113,1.3863,0,0,0,9183.86,0,0.816,0
1,1,1,1,0.9991,0,0,1,168,4,1.4596,0,0,1,1107.43,0,0.6693,0
1,1,1,1,0.934,0,0,0,3191,176,1.435,0,0,2,23396.19,0,0.8874,0
1,1,1,1,1.0845,0,0,0,714,97,1.0647,0,0,2,13086.01,0,0.9733,0
1,1,1,1,0.9827,0,0,0,492,190,1.3799,0,0,3,1708.31,0,0.6384,0
1,0,0,1,0.9787,0,0,0,1193,42,0.9242,0,0,3,37334.03,0,0.835,0
1,1,1,1,0.9972,0,0,0,1263,169,0.9212,0,0,2,3984.93,0,0.7415,0
1,1,0,1,0.9728,0,0,0,1943,71,1.6355,0,0,2,14836.26,0,0.7648,0
1,1,1,1,1.0339,0,0,0,1112,147,0.8368,0,0,3,5736.49,0,0.9119,0
1,1,1,1,0.9712,0,0,0,2696,97,1.3613,0,0,3,31546.44,0,0.832,0
0,0,1,1,0.954,0,0,0,3273,60,0.6864,0,0,3,2911.27,0,0.8489,0
1,1,1,1,1.0607,0,0,0,1035,110,0.85,0,0,1,23991.43,0,0.9299,0
1,1,1,1,0.9512,0,0,0,1111,60,1.2628,0,0,2,8016.16,0,0.5496,0
1,1,1,1,0.9959,0,0,0,2174,57,0.7985,0,0,2,18702.59,0,0.7938,0
1,1,1,1,0.97,0,0,0,3233,60,1.1034,0,0,2,1363.35,0,0.7118,0
1,1,1,1,1.0531,0,0,0,1496,110,1.6821,0,0,1,39865.79,0,0.8753,0
1,1,1,1,0.9834,0,0,0,505,150,1.4729,0,0,0,19681.39,0,0.9758,0
1,1,1,1,1.058,0,0,0,1612,122,0.7311,0,0,1,32922.46,0,0.8443,0
1,1,1,1,0.9248,0,0,0,3020,65,0.8773,0,0,0,19185.18,0,0.835,0
1,1,1,1,0.9919,0,0,0,1529,30,1.3241,0,0,2,6600.66,0,0.9145,0
1,1,1,1,0.9839,0,0,0,1003,77,1.0234,0,0,0,7111.9,0,0.9155,0
1,1,1,1,0.9819,0,0,1,122,0,1.0099,0,0,1,28237.81,0,0.7669,0
1,1,1,1,0.9787,0,0,0,711,63,0.7321,0,0,3,6339.11,0,0.9057,0
1,0,1,1,1.0368,0,0,0,2888,188,0.4208,0,0,1,39375.72,0,0.8997,0
1,1,1,1,0.8884,0,0,0,778,46,0.5153,0,0,2,43840.01,0,0.8952,0
1,1,1,1,0.9578,0,0,0,277,171,0.8034,0,0,0,15708.28,0,0.9326,0
1,1,1,1,1.0236,0,0,0,1314,97,1.0232,0,0,3,11308.19,0,0.9824,0
1,1,1,1,1.031,0,0,0,2127,49,1.2206,0,0,2,24246.09,0,0.8446,0
1,1,1,1,1.0858,0,0,0,3312,104,0.9641,0,0,2,6386.65,0,0.8402,0
1,1,1,1,0.9159,0,0,0,3600,142,1.0176,0,0,0,17119.91,0,0.7167,0
1,1,1,1,1.0429,0,0,0,3420,146,0.7796,0,0,1,57896.95,0,0.9124,0
1,1,1,1,1.0986,0,0,0,2580,189,0.4649,0,0,3,5313.54,0,0.7821,0
1,1,1,1,0.9383,0,0,0,3009,51,1.028,0,0,2,915.14,0,0.7841,0
1,1,1,1,0.9884,1,0,0,1925,113,0.2,0,0,3,16840.45,0,0.7847,0
1,1,1,1,1.0361,0,0,0,1351,160,0.9704,0,0,3,8937.14,0,0.7635,0
1,1,1,0,1.057,0,0,0,548,82,0.825,0,0,0,4927.15,0,0.7744,0
1,1,1,1,0.9638,0,0,0,2760,69,0.9652,0,0,1,7497.38,0,0.9104,0
1,1,1,1,1.0163,0,0,0,1066,103,0.8238,0,0,2,2508.71,0,1.0,0
1,1,1,1,1.0386,0,0,0,3143,61,0.9086,0,0,0,53497.84,0,0.7028,0
1,1,1,1,0.9937,0,1,0,3539,84,0.8537,0,0,0,27744.63,0,0.76,0
1,1,1,1,0.9276,0,0,0,1970,141,0.8945,0,0,1,10345.6,0,0.7458,0
1,1,0,1,1.0727,0,0,0,3286,156,0.714,0,0,0,4309.93,0,0.8906,0
1,1,1,1,0.9901,0,0,0,3149,38,1.3044,0,0,0,10676.62,0,0.8465,0
1,1,0,1,1.009,0,0,0,3134,27,1.057,0,0,2,1593.85,0,0.8633,0
1,1,1,1,1.0255,0,0,0,355,61,0.6855,0,0,3,365.55,0,0.7508,0
0,0,0,0,1.0123,0,0,0,960,36,1.2153,1,0,5,21068.38,0,0.2546,1
1,1,1,1,0.907,0,0,0,235,149,1.0856,0,0,1,8684.63,0,0.5776,0
1,1,1,1,1.0095,0,0,1,111,1,0.8446,0,0,0,33562.0,0,0.9956,0
1,1,1,1,0.9823,0,0,0,1862,133,1.1741,0,0,1,5493.37,0,0.8558,0
0,0,1,0,0.9721,0,0,0,3260,106,1.1603,0,0,0,18143.54,0,0.9086,0
1,1,1,1,1.0584,0,0,0,475,86,0.5467,0,0,1,35088.4,0,0.7511,0
1,1,1,1,0.9594,0,0,1,145,2,0.9186,0,0,3,19509.97,0,0.6578,0
1,1,1,1,0.9966,0,0,0,2708,33,1.0152,0,0,3,7052.06,0,0.7659,0
1,1,1,1,1.0024,0,0,1,101,5,0.9298,0,0,0,10876.71,0,0.7365,0
1,1,1,1,1.0265,1,1,0,1032,22,1.9194,0,0,0,28200.74,0,0.6684,1
1,1,0,1,1.084,0,0,0,1979,32,0.9789,0,0,3,15213.27,0,0.7256,0
1,1,0,1,1.032,0,0,0,1549,197,1.2334,0,0,0,7737.87,0,0.7877,0
1,1,1,1,0.9732,0,0,0,3038,179,1.4201,0,0,3,6531.91,0,0.8355,0
1,1,1,1,1.0932,0,0,0,1180,13,1.0008,0,0,2,11066.96,0,0.596,0
1,1,1,1,1.0021,0,0,0,1153,144,0.9492,0,0,3,11313.47,0,0.881,0
1,1,1,1,0.9889,0,0,0,2522,17,1.3125,0,0,2,3399.16,0,0.7693,0
1,1,1,1,1.1338,0,0,0,2575,17,1.2344,0,0,0,1854.49,0,0.8388,0
1,1,1,1,0.9591,0,0,0,3639,74,0.8817,0,0,0,15611.54,0,0.8761,0
1,1,1,1,1.0112,0,0,0,2400,87,1.1273,0,0,3,389.03,0,0.9419,0
1,1,0,1,0.9741,0,0,0,1266,168,0.9032,1,0,0,46270.3,0,0.8187,0
1,1,1,0,0.9861,0,0,0,2003,43,1.4894,0,0,1,30935.48,0,0.9574,0
1,1,0,1,1.0623,0,0,0,335,110,1.08,0,0,1,4006.96,0,0.9261,0
1,1,1,1,1.04,0,0,0,2770,124,0.819,0,0,3,10670.55,0,0.7033,0
1,1,1,1,1.0036,0,0,0,3574,157,1.0754,1,0,0,2015.72,0,0.9044,0
1,1,1,1,1.0244,0,0,0,584,115,1.128,0,0,2,6902.89,0,0.9809,0
1,1,0,1,1.0847,0,0,0,3229,101,0.9219,0,0,0,33166.79,0,0.7986,0
1,1,1,1,1.005,0,0,0,670,85,1.3044,0,0,2,3099.16,0,0.8736,0
1,0,1,1,0.85,0,0,0,2642,27,0.9192,0,0,1,551.89,0,0.6432,0
1,1,1,1,0.9473,0,0,0,397,20,0.7667,0,0,0,5868.06,0,0.7112,0
1,1,0,1,0.8568,0,0,0,2931,27,1.5772,0,0,2,11882.56,0,0.8222,0
1,1,1,1,1.1929,0,1,0,1668,25,1.3689,0,1,2,34727.07,0,0.6622,1
1,1,1,0,1.108,0,0,0,2247,113,0.9802,0,1,0,7346.49,0,0.8022,0
1,1,1,1,1.0337,0,0,0,3477,191,1.0129,0,0,0,28056.93,0,1.0,0
1,0,1,1,0.9827,0,0,0,1452,193,0.8092,0,0,2,10730.0,0,0.8369,0
1,1,1,1,0.9903,0,0,0,2839,17,1.163,0,0,0,4565.67,0,1.0,0
1,1,1,1,1.0442,0,0,1,42,5,0.5663,0,0,3,1130.71,0,0.8757,0
1,1,1,1,1.0072,0,0,0,1755,173,1.4037,0,0,0,2254.29,0,0.7189,0
0,0,1,1,0.9244,0,0,0,2591,109,1.4446,0,0,3,47282.9,0,0.9955,0
1,1,1,1,1.0117,0,0,1,155,5,1.2861,0,0,3,13793.01,0,0.6792,0
1,1,1,1,1.2159,0,0,0,1058,38,0.3,1,1,5,23452.23,0,0.556,1
1,1,1,1,0.9894,0,0,0,902,144,1.2408,0,0,3,11709.0,0,0.8376,0
1,1,1,1,1.0751,0,0,0,1283,20,1.0346,0,0,2,27379.81,0,0.9662,0
1,1,1,1,1.0702,0,0,0,3068,105,0.733,0,0,1,13833.98,0,0.9263,0
1,1,1,1,0.9799,0,0,0,1451,73,0.6797,0,0,1,43696.43,0,1.0,0
1,1,1,1,1.0471,0,0,1,135,5,0.9356,0,0,2,4539.49,0,0.9217,0
1,1,1,1,0.9777,0,0,0,2777,17,0.8077,0,0,3,3471.52,0,0.7435,0
1,1,1,1,1.0051,0,0,1,106,5,0.4597,0,0,2,12341.67,0,0.9056,0
1,1,1,1,0.9705,0,0,0,1733,30,0.9036,0,0,3,2639.27,0,0.8792,0
1,1,1,1,1.0961,0,0,0,1878,61,0.7823,0,0,3,2973.61,0,0.7521,0
1,1,1,1,0.9871,0,0,0,561,40,1.2923,0,0,0,62492.37,0,0.7351,0
1,1,1,1,1.0777,1,0,1,70,2,2.1506,1,0,1,13371.87,0,0.5322,1
1,1,1,1,0.9665,0,0,0,2902,51,0.7954,0,0,3,17620.07,0,0.8457,0
1,1,1,1,1.0084,0,0,0,1065,156,1.1839,0,0,0,16665.17,0,0.9126,0
0,0,0,1,1.1172,0,0,0,2918,19,0.764,0,0,1,59864.47,0,0.8629,0
1,1,1,1,1.02,0,0,0,3630,137,1.1342,0,0,3,2130.75,0,0.7433,0
1,1,1,1,1.0042,0,0,0,1861,72,1.0561,0,0,2,31643.01,0,0.8661,0
0,0,1,1,1.0406,0,0,0,2476,113,1.223,0,0,1,39528.52,0,0.9549,0
1,1,0,1,0.9684,0,0,0,2267,173,1.7332,0,0,3,26400.36,0,0.8871,0
1,1,1,1,1.0054,0,0,0,2212,10,0.7883,0,0,2,9429.01,0,0.9324,0
1,1,1,1,1.0729,0,0,0,2636,37,1.2748,1,0,3,29328.87,0,0.7383,0
1,1,1,1,1.0182,1,0,0,258,188,1.0746,0,0,3,4207.3,0,0.7307,0
1,1,1,1,0.9695,0,0,0,3245,185,1.1337,0,0,1,16340.05,0,0.8226,0
1,1,1,1,1.0491,0,0,0,318,10,0.2767,0,0,3,7635.47,0,0.8995,0
1,1,1,0,1.0234,0,0,0,813,19,1.758,0,0,1,7593.02,0,0.8946,0
1,1,1,1,1.0153,0,0,0,2866,141,1.493,0,0,2,3257.75,0,0.874,0
1,1,0,1,2.1884,0,0,1,67,1,1.4586,1,0,0,10055.67,0,0.4967,1
1,1,0,1,1.1047,0,0,0,3626,51,0.8153,0,0,3,9901.41,0,0.8988,0
1,1,1,1,1.0227,0,0,0,1941,111,1.199,0,0,3,2281.71,0,0.7166,0
1,1,1,1,0.9588,0,1,0,2783,180,0.8279,0,0,1,37996.33,0,1.0,0
1,1,0,1,1.2832,0,1,0,60,0,1.8182,0,1,7,6565.97,0,0.7129,1
1,1,1,1,1.013,0,0,0,1179,33,2.0247,1,1,5,5928.04,0,0.4724,1
1,0,1,1,1.0691,0,0,1,37,0,0.4033,0,0,0,5881.6,0,0.8481,0
1,1,1,1,1.024,0,0,0,2090,104,0.9892,0,0,2,2995.83,0,0.7275,0
1,1,1,1,0.9933,0,0,1,145,3,1.6213,0,0,3,7577.72,0,0.8711,0
1,1,1,1,1.15,0,0,0,2142,83,0.8414,0,0,2,3750.81,0,0.7956,0
0,0,1,1,0.9798,0,0,0,1414,59,1.5526,0,0,3,12626.2,0,0.8439,0
1,1,1,1,1.0808,0,0,0,2139,68,0.8406,0,1,0,20775.91,0,0.7546,0
1,1,1,1,1.0241,0,0,0,3327,44,1.0142,0,0,2,247.34,0,0.8768,0
1,1,1,1,0.974,0,0,0,2418,57,0.6371,0,0,2,2178.68,0,0.8709,0
1,1,1,1,1.0197,0,0,0,3428,109,0.5926,0,0,0,9461.79,0,0.9634,0
1,1,1,1,1.0276,0,0,0,3400,77,1.044,0,0,1,1894.28,0,0.9585,0
1,1,1,1,0.9908,0,0,0,3338,39,0.831,0,0,0,55640.65,0,0.9671,0
1,1,1,1,1.0036,0,0,0,1762,186,1.2734,0,0,1,11331.91,0,0.914,0
1,1,1,1,0.898,0,0,0,2628,158,0.7376,0,0,3,6044.38,0,0.778,0
1,0,1,1,0.9241,0,0,0,2079,190,0.7063,0,1,0,9662.6,0,0.7903,0
1,1,1,1,0.9551,0,0,0,978,175,1.0105,0,0,3,26989.37,0,0.6864,0
1,1,1,1,0.917,0,0,0,3219,141,1.3782,0,0,0,6333.03,0,0.7399,0
1,1,0,1,1.0688,0,0,0,2986,132,0.7317,0,0,0,336.91,0,0.8524,0
0,0,1,1,1.0284,0,0,0,2350,52,1.2139,0,0,3,27939.32,0,0.6483,0
1,1,1,1,1.0179,0,0,0,3158,34,0.7841,0,0,0,8978.82,0,0.9582,0
1,1,1,1,1.0832,0,0,0,1827,145,0.903,0,0,2,5223.72,0,1.0,0
1,1,1,1,1.0259,0,0,0,2367,106,1.3232,0,0,3,13623.48,0,0.8865,0
1,1,1,1,1.0048,0,0,0,834,41,1.2465,0,0,0,9652.37,0,0.8473,0
1,1,1,1,1.0497,0,0,0,1446,94,0.5005,0,0,3,14467.73,0,0.8042,0
1,1,1,1,0.9781,0,0,0,3594,161,1.3789,0,0,3,8007.57,0,0.6912,0
1,1,0,1,1.0029,0,0,0,1233,133,1.4179,0,0,3,30563.99,0,0.8041,0
1,1,1,1,1.026,0,0,0,3206,44,1.0765,0,0,2,152.8,0,0.7048,0
1,0,1,1,1.0735,0,0,0,1918,155,1.0756,0,0,3,5943.93,0,0.9401,0
1,1,0,1,0.9488,0,0,0,2965,24,0.4855,0,1,1,28445.1,0,0.9141,0
1,1,1,1,0.9637,0,0,0,467,146,0.6556,0,0,1,15005.93,0,0.5594,0
1,1,1,1,0.9554,0,0,0,3563,78,1.0479,0,0,1,46048.63,0,0.9515,0
1,1,1,1,0.9643,0,0,0,1371,113,1.1152,0,0,3,12051.6,0,0.7914,0
1,1,1,1,1.034,0,0,0,1540,121,1.2039,0,0,2,4441.22,0,0.7193,0
1,1,1,1,0.9846,0,0,0,1452,173,0.9806,0,0,0,2486.04,0,0.6925,0
1,1,1,1,1.0501,0,0,0,1346,23,1.2563,0,0,2,14478.51,0,0.7488,0
1,1,1,1,0.9759,0,0,0,1248,107,0.7227,0,0,3,2830.01,0,0.8148,0
1,1,1,1,0.943,0,0,0,2191,68,1.7412,0,0,1,28813.23,0,0.8417,0
1,1,1,1,1.0438,0,0,0,298,43,1.1371,0,0,0,13623.18,0,0.7726,0
1,1,1,0,0.9659,0,0,1,115,3,0.8826,1,0,2,4112.4,0,0.7385,0
1,1,1,1,0.9417,0,0,0,2054,35,1.3729,0,0,3,13188.5,0,0.8791,0
1,1,1,1,0.9936,0,0,0,2350,30,1.4741,0,0,3,2559.99,0,0.9065,0
1,0,1,1,1.0029,0,0,0,2383,124,0.7496,1,0,2,848.11,0,0.7037,0
1,1,1,1,1.0889,0,0,0,3541,39,1.1151,0,0,2,6034.3,0,0.7098,0
1,1,1,1,0.9949,0,0,0,884,170,0.8584,0,0,1,29683.94,0,0.8782,0
1,1,0,1,0.9306,0,0,0,934,115,0.9298,1,0,3,396.49,0,0.9092,0
1,1,1,0,0.9997,0,0,0,683,155,1.0304,0,0,0,403.57,0,0.8258,0
1,1,1,1,1.0274,0,0,0,779,17,0.9839,0,0,2,51162.64,0,0.9313,0
1,0,0,1,1.0557,0,0,1,61,2,1.0748,0,0,3,2590.15,0,0.9319,0
1,1,1,1,0.9631,0,0,0,2666,145,1.3424,1,0,1,6943.48,0,0.7442,0
1,1,1,1,0.9963,0,0,0,2693,24,0.8452,0,0,3,4192.48,0,0.9091,0
1,1,1,1,0.9161,0,0,0,1037,24,1.1414,0,0,2,8642.57,0,0.7609,0
1,1,0,1,0.9436,0,0,0,1173,149,1.0317,0,0,0,7669.44,0,0.8835,0
1,1,1,1,1.0057,0,0,0,2858,143,1.0145,0,0,0,33938.62,0,0.8841,0
1,1,1,1,1.0016,0,0,0,3072,192,0.9446,0,0,3,8478.71,0,0.8269,0
1,1,1,1,0.9757,0,1,0,2736,29,1.1759,0,0,3,45801.94,0,0.8514,0
1,1,1,1,0.9072,0,0,0,876,35,1.1979,0,0,0,56950.05,0,0.8314,0
1,1,1,1,0.9416,0,0,1,167,0,0.7981,0,0,1,26400.39,0,1.0,0
1,1,1,1,1.0338,0,0,0,3157,37,1.0585,0,0,3,11514.02,0,1.0,0
1,1,1,1,0.9545,0,0,0,2748,50,1.2473,0,0,3,7568.58,1,0.7523,0
1,1,1,1,1.0887,0,0,0,485,44,0.6458,0,0,0,3249.77,0,0.7453,0
1,1,1,1,0.969,0,0,0,2678,49,0.8168,0,0,0,12841.82,1,0.9313,0
1,1,0,1,1.0305,0,0,1,139,2,0.7203,0,0,2,6119.7,0,0.8652,0
1,1,1,1,0.9896,0,0,0,1949,160,0.7694,0,0,2,4937.65,0,0.9307,0
1,1,1,1,0.9828,0,0,0,916,76,1.7312,1,0,2,1578.82,0,0.9316,0
1,1,1,1,0.9462,0,0,0,1680,47,1.092,0,0,3,34727.44,0,0.8506,0
1,1,1,1,0.9686,0,0,0,1697,193,1.1343,0,0,2,713.61,0,0.6502,0
1,1,1,1,1.0455,0,0,0,3244,27,1.4915,0,0,3,409.38,0,0.8197,0
1,1,1,1,0.9051,0,0,0,1076,21,0.5807,0,0,0,59257.23,0,0.8107,0
0,0,1,1,0.9873,0,0,0,2533,118,0.7493,1,0,0,8456.32,0,0.9241,0
1,1,0,1,1.0755,0,0,0,778,76,0.7406,0,0,2,16500.72,0,0.8565,0
1,1,1,1,1.0225,0,0,0,3444,76,0.6533,0,0,2,28358.55,0,0.8811,0
1,1,1,1,0.953,0,0,0,442,64,0.8726,0,0,0,19531.78,0,0.9611,0
1,1,1,1,0.9917,0,0,1,52,1,1.7876,0,0,3,18974.79,0,0.9672,0
1,1,0,1,1.0444,0,0,0,3217,185,0.6808,0,0,0,6296.34,0,0.9721,0
1,1,1,1,1.15,0,0,0,3616,135,0.5586,0,0,0,7455.13,0,0.9314,0
1,1,1,1,0.9808,0,0,0,3440,9,0.5889,1,0,0,52606.9,0,1.0,0
1,1,1,1,1.0671,0,0,0,783,175,1.129,0,0,1,65209.89,0,1.0,0
1,1,1,1,0.9877,0,0,0,1495,17,0.9464,0,0,2,54565.15,0,0.7391,0
1,1,1,1,0.9175,0,0,0,466,118,1.4555,0,0,1,8759.03,0,0.6698,0
0,0,0,0,1.0124,0,0,0,1381,9,1.5042,0,1,7,136667.62,0,0.272,1
1,1,1,1,0.9711,0,0,0,1127,32,1.1049,0,0,1,53569.45,0,0.7741,0
1,1,1,1,1.0301,0,0,0,2628,13,1.0433,0,0,3,19959.8,0,0.9877,0
1,1,1,0,1.0258,0,0,0,1255,21,1.1615,0,1,1,4726.89,0,0.8156,0
1,1,1,1,0.9662,0,0,0,3316,122,0.5119,1,1,3,2859.14,0,0.8337,0
1,1,1,1,1.0159,0,0,0,925,79,0.4468,0,0,0,3144.68,0,0.9279,0
1,0,1,1,0.9854,0,0,1,156,5,0.6684,0,0,2,10639.47,0,0.7377,0
1,1,1,1,0.9518,0,0,0,683,188,0.7961,0,0,2,591.31,0,0.8239,0
1,1,1,1,0.9936,0,0,0,1425,93,1.2296,0,0,2,8265.22,0,0.7259,0
1,1,1,1,0.9588,0,0,0,1396,180,0.487,0,0,3,3498.44,0,0.8301,0
1,1,1,1,0.9291,0,0,0,1557,32,0.8529,0,0,0,2189.92,0,0.9181,0
1,1,0,1,1.0134,0,0,0,1196,24,1.1389,0,0,3,1907.46,0,0.7431,0
1,1,1,1,0.9926,0,0,0,1131,103,1.4052,0,0,1,11887.28,0,0.7631,0
1,1,1,1,0.8968,0,0,0,554,140,1.1265,0,0,0,26931.17,0,0.7347,0
1,1,1,1,0.9759,0,0,0,799,42,1.2675,0,0,2,6649.97,0,0.7239,0
1,1,1,1,0.9834,0,0,0,3469,79,1.1834,1,0,2,3976.1,0,0.732,0
1,1,1,1,1.0145,0,0,0,1930,169,1.0073,0,0,1,8858.43,0,0.9951,0
1,1,1,1,1.0233,0,0,0,1460,30,1.3661,0,0,1,3240.01,0,0.8873,0
1,1,1,1,1.001,0,0,0,2950,133,0.9068,0,0,1,6896.05,0,0.8881,0
1,1,1,1,1.0525,0,0,1,141,0,0.8107,0,0,3,10924.86,0,0.7763,0
1,1,0,1,0.9232,0,0,0,2435,132,1.3646,0,0,2,12397.57,0,0.7478,0
1,1,1,1,0.9866,0,0,0,3082,113,1.0384,0,0,3,6794.87,1,0.8433,0
1,1,1,1,1.0088,0,0,0,308,128,0.8646,0,0,3,31493.37,0,0.9434,0
1,1,1,1,0.9295,0,0,0,3240,192,1.5876,0,0,1,28275.43,0,0.9759,0
1,1,1,1,0.9844,0,0,0,880,119,1.0491,0,0,1,2139.51,0,1.0,0
1,1,1,1,0.9754,0,0,0,1575,63,1.4276,0,0,0,16187.69,0,0.8063,0
1,1,0,1,1.0095,0,0,0,3185,150,1.2155,0,0,3,15277.12,0,0.7073,0
1,1,1,1,1.0113,0,0,0,1658,38,1.0879,0,0,0,2077.2,0,0.64,0
1,1,1,1,0.9787,0,0,0,2962,64,0.4787,0,0,3,789.15,0,1.0,0
1,1,1,0,0.9631,0,0,0,1080,157,1.0986,0,0,1,27399.18,0,0.8905,0
1,1,1,1,1.1003,0,0,0,1036,97,1.087,0,0,2,2742.76,0,0.8742,0
1,1,1,1,0.9525,0,0,0,2968,192,1.4957,0,0,1,3597.04,0,0.7937,0
1,1,1,1,1.0827,0,0,0,2295,190,0.8872,0,0,3,19121.28,0,0.8378,0
1,1,1,1,0.9877,0,0,0,3362,185,1.7097,0,0,0,5723.39,0,0.8968,0
1,1,1,1,1.0517,0,0,0,662,158,0.8781,0,0,3,15042.94,0,0.8405,0
1,1,1,1,0.9481,0,0,0,3532,42,0.87,0,0,2,21947.99,0,0.6523,0
1,1,1,1,1.0235,0,0,0,1592,80,1.5753,0,0,3,2045.63,0,0.9257,0
1,1,1,1,0.9768,0,0,0,2726,21,0.8888,0,0,2,14109.37,0,0.8442,0
1,0,1,1,0.9948,0,0,0,1398,139,0.8267,0,0,2,1089.64,1,0.9389,0
1,1,1,1,0.9543,0,0,0,1059,73,0.6246,1,0,0,5420.88,0,0.9398,0
1,1,1,1,0.9837,0,0,1,136,4,1.1856,0,0,1,31745.48,0,0.8253,0
1,1,1,1,0.9796,0,0,0,2449,176,1.0406,0,0,2,17052.53,0,1.0,0
1,1,1,1,1.0027,0,0,0,3206,32,0.8163,0,0,1,13366.41,0,0.9408,0
1,1,1,1,1.0722,0,0,0,2610,92,1.3057,0,0,1,25325.99,0,0.8193,0
1,1,1,1,0.9896,0,0,0,379,8,0.9204,0,0,2,18263.3,0,0.9022,0
0,0,1,1,0.9606,0,0,0,2473,30,0.9872,0,0,3,30115.38,0,0.877,0
1,1,1,1,1.0364,0,0,0,3533,191,1.693,0,0,1,2636.33,0,0.7819,0
1,1,1,1,0.9657,0,0,0,570,22,1.2539,0,0,3,7600.74,0,0.7563,0
1,1,1,1,1.0174,0,0,0,2477,74,1.111,0,0,2,35908.61,0,0.9007,0
1,1,1,1,1.15,0,0,0,784,76,0.973,0,0,2,27392.45,0,0.8708,0
1,1,1,1,1.0246,0,0,0,1331,186,0.9089,0,0,3,2415.28,0,0.8271,0
1,1,1,1,1.039,0,0,0,2400,171,0.877,0,0,3,23652.36,0,0.8978,0
1,1,1,1,0.9406,0,0,0,1977,126,1.0174,0,0,1,101.13,0,0.8915,0
1,1,1,1,0.9741,0,0,0,1995,40,0.6555,0,1,0,11671.25,0,0.8826,0
1,1,1,1,1.047,1,0,0,2332,104,1.6358,0,0,3,52957.76,0,0.8599,0
1,1,1,1,0.9676,0,0,1,81,1,0.7316,0,0,2,43709.99,0,0.7883,0
1,1,1,1,0.9921,0,0,1,38,2,1.413,0,0,1,27854.45,0,0.7859,0
1,1,1,1,1.0148,0,0,0,1423,123,0.7587,0,0,0,11484.17,0,0.7351,0
1,1,1,0,0.9925,0,0,0,2965,95,0.6318,0,0,3,6143.94,0,0.8646,0
1,1,1,1,1.1083,0,0,0,456,25,1.2412,0,0,2,11283.61,1,0.78,0
1,1,1,1,0.9665,0,0,1,32,5,0.755,0,0,2,33504.46,0,0.7447,0
1,1,1,1,1.0319,0,0,0,194,132,1.1662,0,0,2,32568.28,0,0.7719,0
1,1,1,1,0.9916,0,0,0,2329,184,1.3096,0,0,1,3251.48,0,0.8024,0
1,1,1,1,0.9883,0,0,0,810,181,1.3094,0,0,2,23666.79,0,0.8954,0
1,1,1,1,0.9365,0,0,0,1613,78,0.9741,0,0,1,8295.39,0,0.7238,0
1,1,0,1,0.9684,0,0,0,3391,122,0.6307,0,0,2,27442.55,0,0.6562,0
1,1,1,1,0.9735,0,0,0,572,60,0.9616,0,0,3,17674.14,0,0.9079,0
1,1,1,0,1.015,0,0,0,2780,192,1.6287,0,0,3,1027.84,0,0.7484,0
1,1,1,0,1.0344,0,0,0,3242,73,0.8666,0,0,2,4466.42,0,0.9634,0
1,1,1,1,0.9252,0,0,0,410,54,1.0851,0,0,1,679.63,0,0.8105,0
1,1,1,1,1.0253,0,0,0,3646,62,1.4094,0,0,0,11816.57,0,0.7806,0
1,1,1,1,1.0359,0,0,0,1964,94,1.3631,0,0,1,20672.25,0,0.866,0
1,1,1,1,0.9774,0,0,1,32,2,0.8949,0,0,2,11119.37,0,0.5494,0
1,1,1,1,0.9953,0,0,0,1553,170,0.9349,0,0,0,18744.29,0,1.0,0
1,1,1,1,1.0612,0,0,0,462,78,1.556,0,0,3,65726.13,0,0.8213,0
1,1,1,1,1.0619,0,0,0,233,148,1.023,0,0,2,11048.07,0,0.7645,0
1,1,1,1,0.9444,0,0,0,1624,28,0.6258,0,0,1,8537.92,0,0.8114,0
1,1,1,1,1.004,0,0,1,112,2,0.7904,0,0,0,62771.53,0,0.7199,0
1,1,1,1,1.0186,1,1,0,2542,69,1.2668,0,0,1,8468.79,0,0.8166,0
1,0,1,1,1.0386,0,1,0,1232,102,0.7974,1,0,3,58462.17,0,1.0,0
1,1,1,1,0.9731,0,0,0,1479,137,1.2514,0,0,1,2313.96,0,0.8629,0
1,1,1,1,0.9698,0,0,0,1702,128,0.7471,0,0,3,492.97,0,0.668,0
1,1,1,1,1.0073,0,0,0,1258,18,1.4818,0,0,2,4915.55,0,0.7961,0
1,1,1,1,1.0754,0,0,0,1459,70,0.51,0,0,0,59262.25,0,0.8812,0
1,1,1,1,1.0129,0,0,0,2249,191,1.0799,0,0,3,55265.55,0,0.7563,0
1,1,0,1,0.9949,0,0,0,919,62,0.7323,0,0,1,1017.33,0,0.9522,0
1,1,1,1,0.9714,0,0,0,342,85,1.8776,0,0,2,10156.62,0,1.0,0
0,0,1,1,0.9131,0,0,0,3117,177,1.2795,0,0,1,26110.74,0,0.7866,0
1,1,1,1,0.9963,0,0,0,3120,191,1.6319,0,0,2,7889.6,0,0.9124,0
1,1,1,1,1.0386,0,0,0,2784,51,1.1519,0,0,0,12830.54,0,0.6938,0
1,1,1,1,0.9269,0,0,0,604,179,1.3125,0,0,3,24217.25,0,0.8513,0
0,0,1,1,1.0845,0,0,0,2755,29,1.0876,0,0,1,51200.89,0,0.7258,0
1,1,1,1,1.0078,0,0,0,2393,176,0.6229,0,0,2,6772.95,0,0.9364,0
1,1,0,1,0.936,0,0,0,2001,22,1.0338,0,0,1,3708.11,0,0.6938,0
1,1,1,1,0.9787,0,0,0,600,125,1.3564,0,0,2,40026.11,0,0.9927,0
1,1,1,1,1.1261,0,0,0,3623,48,1.0837,0,0,1,3694.05,0,0.8582,0
1,1,0,1,1.015,0,0,0,1500,48,1.2868,0,0,1,39218.55,0,0.7461,0
1,1,1,1,1.006,0,0,0,2618,73,0.7908,0,0,1,46073.58,0,0.8656,0
1,1,1,1,1.017,0,0,0,950,166,1.1601,0,0,2,83609.06,0,0.6962,0
0,0,1,1,0.9796,0,0,0,3459,155,1.2456,0,0,2,21923.42,0,0.8708,0
1,1,1,1,1.0386,0,0,0,1538,28,1.2853,0,0,2,12479.98,0,0.7593,0
1,1,0,1,0.9762,0,0,0,871,104,1.0486,1,0,3,5401.26,0,0.9578,0
1,1,1,1,1.0039,0,0,0,2381,70,0.6588,0,0,1,29032.46,0,0.8621,0
1,1,1,1,0.9663,0,0,0,1610,83,1.3243,0,0,1,46851.32,0,0.8049,0
1,1,1,1,1.0101,0,0,0,2053,53,0.2,0,0,0,13743.99,0,0.9722,0
1,1,1,1,0.9249,0,0,0,1682,155,0.8982,0,0,3,3857.5,0,0.9559,0
1,1,1,1,1.0143,0,0,0,1309,147,1.4387,0,0,1,10085.82,0,0.8453,0
1,1,1,1,1.0185,0,0,0,3251,68,1.3097,0,0,2,21613.82,0,0.7844,0
1,1,1,1,0.9797,0,0,1,163,1,1.5527,0,0,1,3071.01,0,0.608,0
1,1,1,1,0.9686,0,0,0,2096,94,0.9854,0,0,3,39922.95,0,0.6946,0
1,1,1,1,1.0065,0,0,0,2819,182,1.5596,0,0,1,20782.12,0,0.7759,0
1,1,1,1,0.9384,0,0,0,394,117,0.6329,0,0,3,6215.94,0,0.7604,0
1,1,0,1,0.9755,0,0,0,1141,119,0.8408,0,0,3,5109.54,0,0.8355,0
1,1,1,1,0.94,1,0,0,2469,25,1.0169,0,0,1,7230.25,0,0.9172,0
1,1,1,1,0.8702,0,0,0,955,135,1.3697,0,0,3,23442.95,0,0.8693,0
1,1,1,1,0.9837,0,0,0,1225,7,1.3391,0,0,2,4025.21,0,0.8728,0
1,1,1,1,0.9654,0,0,0,934,177,1.5052,0,0,2,8149.57,0,0.9158,0
0,0,0,1,1.3535,0,1,0,864,39,0.5553,0,0,7,3264.37,0,0.3043,1
1,1,1,1,1.0068,0,0,1,114,5,0.8578,0,0,0,42066.07,0,0.8601,0
1,1,1,1,0.9776,0,0,0,2203,74,0.8511,0,0,3,26599.31,0,0.9616,0
0,0,0,1,0.9623,0,0,0,3204,168,1.3922,0,0,0,11931.6,0,0.8995,0
1,1,1,1,0.9701,0,0,0,722,120,1.2133,0,0,3,22605.84,1,0.8987,0
1,1,1,1,0.9146,0,0,0,2125,181,1.0772,0,0,3,10130.28,0,0.7149,0
1,1,1,1,1.0335,0,0,1,106,2,0.6677,0,0,0,9188.4,0,0.9099,0
1,1,1,1,0.9185,0,0,0,611,11,0.6049,0,0,3,7806.54,0,0.6775,0
1,1,1,1,1.0143,0,0,0,1810,143,1.4312,1,0,2,25188.42,0,0.7644,0
1,1,0,0,0.8499,0,1,0,637,27,1.2742,1,0,4,5033.97,0,1.0,1
1,1,1,1,0.9525,0,0,0,2652,192,1.0522,0,0,0,37683.41,0,0.8619,0
0,0,1,1,0.9813,0,0,0,1715,131,1.113,0,0,2,5576.17,0,0.8592,0
1,1,1,1,1.041,0,0,1,164,5,1.033,0,0,0,19718.54,0,0.802,0
1,1,1,1,1.0013,0,0,0,721,122,1.4937,0,0,2,511.78,0,0.7766,0
1,1,0,1,0.9446,0,0,0,1500,61,0.817,0,0,1,6637.0,0,0.8343,0
1,1,1,1,0.9924,0,0,1,165,2,0.7986,0,0,2,6167.26,0,0.7246,0
0,0,1,1,0.9768,0,0,0,2280,197,1.0085,0,0,3,2246.34,0,0.8506,0
1,1,1,1,1.0658,0,0,0,1202,60,1.1737,0,0,0,9564.62,0,0.985,0
1,1,1,1,0.9523,0,0,1,171,2,0.9111,0,0,0,13240.3,0,0.8613,0
0,0,1,1,1.0454,0,0,0,882,118,0.6972,0,1,2,874.47,0,0.8056,0
1,1,1,1,1.0009,0,0,0,3377,145,1.7824,0,0,3,12672.62,0,0.722,0
1,1,1,1,0.9347,0,0,0,718,104,1.536,0,0,3,2943.49,0,1.0,0
1,1,1,1,0.9584,0,0,0,1921,125,1.3602,0,0,2,4346.38,0,0.8299,0
1,1,1,1,1.044,0,0,0,1904,88,0.5472,0,0,1,12163.13,0,0.8979,0
1,1,1,1,0.9662,0,0,0,3389,166,0.765,0,0,0,2960.25,0,0.8973,0
1,1,1,1,0.9797,0,0,0,3334,11,0.3192,0,0,2,1270.89,0,0.9793,0
0,0,1,1,1.0471,0,0,1,119,5,1.1941,0,0,0,59333.49,0,0.8246,0
1,1,1,1,0.947,0,0,0,506,71,0.8779,0,0,0,18617.59,0,0.7416,0
1,1,1,1,1.051,0,0,0,3347,171,1.294,0,0,0,6746.43,0,0.9542,0
1,1,1,1,1.0217,0,0,0,2337,70,1.636,0,0,0,383.84,0,0.7649,0
1,1,1,1,1.0281,0,0,0,3130,54,0.7792,0,0,3,4008.03,0,0.792,0
1,1,1,1,1.0067,0,0,0,1011,6,0.8884,0,0,2,2298.5,0,0.8719,0
1,1,1,1,0.9474,0,0,0,2222,111,0.6953,0,0,2,20531.05,0,0.7653,0
1,1,1,1,0.993,1,0,0,2114,84,0.8977,0,0,3,19218.97,0,0.7625,0
1,1,1,1,1.0587,0,0,0,396,24,1.1535,0,0,2,20020.34,0,0.6835,0
1,1,1,1,0.9724,0,0,0,3126,87,0.7208,0,0,1,7036.85,0,0.8124,0
1,1,1,1,0.9921,0,0,1,44,5,0.9177,0,0,3,25160.27,0,0.8336,0
1,1,1,1,1.0541,0,0,0,2100,45,1.2534,0,0,1,13592.12,0,0.9845,0
1,1,1,1,1.0039,0,0,0,3437,14,0.7451,0,0,2,40437.84,0,0.7423,0
1,1,1,1,1.0742,0,0,0,211,128,0.8943,0,0,3,7704.26,0,0.8252,0
1,1,1,1,1.1351,0,0,0,3107,55,0.9387,0,0,2,2972.46,1,0.7536,0
1,1,1,1,0.9138,0,0,1,115,0,1.0013,0,1,3,1522.15,0,0.8169,0
1,1,1,1,0.9165,0,1,0,2310,95,1.1297,0,0,3,1951.27,0,0.8162,0
1,1,1,1,0.9976,0,0,0,190,61,0.9663,0,0,3,5136.98,0,0.9829,0
0,0,1,1,0.9862,0,0,0,2877,198,1.1288,0,0,2,13384.59,0,0.8457,0
1,1,1,1,0.9962,0,0,0,2121,17,1.6024,0,0,2,12144.21,0,1.0,0
1,1,1,1,0.982,0,0,0,3617,199,0.5131,0,0,2,3289.91,0,0.7696,0
1,1,1,1,1.0163,0,0,0,548,95,1.2402,0,0,2,9170.18,0,0.8209,0
1,1,1,1,1.0815,0,0,1,157,0,1.4824,0,0,3,4358.43,0,0.7264,0
1,1,1,1,0.979,0,0,1,110,2,1.1041,0,0,2,1372.75,1,0.7946,0
1,1,1,1,0.9788,0,0,0,1581,146,1.2323,0,0,0,16868.71,0,0.9668,0
1,1,0,0,1.1791,0,1,1,3,1,4.3241,0,0,3,79424.28,0,0.749,1
1,1,1,1,0.9649,0,0,0,514,70,0.6405,1,0,0,51141.97,0,1.0,0
1,1,1,1,0.9261,0,0,0,1387,49,1.3468,0,1,4,88665.74,1,0.341,1
1,1,1,1,1.0534,0,0,0,754,160,1.072,0,0,2,5550.53,0,0.7384,0
1,1,1,1,0.9218,0,0,0,418,65,0.5793,0,0,2,60864.78,0,0.6357,0
1,1,1,1,0.9759,0,0,0,365,68,0.8736,1,0,2,19035.15,0,0.721,0
1,1,1,1,1.022,0,0,0,1774,173,1.1894,0,0,3,4419.11,0,0.7929,0
1,1,1,1,1.0067,0,0,0,1987,100,0.9738,0,0,0,57760.44,0,1.0,0
1,1,1,1,0.9096,0,0,0,2882,73,0.9472,0,0,3,750.46,0,0.7665,0
1,1,1,1,1.0203,0,0,0,690,144,1.0557,0,0,3,5713.45,0,0.8556,0
1,1,1,1,0.9768,0,0,0,3593,50,1.037,0,0,1,9645.64,0,0.957,0
0,0,1,1,0.9796,0,0,0,470,105,0.7836,1,0,1,14665.03,0,0.8276,0
1,1,0,1,0.9988,0,0,0,3463,84,1.1836,0,0,2,2696.35,0,0.8429,0
1,1,1,1,0.9836,0,0,0,1230,63,1.3283,0,0,1,24728.88,0,0.86,0
1,1,1,1,1.0044,0,0,0,3415,192,0.7597,0,0,1,1600.18,0,0.7773,0
0,0,1,1,0.9906,0,0,0,3395,17,0.5835,0,0,3,9738.38,0,0.6919,0
0,0,1,1,0.9457,0,0,0,1729,185,0.543,0,0,0,38208.82,0,0.9142,0
1,1,1,1,0.9912,0,0,1,154,3,1.3248,0,0,2,10396.29,0,0.8031,0
1,1,0,1,1.1027,0,0,0,3597,129,1.0398,0,0,3,17228.9,0,0.8985,0
1,1,1,1,0.971,0,0,0,3324,18,1.2637,0,0,2,10125.18,0,0.969,0
1,1,0,1,1.0436,0,0,0,947,126,1.1964,0,0,2,11863.54,0,0.8505,0
1,1,1,1,0.9994,0,0,0,900,31,0.8487,0,0,3,16371.39,0,0.7603,0
1,1,1,1,0.9966,0,0,1,61,4,0.8699,0,0,2,15844.44,0,0.6962,0
1,1,0,1,0.9928,0,0,0,2097,168,0.8587,0,0,0,16863.18,0,0.9442,0
1,1,1,1,1.0273,0,0,0,1670,25,1.4233,0,0,2,15105.02,0,0.6281,0
1,1,1,1,0.9177,0,0,0,2440,72,0.962,0,0,2,27074.78,1,0.8848,0
1,1,1,1,1.0272,0,0,1,95,0,1.034,0,0,3,2983.83,0,0.8849,0
1,1,1,1,0.9937,0,0,1,41,4,1.0305,0,0,1,5033.23,0,0.9258,0
1,1,1,1,0.9553,0,1,0,618,142,1.2641,0,0,2,83841.86,0,0.834,0
1,1,1,1,1.0185,0,0,0,1332,59,0.6153,0,0,1,11976.92,0,0.8694,0
1,1,1,1,0.9925,0,0,0,900,162,0.8506,0,0,3,15644.44,0,0.6965,0
1,1,1,1,1.0247,0,0,0,1357,6,1.9179,0,0,1,45090.15,1,1.0,0
1,1,1,1,1.0729,0,1,0,3144,74,1.404,0,0,3,1829.47,0,0.6789,0
1,1,0,1,1.0775,0,0,1,113,0,1.2979,0,0,2,5686.7,0,0.7859,0
1,1,1,1,0.999,0,0,0,2994,113,1.1511,1,0,0,4417.28,0,0.7209,0
1,1,1,1,0.9451,0,0,0,1803,137,1.0259,0,0,0,9465.92,0,0.9359,0
1,1,1,1,1.0396,0,0,0,1280,61,1.3151,0,0,2,33762.72,0,0.8631,0
1,1,1,1,1.0081,0,0,0,3005,163,0.9221,0,0,3,1419.31,0,0.9287,0
1,1,0,1,0.9423,0,0,0,1423,56,1.4984,0,0,0,2449.62,0,0.8989,0
1,1,1,1,1.0581,0,0,0,539,61,0.7189,0,0,2,5773.52,0,0.8597,0
0,0,1,1,1.0063,0,0,0,1672,14,0.9336,0,0,0,1327.03,0,0.7812,0
1,1,1,1,0.9195,0,0,1,40,3,0.5098,0,0,2,15804.57,0,0.7901,0
1,1,1,1,1.0266,0,0,0,3604,115,1.0022,0,0,2,14951.27,0,0.8482,0
0,0,1,1,1.0024,0,0,0,3146,43,1.6558,0,0,0,6200.53,0,0.8222,0
1,1,1,1,0.9935,0,0,1,112,1,0.8127,0,0,1,23328.04,0,0.6799,0
1,1,0,1,1.0635,0,0,0,2716,18,0.6354,0,0,2,13833.43,0,0.8394,0
1,1,1,1,0.9255,0,0,0,3404,20,0.9667,0,0,1,166.8,0,0.9431,0
1,1,1,1,1.0822,0,0,1,177,3,1.3598,0,0,1,16090.17,0,0.6439,0
1,1,0,1,0.9947,0,0,0,1467,198,0.717,0,0,1,1375.77,0,0.9656,0
1,1,1,1,0.9499,0,0,0,411,108,0.8782,0,0,2,23690.22,0,0.91,0
1,1,1,1,0.9796,0,0,0,2998,180,1.591,0,0,3,19439.8,0,0.8337,0
1,1,1,1,1.0575,0,0,0,807,43,1.5017,0,0,3,43784.94,0,1.0,0
1,1,1,1,0.9518,0,0,0,1424,105,0.7392,0,0,1,17517.66,0,0.9521,0
1,1,1,1,1.0633,0,0,0,2157,182,0.7762,0,0,0,23630.52,0,0.9832,0
1,1,1,1,1.0054,0,0,0,2523,50,1.185,0,0,2,1799.6,0,0.8367,0
1,1,1,1,1.0438,0,0,0,1457,52,1.3607,0,0,3,55753.62,0,0.7534,0
1,1,1,1,1.0523,0,0,1,85,1,1.181,0,0,0,12107.93,0,0.7051,0
1,1,1,1,0.96,0,0,0,1761,143,1.2874,0,0,2,10631.44,0,0.7582,0
1,1,1,1,1.0209,0,0,1,77,2,1.3595,0,0,2,28159.13,0,0.6857,0
1,1,0,1,1.0166,0,0,0,403,124,1.4593,0,0,2,20407.77,0,0.7414,0
1,1,1,1,0.9389,0,0,0,1827,104,1.4102,0,0,1,10647.54,0,0.8868,0
1,1,1,1,1.0145,0,0,0,2836,18,1.1727,0,0,1,2626.12,0,0.7532,0
1,1,1,1,0.9611,0,0,0,640,175,0.5795,0,0,2,8403.75,0,0.8525,0
1,1,1,1,0.9898,0,0,0,1764,36,0.9606,0,0,2,23046.97,0,0.6412,0
1,1,1,1,1.0059,0,0,0,2851,49,1.0786,0,0,1,953.04,0,0.9872,0
1,1,0,1,0.9495,0,0,0,1849,178,0.9245,0,0,1,7564.67,0,0.9923,0
1,0,1,0,1.0309,0,0,0,700,67,1.1915,0,0,0,332.4,0,0.7789,0
1,1,1,1,1.0652,0,0,0,1412,71,1.4809,0,0,0,7326.61,1,0.9929,0
1,1,1,1,0.9574,0,0,0,744,43,1.4364,0,0,0,954.39,0,0.9288,0
1,1,1,1,0.9397,0,0,0,1498,51,1.2024,0,0,3,21850.68,0,0.9613,0
1,1,1,1,1.0684,0,0,0,2767,154,0.9879,0,0,2,1125.87,0,0.8606,0
1,1,1,1,1.013,0,0,0,553,45,0.756,0,0,2,29991.43,0,0.787,0
1,1,1,1,1.0765,0,0,0,2354,182,0.8179,0,0,0,23191.34,0,0.9162,0
1,1,1,1,0.9963,0,0,0,2913,159,1.0724,0,0,2,22029.29,0,1.0,0
1,1,1,1,1.0371,0,0,0,2239,190,0.7995,0,0,2,13025.29,0,0.7599,0
1,1,1,1,1.0127,0,0,0,1315,187,1.0784,0,0,3,17711.89,0,0.7984,0
1,1,1,1,1.0732,0,0,0,1357,147,0.8446,0,0,0,1657.83,0,0.8394,0
1,1,1,1,0.8891,1,0,0,3034,84,1.665,0,0,1,3230.89,0,0.7626,0
1,1,1,1,0.9968,0,0,0,1628,182,0.957,0,0,3,39186.08,0,0.9672,0
1,1,1,1,0.9428,0,0,1,171,3,0.7197,0,0,3,3741.7,0,0.9611,0
1,1,0,1,1.0496,0,0,0,2679,58,1.5817,0,0,0,290.08,0,0.9341,0
1,1,1,1,1.1248,0,0,1,34,3,0.5632,0,0,3,45577.4,0,0.8376,0
1,1,1,1,0.9568,0,0,0,3624,76,1.4624,0,0,3,34977.31,0,0.7122,0
1,1,1,1,0.9666,0,0,0,2208,99,1.0162,0,0,0,11485.71,0,0.8444,0
1,1,1,1,1.0166,0,0,0,1482,59,0.8489,0,0,1,23263.57,0,0.9663,0
1,1,1,1,1.0053,0,0,0,2201,122,1.4691,0,0,0,5189.32,0,0.8965,0
1,1,1,1,1.0124,0,0,0,3368,199,0.7946,0,0,1,2225.46,0,0.833,0
1,1,1,1,1.0448,0,0,0,2086,175,1.1006,0,0,1,17851.53,0,0.8398,0
1,1,1,1,1.0684,0,0,0,1239,26,1.1264,0,0,3,22335.26,0,0.9203,0
1,1,1,1,0.9857,0,0,0,659,171,0.9467,0,0,1,8089.6,0,0.8073,0
1,1,1,1,1.0545,0,0,0,1531,132,0.741,0,0,0,3714.13,0,0.923,0
1,1,1,1,0.9788,0,0,0,2035,177,0.9831,0,0,1,2483.74,0,0.9892,0
1,1,1,1,1.0329,0,0,0,460,79,0.5629,0,0,1,3515.76,0,0.7466,0
1,1,1,1,0.9083,0,0,0,1871,195,1.0297,0,0,0,1471.4,0,0.914,0
1,1,1,1,1.0158,0,0,0,2837,58,1.3546,0,0,2,7486.84,0,0.9352,0
1,1,1,1,1.0003,0,0,0,3512,132,0.9763,1,0,2,18630.08,0,0.9155,0
1,1,0,1,0.9852,0,0,1,179,2,0.74,0,0,0,2429.14,0,0.8186,0
1,1,1,1,0.995,0,0,0,3596,184,1.2443,0,0,3,7572.6,0,0.8024,0
0,0,1,0,1.3579,0,0,0,600,33,1.7136,1,0,5,17090.2,0,0.322,1
1,1,0,1,1.0191,0,0,1,69,0,0.8892,0,0,0,15841.82,0,0.6021,0
1,1,1,1,0.9368,0,0,0,3333,70,1.8027,0,0,0,8633.77,0,0.7371,0
1,1,1,1,0.9138,0,0,0,2036,159,1.1855,0,0,1,6075.4,0,0.8209,0
1,1,1,1,0.9706,0,0,0,3044,97,0.2,0,0,2,893.88,1,0.8619,0
1,1,1,1,0.9921,0,0,0,2059,181,0.7941,0,0,1,12654.17,0,0.6961,0
1,1,1,1,1.0104,0,0,0,2413,57,0.9353,0,0,2,10197.44,0,0.742,0
1,1,1,0,1.0057,0,0,1,135,2,0.9072,0,0,3,7427.94,0,0.8374,0
1,0,1,1,0.9927,0,0,0,2056,134,1.3484,0,1,1,13654.61,0,0.7987,0
1,1,1,1,0.9877,0,0,0,916,29,1.474,0,0,0,8790.2,0,0.7996,0
1,1,0,1,1.08,0,0,0,3500,140,0.4256,0,0,3,1091.41,0,0.8448,0
1,1,1,1,1.0754,0,0,0,1238,31,1.0301,0,0,2,19106.78,0,0.7968,0
1,1,1,1,0.9287,0,0,0,2635,113,0.9509,0,0,2,31679.68,0,0.8971,0
1,1,1,1,1.0408,1,0,0,2150,150,1.0205,0,0,2,44052.68,0,0.8505,0
1,1,1,1,1.032,0,0,0,995,35,0.7483,0,0,1,24516.59,0,0.716,0
1,1,0,1,1.0314,0,0,0,2275,192,1.6823,0,0,3,37723.9,0,0.8321,0
1,1,1,1,0.9366,0,0,0,2351,125,1.2582,0,0,2,12684.53,0,0.7312,0
1,1,1,1,1.0314,0,0,1,63,5,1.495,0,0,3,53652.96,0,0.8729,0
1,1,1,1,0.9068,0,0,0,1838,32,1.2339,0,0,3,30.38,0,0.8005,0
1,1,1,1,0.8865,0,0,0,862,15,0.7418,0,0,1,5972.74,0,0.7581,0
1,1,1,1,0.943,1,0,1,135,5,0.8961,0,0,0,1.18,0,0.8094,0
1,1,1,1,0.9568,0,0,0,939,64,0.9659,0,0,2,10272.38,0,0.9044,0
1,1,1,1,1.0221,0,0,0,2274,22,0.9169,0,0,0,3551.24,0,0.846,0
1,1,1,1,0.9056,0,0,0,1549,132,0.9979,0,0,1,33018.38,0,0.8566,0
1,1,1,1,0.9974,0,0,1,44,0,0.8003,0,0,0,13052.72,0,1.0,0
1,1,1,1,0.949,0,0,0,539,16,1.0002,1,0,2,11161.78,0,0.9363,0
1,1,1,1,1.0418,0,0,1,106,2,1.1247,0,0,1,4926.83,0,0.7908,0
1,1,1,1,1.0658,0,0,0,980,73,0.4687,0,0,0,9563.1,0,0.87,0
1,1,1,1,0.9368,0,0,0,977,184,0.9398,0,0,0,17194.74,0,1.0,0
1,1,1,1,1.0451,0,0,0,1163,125,1.0552,0,0,3,5855.92,0,0.7689,0
1,1,1,1,1.035,0,0,0,2556,50,0.5613,0,0,0,7501.1,0,0.9996,0
1,1,1,1,0.9885,0,0,1,104,1,0.9617,1,0,0,3570.61,0,0.9173,0
1,1,1,1,1.007,0,0,1,52,3,1.4486,0,0,1,16378.66,0,0.8536,0
1,0,1,1,1.0392,0,0,0,2091,48,0.7277,0,0,3,36961.16,0,0.8673,0
1,1,1,1,0.9468,0,0,0,2381,130,0.9385,0,0,2,413.94,0,0.9099,0
1,1,1,1,1.0496,0,0,0,3355,77,0.8876,1,0,3,2236.31,0,0.8843,0
1,1,1,1,0.9848,0,0,0,3367,59,1.021,0,0,2,27061.34,0,0.8474,0
1,1,1,1,0.977,0,0,1,152,4,1.2523,0,0,0,33878.68,0,0.9214,0
1,1,1,1,0.9799,0,0,0,220,11,1.4256,0,0,1,17204.78,0,0.7323,0
0,0,1,1,0.9494,0,0,0,2317,152,1.7668,0,0,3,8634.36,0,1.0,0
1,1,1,1,1.0179,0,0,0,1762,54,1.2136,0,1,3,29659.36,0,0.7593,0
1,1,1,1,1.0894,0,0,0,3635,175,1.3596,0,0,3,1267.21,0,0.7737,0
1,1,1,1,1.0773,0,0,1,97,5,1.4797,0,0,1,5741.49,0,1.0,0
1,1,1,1,1.0889,0,0,0,3586,164,0.4991,0,0,2,4381.98,0,0.9068,0
1,1,1,1,1.0118,0,0,0,2769,50,0.9578,1,0,2,43593.11,0,0.8415,0
1,1,1,1,0.9958,1,0,0,2215,17,0.779,0,0,1,42413.57,0,0.7345,0
1,1,1,1,0.9948,0,0,0,1810,95,1.1619,0,0,1,11481.13,0,0.7862,0
1,1,1,1,0.9856,0,0,0,3384,53,1.31,0,0,0,34389.74,0,0.7666,0
1,1,1,1,0.9652,0,0,0,827,38,1.3162,0,0,2,8318.25,0,0.9978,0
1,1,1,1,1.0365,0,0,0,423,129,1.0733,0,0,1,3060.37,0,0.8302,0
1,1,1,1,0.9455,0,0,0,629,109,1.2164,1,0,1,14322.98,0,0.8694,0
1,1,1,1,1.0483,0,0,0,2403,198,0.8539,0,0,0,10278.04,0,0.9111,0
1,1,1,1,0.9413,0,0,0,1897,20,1.3172,0,1,0,242.89,0,0.8181,0
1,1,1,0,0.9982,0,0,0,784,31,1.6654,0,0,1,21059.18,0,0.6953,0
1,1,1,1,1.0412,0,0,0,1345,164,1.7762,0,0,3,3214.02,0,0.8599,0
1,1,1,1,1.0674,0,0,0,2038,51,1.387,0,0,0,3067.93,0,1.0,0
1,1,1,1,1.0311,0,0,0,3641,185,1.1275,1,0,2,23405.25,0,0.9018,0
1,1,0,1,0.996,0,0,0,378,88,1.1454,0,0,0,5711.71,0,0.8247,0
1,1,1,1,0.9448,0,0,0,1104,81,1.1265,0,0,2,8398.75,0,0.9208,0
1,1,0,1,1.9696,0,1,0,1576,8,0.7898,1,1,1,4067.88,0,0.405,1
1,1,1,1,0.9397,0,0,0,1302,151,1.6053,0,0,2,17742.0,0,0.8428,0
1,1,1,1,0.9467,0,0,1,126,2,0.9,0,0,1,37459.86,0,0.8874,0
1,1,1,1,0.9381,0,0,0,870,52,1.2355,0,0,0,1280.86,0,0.7704,0
0,0,1,1,0.9096,0,1,0,2884,173,1.698,0,0,0,34855.91,0,0.8451,0
1,1,0,1,0.9465,0,0,0,3558,27,0.73,0,0,1,1306.25,0,0.7623,0
1,1,0,1,0.9206,0,0,0,1772,198,1.4338,0,0,0,18790.02,0,0.8708,0
1,1,1,1,1.0055,0,0,0,2714,73,0.954,0,0,0,247.94,0,0.8863,0
1,1,1,0,1.0196,0,0,0,330,125,0.6028,0,0,0,6198.68,0,0.8997,0
1,1,1,1,0.9673,0,0,0,3136,189,1.149,0,0,1,3270.77,0,0.8564,0
1,1,1,1,1.0581,0,0,1,51,5,1.3645,0,0,3,5411.74,0,0.8877,0
1,1,1,1,1.0371,0,0,0,501,119,1.8076,0,0,3,20136.05,0,0.8659,0
1,1,1,1,1.0223,0,0,0,534,36,0.6532,0,0,2,19759.07,0,1.0,0
1,1,1,1,0.9868,0,0,0,1928,49,1.0379,0,0,3,45274.23,0,0.9014,0
1,1,1,1,0.9914,0,1,0,2514,20,0.2,0,0,2,31776.07,0,0.672,0
1,1,1,1,0.9717,0,0,0,678,160,0.999,0,0,0,6630.06,0,0.8549,0
1,1,1,1,0.9284,0,0,0,1061,126,0.9806,1,0,2,2408.97,0,1.0,0
1,1,0,1,0.9945,0,0,0,1614,128,0.8052,0,0,3,25565.26,0,0.7782,0
1,1,1,1,1.0783,0,0,0,2093,94,1.4798,0,0,3,10264.99,0,0.7456,0
1,1,1,1,0.9717,0,0,0,2879,171,0.8363,0,0,0,5536.82,0,0.8142,0
1,1,1,1,1.0434,0,0,0,2558,29,0.9066,0,0,3,26627.74,0,0.8235,0
1,1,1,1,0.9449,0,0,0,3347,182,1.3063,0,0,2,35330.23,0,0.8766,0
1,1,1,1,0.9947,0,0,0,3473,42,1.0168,0,0,1,26511.39,0,0.9423,0
1,1,1,1,1.1545,1,0,0,1355,19,0.6565,1,0,0,5892.66,0,0.1975,1
1,1,1,1,0.9035,0,0,0,1208,119,0.9862,0,0,0,9119.15,0,0.804,0
1,1,1,1,1.0479,0,0,0,3485,27,0.8985,0,0,3,2923.83,0,0.8492,0
1,1,1,1,0.9605,0,0,0,3100,146,0.5757,1,0,2,209.18,0,0.8267,0
1,1,1,1,0.979,0,1,1,175,2,0.7118,0,0,1,11699.98,0,0.9083,0
1,1,1,1,0.9307,0,0,0,2267,119,0.9829,0,0,2,5448.17,0,1.0,0
1,1,1,1,1.0679,0,0,0,3559,164,1.2913,0,0,0,12530.62,0,0.9383,0
1,1,1,0,0.9753,0,0,0,303,54,1.1815,0,0,1,1917.38,0,0.8781,0
1,1,1,1,0.9742,0,0,0,1199,94,0.7507,0,0,1,9044.2,0,0.8278,0
1,1,1,1,1.0472,1,0,0,596,2,1.7773,0,0,1,13408.16,0,0.4741,1
1,1,1,1,0.9843,0,0,0,1773,144,1.0468,0,0,3,13450.58,0,0.936,0
1,1,1,1,1.0285,0,0,0,686,173,1.4162,0,0,3,4850.81,0,0.7519,0
1,1,1,1,0.9551,0,0,0,2952,198,1.001,0,0,1,47630.55,0,1.0,0
1,1,1,1,0.9458,0,0,1,125,1,1.2386,0,0,2,6711.35,0,0.9223,0
1,1,1,1,0.9712,0,0,1,75,2,1.0621,0,0,3,13068.83,0,0.7755,0
1,1,1,1,1.0201,0,1,0,3533,34,1.0932,0,0,2,7355.0,1,0.6171,0
1,1,1,1,1.0733,0,0,0,2866,125,1.1943,0,0,0,4662.86,0,0.951,0
1,0,1,1,0.9725,0,0,0,1150,37,0.8448,0,0,2,2631.39,0,0.7896,0
1,1,1,1,1.0311,0,0,1,127,3,1.2553,0,0,3,23649.03,0,0.8801,0
1,1,1,1,1.0232,0,0,0,2179,13,0.7964,0,0,1,10790.6,0,0.8915,0
1,1,1,1,0.982,0,0,0,3306,56,1.0728,0,0,2,3097.61,0,0.7646,0
1,0,1,1,0.9998,0,0,0,2019,26,0.6892,0,0,3,14693.15,0,0.9386,0
1,1,1,1,0.9629,0,0,0,2536,146,0.9258,0,0,2,1223.44,0,0.8882,0
1,1,1,1,1.0178,0,0,0,337,69,1.4406,0,0,2,12062.2,0,0.9851,0
1,1,1,1,1.061,0,0,0,1710,148,0.8918,0,0,3,4096.22,0,0.9591,0
1,1,1,1,0.9699,0,0,0,2690,108,0.8872,0,0,3,565.52,0,1.0,0
1,1,1,1,1.0846,0,0,0,1210,135,1.4533,0,0,3,15400.29,0,0.8253,0
1,1,1,0,1.0459,0,0,0,2569,93,1.2895,0,0,2,31869.99,0,0.6953,0
1,1,1,1,0.9734,0,0,0,2498,104,0.8333,0,0,2,35758.71,0,0.8067,0
1,1,1,0,1.0109,0,0,0,672,106,0.8866,0,0,2,2816.73,0,0.8558,0
1,1,1,1,1.0136,0,0,0,2131,82,0.7069,1,0,1,17557.62,0,0.9239,0
1,1,1,1,1.0139,0,0,0,683,115,0.7263,0,0,3,2605.75,0,0.6446,0
1,1,1,1,1.0688,0,0,0,742,55,1.561,0,0,0,21972.95,0,0.6763,0
1,1,1,1,1.0679,0,1,0,3369,127,1.23,0,0,1,911.3,0,0.8903,0
1,1,1,1,0.9918,0,0,0,2676,117,1.135,1,0,0,3887.12,0,1.0,0
1,1,1,1,0.9658,0,0,0,3190,77,1.2154,0,0,0,32077.39,1,0.661,0
1,1,1,1,1.0525,0,0,0,3121,102,0.907,0,0,3,4741.75,0,0.9841,0
1,1,1,1,0.9803,0,0,0,2984,49,0.6423,0,0,3,2057.86,0,0.8078,0
1,1,1,1,1.1949,1,0,1,89,1,0.9103,1,1,7,34279.32,1,0.7679,1
1,1,1,1,1.0051,0,0,1,82,2,1.0844,0,0,3,66288.7,0,0.8331,0
1,1,1,1,1.0823,0,0,0,1714,11,1.6311,0,0,2,27593.96,0,0.8861,0
1,1,1,1,1.018,0,0,0,716,155,0.9815,0,0,2,353.73,0,0.7251,0
1,1,1,1,1.0167,1,0,0,2093,136,1.1063,0,0,3,730.35,0,0.8522,0
1,1,1,1,1.0914,0,0,0,875,120,1.0872,0,0,3,9454.88,0,0.9202,0
1,1,1,1,1.038,0,0,1,144,3,1.298,0,0,1,61137.2,1,1.0,0
1,1,1,1,1.0037,0,0,0,1191,14,0.6685,0,0,3,11701.74,0,0.9407,0
1,1,1,1,0.9659,0,0,0,3077,40,0.5942,0,0,1,852.78,0,0.7426,0
1,1,1,1,0.9909,0,0,0,1293,130,0.8992,0,0,2,21339.64,0,0.9173,0
1,1,1,1,0.9989,0,0,0,3589,187,0.7752,0,0,3,17476.38,0,0.7263,0
1,1,1,1,0.9322,0,0,0,221,26,1.3685,0,0,2,14724.52,0,0.8096,0
1,1,1,1,1.0676,0,0,1,47,1,1.2786,0,0,0,22147.99,0,0.6414,0
1,1,1,1,1.0338,0,0,0,1484,186,1.1706,0,0,0,89.77,0,0.6704,0
1,0,1,1,1.0195,0,0,0,949,126,0.8447,0,0,3,15011.25,0,0.9869,0
1,1,1,1,1.0255,0,0,0,1159,197,1.2785,0,0,1,8208.25,0,0.8074,0
1,1,1,1,1.0559,0,0,0,1680,180,1.0268,0,0,2,7337.17,0,0.9063,0
1,1,1,1,0.9975,0,0,0,2513,24,0.6316,0,0,0,13017.27,0,0.7923,0
1,1,1,1,1.016,0,0,0,1387,150,0.8988,0,0,0,29255.94,0,0.9845,0
0,0,1,1,1.2122,1,0,1,28,0,6.5162,1,0,1,46058.93,0,0.2866,1
1,1,1,1,1.0189,0,1,0,1960,182,0.9246,0,0,3,1157.23,0,0.9665,0
1,1,1,1,0.9933,0,0,0,1774,74,0.6131,0,0,2,2335.24,0,0.8792,0
1,1,1,1,1.0055,0,0,0,566,144,1.2581,0,0,2,46232.47,0,0.9394,0
1,1,1,1,0.9721,0,1,0,2558,24,1.1793,0,0,2,16295.61,0,1.0,0
1,1,1,0,0.9874,0,0,0,2687,85,0.638,0,0,2,6661.99,0,0.7966,0
1,1,1,1,0.974,0,0,0,413,141,0.7238,0,0,3,3499.44,0,0.7772,0
1,1,1,1,1.0396,0,0,0,820,121,1.0097,0,0,2,35519.82,0,0.8072,0
1,1,1,1,1.035,0,0,0,3187,167,1.3636,0,0,2,13207.44,1,0.7945,0
1,1,1,1,1.006,1,0,0,2147,19,0.9577,0,0,3,37199.55,0,0.9813,0
1,1,1,0,0.9675,0,0,0,1977,85,0.2,0,0,0,1455.32,0,0.8884,0
1,1,1,1,1.0066,0,0,0,325,24,1.11,0,0,0,4568.91,0,0.9981,0
1,1,1,1,1.03,0,0,0,1503,185,0.6917,0,0,3,36921.31,0,0.557,0
1,1,1,1,0.9562,0,0,0,1440,197,1.1636,1,0,1,14816.74,0,0.9386,0
1,1,1,1,1.0158,0,0,0,1624,80,1.2391,0,1,2,19524.11,0,0.7415,0
1,1,1,1,1.0614,0,0,0,1980,26,1.0506,0,0,1,12515.29,0,0.7402,0
1,1,1,1,0.8728,0,0,0,3344,193,1.2008,0,0,2,15215.81,0,0.7245,0
1,1,1,1,0.9583,0,0,0,1254,15,0.6281,0,0,1,20869.67,0,0.9095,0
1,1,1,0,1.011,0,0,1,145,5,0.9249,0,0,3,4291.19,0,0.8932,0
1,1,1,1,0.9876,0,0,0,2006,154,1.3114,0,0,3,9314.94,0,0.974,0
1,1,1,1,1.0171,0,0,0,389,40,1.2527,0,0,0,34996.98,0,0.8096,0
1,1,1,1,0.9272,0,0,0,3435,193,0.4717,0,0,0,1078.4,0,1.0,0
0,0,0,0,0.9774,0,0,0,97,20,1.6136,0,1,4,55976.21,0,0.2641,1
1,1,1,1,1.0443,0,0,0,212,154,1.0951,0,0,1,369.42,0,0.8655,0
1,1,1,1,1.0398,0,0,0,307,42,0.9543,0,0,1,1291.41,0,0.9342,0
1,0,1,1,0.9966,0,0,0,2358,79,0.6815,0,0,3,8665.88,0,0.8257,0
1,1,1,1,1.0962,0,0,0,626,59,0.794,0,0,3,12778.86,0,0.7816,0
1,1,0,1,0.9393,0,0,0,3272,85,1.1331,0,0,2,211.16,0,0.8439,0
1,1,0,1,1.0359,0,0,0,322,111,1.4594,0,0,2,2864.85,0,0.6548,0
1,1,1,1,1.0377,0,0,0,2617,133,0.7619,1,0,1,14692.25,0,0.889,0
1,1,1,1,1.0375,0,0,0,2882,127,0.7172,0,0,0,12454.85,0,0.9521,0
1,1,1,1,1.0131,0,0,1,33,5,1.2733,0,0,0,3989.95,0,0.9972,0
1,1,1,1,1.0118,0,0,0,2656,23,1.1498,0,0,0,19578.56,0,0.7171,0
1,1,1,1,1.0166,0,0,0,1853,196,1.1634,0,0,3,48689.56,0,0.7976,0
1,1,1,1,0.9624,0,0,0,1592,115,0.6492,0,0,1,17340.57,0,0.8188,0
1,1,1,1,1.0434,0,0,0,1824,142,1.2171,0,0,1,1912.44,0,0.8253,0
1,1,1,1,1.2578,0,1,0,1176,41,2.8083,1,1,7,5867.92,0,0.0679,1
1,1,1,1,1.0354,0,0,0,1644,96,0.7999,0,0,0,21919.69,0,0.8673,0
1,1,1,1,0.9523,0,0,1,159,0,1.2867,0,0,2,10338.76,0,0.9092,0
1,1,1,1,1.0174,0,0,1,173,4,1.0264,0,0,2,2370.94,0,0.9526,0
1,1,0,1,1.0106,0,0,0,2393,15,1.0238,0,0,1,4816.56,0,0.7814,0
1,1,1,1,1.1425,0,0,0,327,167,1.0651,0,0,2,1937.45,0,0.7006,0
1,1,1,1,1.0354,0,0,0,293,104,1.215,0,0,2,1123.85,0,0.8461,0
1,1,1,1,1.0155,0,0,0,536,134,0.9705,0,0,1,12767.36,0,0.978,0
1,1,0,1,0.9629,0,0,0,3276,15,1.3836,0,0,2,2706.84,0,0.7817,0
1,1,1,1,1.0259,0,0,0,2702,155,1.2715,0,0,3,30745.02,0,0.8035,0
0,0,1,1,1.0156,0,0,0,1957,195,0.9666,0,0,3,845.53,0,0.7974,0
1,1,1,1,0.9436,0,0,0,2697,163,0.7582,0,0,0,4331.27,0,0.7145,0
0,0,1,1,1.0352,0,1,0,1862,27,1.6362,0,0,14,85040.36,1,0.7414,1
1,1,1,1,0.9956,0,0,0,1448,46,1.1819,0,0,0,9529.09,0,0.7562,0
1,1,1,1,0.9471,0,0,0,1873,153,1.1066,0,0,0,15035.88,0,0.915,0
1,1,1,1,1.0123,0,0,0,2469,115,0.5354,0,0,0,1179.46,0,0.7976,0
1,1,1,1,0.9913,0,0,0,1072,51,0.9334,0,0,2,93917.98,0,0.7797,0
1,1,1,1,1.0165,0,0,0,2329,8,0.8047,0,0,0,20867.55,0,0.8547,0
1,1,1,1,1.0145,0,0,0,707,83,1.3312,0,0,1,8061.87,0,0.8665,0
1,1,1,1,0.9748,0,0,0,956,108,1.1299,0,0,1,6343.76,0,0.9237,0
1,1,1,1,1.0847,0,0,0,3160,151,1.1553,0,0,1,15435.98,0,0.8273,0
1,1,1,1,0.9496,0,0,0,3522,196,0.8226,0,0,2,4612.1,0,1.0,0
1,1,0,1,1.0092,0,0,0,848,189,1.459,0,0,1,8345.68,0,0.7271,0
1,1,1,1,1.0331,0,0,0,1285,186,0.8957,0,0,2,13342.98,0,0.9266,0
1,1,1,1,0.9599,0,0,0,2821,26,1.0939,0,0,0,9252.41,0,0.8792,0
1,1,1,1,0.9977,0,0,0,1451,23,1.3065,0,0,3,5732.76,0,0.817,0
1,1,1,1,0.9984,0,0,0,1353,33,1.1745,0,0,3,18031.18,0,0.6742,0
1,1,1,1,0.9875,0,0,0,2140,154,1.3061,0,0,3,42524.34,0,0.8911,0
1,1,1,1,0.9666,0,0,0,278,200,1.0492,0,0,2,4242.75,0,1.0,0
1,1,1,1,1.0024,0,0,0,2718,78,0.9822,0,0,1,7240.33,0,0.7313,0
1,1,1,1,0.9741,0,0,0,1814,119,0.9974,0,0,3,683.01,0,0.7668,0
1,1,1,1,0.9488,0,0,0,905,134,1.0632,0,0,3,7692.9,0,1.0,0
1,1,1,1,0.9935,0,0,0,1692,193,1.1455,0,0,2,40133.12,0,0.7679,0
1,1,1,1,1.026,0,0,0,2964,71,1.1986,0,0,3,23115.34,0,0.9257,0
1,1,1,1,0.9341,0,0,0,2095,38,1.0029,0,0,2,19199.2,0,0.9157,0
1,1,1,1,1.0005,0,0,0,1430,53,1.0013,0,0,3,2063.75,0,0.8247,0
1,1,1,1,1.0496,0,0,0,2543,99,1.2474,0,0,3,36434.93,0,0.776,0
1,1,1,1,1.0625,0,0,0,2691,116,0.7438,0,0,2,3960.88,0,1.0,0
1,1,1,1,1.0018,0,0,0,3467,20,1.0849,0,0,2,54231.41,0,0.9185,0
1,1,1,1,1.0837,0,0,0,3303,42,0.9929,0,0,1,242.93,0,0.7723,0
1,1,1,1,0.9669,0,0,0,1444,181,1.3751,0,0,1,10595.4,0,1.0,0
1,1,0,1,1.0071,0,0,0,1682,67,0.721,0,0,2,41127.79,0,0.9021,0
0,0,1,1,1.0435,0,0,0,2427,87,1.304,0,0,2,8231.66,0,0.7346,0
1,1,1,1,1.0377,0,0,0,2137,114,1.0111,0,0,0,19972.38,0,0.8937,0
1,1,1,1,0.969,0,0,0,3232,44,1.0992,0,0,1,19762.13,0,0.8661,0
1,1,1,1,0.9326,0,0,0,1091,61,0.9116,0,0,1,5245.03,0,0.769,0
1,1,1,1,1.0536,0,0,0,1563,45,1.2301,0,0,1,16212.1,0,0.7915,0
1,1,1,1,1.0228,0,0,0,438,30,0.5195,0,0,1,6154.26,0,0.8601,0
1,1,1,1,0.9539,0,0,0,912,128,1.1025,0,0,1,24788.11,0,0.7356,0
1,1,1,1,1.0514,0,0,0,999,104,1.1222,0,0,3,35249.43,0,0.8099,0
1,1,1,1,1.0779,0,0,0,2071,86,0.8142,0,0,1,49441.73,0,0.8165,0
1,1,1,1,1.0265,0,0,0,1874,96,0.553,0,0,0,7587.75,0,0.8263,0
1,1,1,1,1.1163,0,0,0,1320,8,1.414,1,0,3,8392.97,0,0.557,1
1,1,1,1,1.0034,0,0,0,3207,173,1.0349,0,0,2,6343.67,0,0.8365,0
1,1,1,1,1.0266,0,0,0,3587,64,0.6628,0,0,3,12177.61,0,1.0,0
1,1,1,1,1.0321,0,0,0,3294,141,0.8082,0,0,2,6454.05,0,0.9014,0
1,1,1,1,0.9972,0,0,0,1865,50,1.0459,0,0,1,5734.58,0,0.9702,0
1,1,1,0,0.9484,0,0,0,2435,40,0.8598,0,0,3,9396.91,0,0.751,0
1,1,1,0,0.9925,0,0,0,710,103,1.2453,0,0,0,5268.7,0,0.788,0
1,1,1,1,0.9266,0,0,0,1095,61,0.9745,1,0,1,7495.29,0,0.8823,0
1,1,1,1,1.0415,0,0,0,3435,150,1.1129,0,0,1,7916.73,0,0.8049,0
1,1,1,1,1.0303,0,0,0,2169,114,0.815,1,0,1,19557.88,0,0.9508,0
1,1,1,1,0.9839,0,0,0,3375,200,1.3968,0,0,2,2576.91,0,0.9309,0
1,1,1,0,1.021,0,0,0,1443,24,1.1443,0,0,2,2430.39,0,0.8475,0
1,1,1,1,0.9977,0,0,0,900,132,1.0881,0,0,0,5126.6,0,0.7512,0
1,1,1,1,0.98,0,0,0,2932,15,1.0579,0,0,3,2169.7,0,0.7573,0
1,1,1,1,0.9627,0,0,0,836,146,1.0943,0,0,3,18510.42,0,0.8738,0
1,1,1,1,0.9318,0,0,0,422,55,1.4174,0,0,2,2411.67,0,0.9904,0
1,1,1,1,0.873,0,0,0,718,97,1.0354,0,0,1,3774.29,0,0.7413,0
1,1,1,1,0.9489,0,0,0,2519,180,1.3656,0,0,3,25673.5,0,0.9021,0
1,1,1,1,1.0613,0,0,0,2481,46,1.4654,0,0,0,7423.47,0,0.8549,0
1,1,1,1,0.9853,0,0,0,512,43,1.2918,0,0,0,40447.74,0,0.7867,0
1,0,1,1,0.9642,0,0,0,351,119,1.2455,0,0,0,35592.08,0,1.0,0
1,1,1,1,0.9759,0,0,0,2605,179,1.2088,1,0,2,65.09,0,0.7816,0
1,1,1,1,1.0237,0,0,0,3560,165,1.3928,0,0,1,11683.92,0,0.7749,0
1,1,1,1,0.9557,0,1,0,3561,183,0.7012,1,1,0,24910.72,0,0.7969,0
1,1,1,1,1.0316,0,0,0,1252,67,0.7606,0,0,3,1457.3,0,0.8855,0
1,1,1,0,0.9978,0,0,0,684,109,0.8112,1,0,1,4493.92,0,0.9167,0
1,1,0,1,1.04,0,0,0,917,66,0.4371,0,0,0,10661.95,0,0.7246,0
1,1,1,1,1.0017,0,0,1,112,0,1.6518,0,0,2,10328.31,0,0.8408,0
1,1,1,1,0.9883,0,0,0,613,32,0.7042,1,0,1,29053.68,0,0.6865,0
1,1,1,1,0.9597,0,0,0,1605,29,1.0968,0,0,1,10459.9,0,0.8691,0
1,1,0,1,1.0045,0,0,0,827,128,0.8085,0,0,2,24878.31,0,0.7513,0
1,1,1,1,0.9553,0,0,0,1786,196,1.1754,0,0,0,16320.63,0,0.7884,0
1,1,1,1,1.067,0,0,1,77,2,0.7197,0,0,3,9181.47,0,0.8232,0
1,1,1,1,1.0446,0,0,0,2341,126,1.3872,0,1,0,16096.28,0,0.6338,0
1,1,1,1,1.0261,0,0,0,1395,75,1.5298,0,0,1,4699.23,0,0.7058,0
1,1,1,1,1.0298,0,0,0,3254,156,0.9238,0,0,2,22896.89,0,0.7217,0
1,1,1,1,0.9106,0,0,0,3403,151,0.5756,0,0,3,7559.42,0,0.7973,0
0,0,1,1,0.9516,0,0,0,1076,113,0.716,0,0,1,37722.74,0,1.0,0
1,1,0,1,0.9862,0,0,0,709,50,0.9318,0,0,0,2140.29,0,0.9991,0
1,1,1,1,1.0117,0,0,0,580,131,0.7338,0,0,0,32241.12,0,0.8462,0
1,0,1,0,0.9727,0,0,0,3637,173,0.9434,0,0,1,10793.63,0,0.9321,0
1,1,1,1,1.0046,0,0,0,2729,127,0.9599,1,0,3,9507.02,0,0.7654,0
1,1,0,1,0.9371,0,0,0,1007,30,1.0618,0,1,1,4091.16,0,0.8283,0
1,1,1,1,0.954,0,0,0,3334,183,0.5328,0,0,0,2067.02,0,0.9084,0
1,1,1,1,1.0779,0,0,0,983,10,1.1633,0,0,3,3270.98,0,0.6092,0
1,1,1,1,0.9949,0,0,0,1020,147,1.0062,1,0,2,4035.62,0,0.8884,0
1,1,1,1,1.0127,0,0,0,726,191,1.5261,0,0,3,14871.89,0,0.8405,0
1,1,1,1,0.9469,0,0,0,2337,184,1.2602,0,0,0,1042.69,0,0.892,0
0,0,1,1,0.9518,0,0,0,2019,14,0.4522,0,0,2,8549.47,0,0.8429,0
1,1,1,1,0.9843,0,0,0,3440,160,1.3451,0,0,3,1247.44,0,0.792,0
1,1,1,1,1.0532,0,0,0,3016,171,0.8301,0,0,2,2620.03,1,1.0,0
1,1,1,1,1.0279,0,0,0,1581,179,0.7027,0,0,1,274.95,0,0.8723,0
1,1,1,1,1.0358,0,0,0,2279,59,1.2175,0,0,2,972.73,0,1.0,0
1,1,1,1,1.0135,0,0,0,321,120,1.3377,1,0,0,573.95,0,0.7771,0
1,1,1,1,1.0163,0,0,0,2870,177,1.2516,0,0,3,671.73,0,0.8042,0
1,1,0,0,1.3886,1,1,0,1477,36,1.8791,0,0,3,19320.54,0,0.7201,1
1,1,1,1,1.0017,0,1,0,2964,102,0.7294,0,0,1,3951.73,0,0.765,0
1,1,0,1,0.9897,0,0,0,2550,120,0.953,0,0,3,10931.72,0,0.5845,0
1,1,1,1,1.0877,0,0,0,693,157,1.5043,0,0,3,9568.44,0,0.8955,0
1,1,1,1,1.0254,0,0,1,169,5,1.0758,0,0,0,26284.29,0,0.8148,0
1,1,1,1,0.85,0,0,0,825,27,0.9176,0,0,3,6988.31,0,0.9124,0
1,1,1,1,0.9016,0,0,0,359,149,1.0495,0,0,2,359.8,0,0.6444,0
1,1,1,1,1.0137,0,0,0,473,130,0.8309,0,0,3,8160.41,0,0.8329,0
1,1,0,1,1.0795,0,0,0,597,184,0.7436,0,0,0,4484.74,0,0.772,0
0,0,1,1,0.9395,0,0,1,48,4,0.8937,0,0,3,29914.55,0,0.794,0
1,1,1,1,0.9257,0,0,0,616,89,1.2677,0,1,2,282.7,0,0.8151,0
1,1,1,1,1.0279,0,0,0,1536,157,0.5439,0,0,3,14567.13,0,0.7346,0
1,1,1,1,0.9662,0,0,0,205,146,1.3492,0,0,3,6918.72,0,0.8716,0
1,1,1,0,1.0306,0,0,0,3070,89,0.3449,0,0,3,7835.72,0,0.9469,0
1,1,1,1,1.0797,0,0,1,73,2,1.2707,0,0,2,694.53,0,0.8843,0
1,1,0,1,0.9049,0,0,0,1508,196,0.8634,1,0,2,10886.31,0,0.8088,0
1,1,1,0,1.0413,0,0,0,299,24,1.031,0,1,2,42191.8,0,0.8574,0
1,1,1,1,1.0581,0,0,0,1310,34,1.1534,0,0,1,32859.07,0,1.0,0
1,1,1,1,0.9765,0,0,0,326,67,0.8559,0,0,2,472.59,0,1.0,0
1,1,1,1,1.0016,0,0,0,2486,91,0.8159,0,0,2,3621.9,0,1.0,0
1,1,1,1,1.0415,0,0,0,1856,185,0.7172,0,0,3,6175.66,0,1.0,0
1,1,1,1,1.1422,0,0,0,199,18,0.708,0,0,3,14117.9,0,0.9493,0
1,1,1,1,1.0023,0,0,0,1788,54,0.77,0,0,1,9509.31,0,0.6957,0
1,1,0,1,0.9848,0,0,0,398,115,1.2951,0,0,0,26857.99,0,1.0,0
1,1,1,1,0.8929,0,0,0,2261,17,0.9853,0,0,0,6633.27,0,0.958,0
1,1,1,1,0.9871,0,0,0,289,49,0.6114,0,0,3,362.77,0,0.7692,0
1,1,1,1,1.0276,0,0,0,1705,124,1.1071,0,0,0,24307.6,0,0.9919,0
1,1,1,1,1.0374,0,0,0,313,37,0.8738,0,0,2,38919.76,0,0.7803,0
1,1,1,1,0.9734,0,0,0,933,108,0.902,1,0,0,33973.1,0,0.9767,0
1,1,1,1,1.0039,0,0,0,2278,103,1.0071,0,0,1,63015.06,0,1.0,0
1,1,1,1,1.0201,0,0,0,2698,177,1.4559,0,0,0,20731.18,0,0.9588,0
1,1,1,1,1.0081,0,0,0,3363,147,0.8246,0,0,0,3428.95,0,0.8318,0
1,1,1,1,1.0095,0,0,1,61,4,1.1498,0,0,0,48774.28,0,0.7537,0
1,1,1,1,0.9287,0,0,0,3359,38,0.4659,0,0,0,11.76,0,0.8588,0
1,1,1,1,0.9716,0,0,1,131,5,1.2479,0,0,1,10700.47,0,0.7902,0
1,1,1,1,1.0152,0,1,0,2248,164,1.214,0,0,3,633.22,0,0.7785,0
1,1,1,1,1.0516,0,0,0,449,43,0.2,0,0,2,51902.67,0,1.0,0
1,1,1,1,0.9981,0,0,0,1594,99,0.38,0,0,0,3268.25,0,0.9391,0
1,1,1,1,1.0201,0,0,1,118,4,1.0137,0,0,2,33513.6,0,0.8685,0
1,1,1,1,0.9709,0,1,0,410,16,1.0143,0,0,0,8370.73,0,0.9993,0
1,1,1,1,0.9298,0,0,0,1938,130,1.0005,0,1,2,11063.33,0,0.9288,0
1,1,1,1,0.9871,0,0,0,2054,132,1.2546,1,0,2,2274.18,0,0.7494,0
1,1,0,1,0.9652,0,0,0,556,134,1.0382,0,0,1,10815.68,0,0.9145,0
1,1,0,1,0.9722,0,0,0,3632,117,1.0864,0,0,1,1834.92,0,0.7691,0
1,1,1,1,0.9541,0,0,1,107,4,1.715,0,0,3,4640.65,0,0.7231,0
1,1,1,1,0.9398,0,0,0,368,153,1.0012,0,1,3,12065.13,0,0.9047,0
1,1,1,1,1.0098,0,0,0,1506,103,1.4173,0,0,3,28867.0,0,0.7597,0
1,1,1,1,0.9591,0,0,0,543,121,1.3379,0,0,3,1354.4,0,0.6646,0
1,0,1,1,0.9659,0,0,0,1709,93,0.6125,0,0,0,8182.27,0,0.7015,0
1,1,1,1,1.0535,0,0,0,2112,42,0.8289,0,0,2,2934.76,0,1.0,0
1,1,1,1,1.048,0,0,0,2215,181,0.9301,0,0,2,3791.83,0,0.8933,0
1,1,1,1,0.9737,0,0,0,1383,79,1.3261,0,0,1,27881.17,0,0.6995,0
1,1,1,1,1.1037,0,0,0,2148,182,0.3525,0,0,0,4996.48,0,0.8167,0
1,1,1,0,1.0446,0,0,0,3011,156,0.9279,0,0,0,13782.11,0,0.7992,0
0,0,1,1,1.0457,0,0,0,3165,69,0.7767,0,0,3,7062.99,0,0.7543,0
1,1,1,1,1.0452,0,0,0,1819,13,0.7119,0,0,0,16804.19,0,0.8499,0
1,1,1,1,0.9624,0,0,0,1806,74,0.8842,0,0,1,55838.92,0,0.9439,0
0,0,1,1,1.0228,0,0,0,1424,150,1.1831,0,0,2,3717.42,0,0.864,0
1,1,1,1,0.9611,0,0,0,3281,162,1.3409,0,0,0,12552.77,0,0.9149,0
1,1,1,1,0.9605,0,0,0,2026,152,0.6994,0,0,1,5640.68,0,0.7762,0
1,1,1,1,1.0518,0,0,0,2928,129,1.197,0,0,3,1391.33,0,0.7826,0
1,1,1,1,1.0136,0,0,0,1680,71,0.6311,0,0,3,22459.08,0,0.8114,0
1,1,1,1,0.8735,0,0,0,1651,46,1.0714,1,0,3,24507.4,0,0.8695,0
1,1,1,1,0.9708,0,0,0,361,114,1.0339,0,0,2,11072.46,0,0.7451,0
1,1,1,1,0.9685,0,0,0,1617,39,1.5354,0,0,2,55437.07,0,0.608,0
1,1,1,1,1.1615,0,0,0,870,41,2.0784,1,1,2,35206.01,0,1.0,1
1,1,1,1,0.9555,0,0,0,2425,144,1.4524,0,0,2,13387.1,0,0.7099,0
1,1,1,1,1.0205,0,0,0,1705,20,0.7647,0,0,2,41589.84,0,0.8277,0
1,1,1,1,1.0686,0,0,0,3286,69,0.691,0,0,1,1929.72,0,0.8608,0
1,1,1,1,0.9994,0,0,0,1840,78,0.9603,0,0,2,6132.48,0,0.7848,0
1,1,1,1,1.0458,0,0,0,3253,199,1.0032,0,0,1,16031.61,0,0.829,0
1,1,1,1,0.8781,0,0,0,314,56,1.5773,0,0,0,21525.09,0,0.8729,0
1,1,1,1,0.8694,0,0,0,771,163,0.8232,0,0,0,5181.71,0,0.9019,0
0,0,1,1,0.9803,0,0,0,1191,168,1.3628,0,0,2,3299.81,0,0.9397,0
1,1,1,1,1.1194,0,0,0,1456,13,0.9767,0,0,1,44384.57,0,0.6644,0
1,1,1,1,0.971,0,0,0,3475,102,1.3298,0,0,3,22560.9,0,0.8694,0
1,1,1,1,1.0482,0,0,0,3638,43,1.3521,1,0,2,18433.03,0,0.9757,0
1,1,1,1,1.0116,0,0,0,1201,77,0.75,0,0,1,26672.93,0,0.8633,0
1,1,1,1,0.9937,0,0,0,3104,78,0.9013,0,0,2,29613.76,0,0.8279,0
1,1,1,1,0.9988,0,0,0,1478,60,1.5188,0,0,3,2137.25,0,0.765,0
1,0,1,1,1.0172,0,0,0,186,115,1.2197,0,0,0,14667.38,0,0.965,0
1,1,1,1,1.0149,0,0,0,778,78,0.3847,1,0,0,22848.96,0,0.9076,0
1,1,1,1,0.9249,0,0,0,3359,73,0.921,0,0,1,20881.5,0,0.7003,0
1,1,1,1,0.9614,0,0,1,137,3,0.8483,0,0,2,24074.98,0,0.8648,0
1,1,1,1,0.9353,0,0,0,3492,70,0.9648,0,1,1,20815.09,0,0.9798,0
1,1,1,1,0.9166,0,0,1,53,2,1.2711,0,0,2,35299.75,1,0.9396,0
1,1,1,1,0.912,0,0,0,3273,35,0.4438,0,0,1,24604.35,0,0.8792,0
1,1,1,1,0.9631,0,0,0,839,74,1.1521,0,0,2,44476.53,0,0.8189,0
1,1,1,0,1.0326,0,0,0,1892,145,1.367,0,0,0,3612.32,0,1.0,0
0,0,1,1,1.0136,0,0,1,71,2,0.212,0,0,1,4583.03,0,0.7402,0
1,1,1,1,1.0563,0,0,0,1517,129,0.9183,0,0,1,2779.48,0,0.7884,0
1,1,1,0,0.9221,0,0,0,336,63,1.0026,0,0,0,25392.07,0,0.773,0
1,1,0,0,1.0524,0,0,1,146,2,1.1296,1,0,0,5341.67,0,0.6837,0
1,1,1,1,1.0838,0,0,0,350,118,1.2318,0,0,2,20302.82,0,0.8907,0
1,1,1,1,0.9963,0,0,0,3368,97,1.0457,0,0,3,21112.86,0,0.8357,0
1,1,1,1,1.0954,0,0,0,294,66,0.9834,0,0,3,6110.8,0,0.82,0
1,1,1,1,1.0083,0,0,0,3611,103,1.0741,0,0,2,13008.37,0,0.9116,0
1,1,1,1,1.0356,0,0,0,3414,94,1.7232,0,0,3,819.2,0,0.9127,0
1,1,1,1,0.9916,0,1,0,3032,168,0.418,0,0,2,879.07,0,0.9439,0
1,1,1,0,1.0098,0,0,1,38,0,1.2421,0,0,3,25155.09,0,0.7844,0
1,1,1,1,1.0447,0,0,0,3569,90,1.1213,0,0,0,31223.04,0,0.9601,0
1,1,1,1,0.9955,0,0,0,544,181,0.9711,0,0,0,21370.71,0,0.8126,0
1,1,1,1,0.9555,0,1,0,670,125,0.8755,0,0,1,5369.29,0,0.897,0
0,0,1,1,0.9459,0,0,0,886,88,0.7039,0,0,3,7405.23,1,0.7687,0
1,1,0,1,1.0247,0,0,0,2582,146,0.9925,0,0,3,19631.19,0,0.8661,0
1,1,1,1,1.0199,0,0,0,2494,118,0.8991,0,0,0,11601.43,0,0.8916,0
1,1,1,1,0.9998,0,0,0,3205,83,1.0122,0,0,0,12491.63,0,0.8417,0
1,1,1,1,0.9767,0,0,0,1222,30,1.2671,0,0,3,54191.24,0,0.9307,0
1,1,1,1,0.9616,0,0,1,69,0,0.7909,0,0,2,4399.37,0,0.9707,0
1,1,0,1,1.0802,0,0,0,1653,74,1.3614,0,0,2,17207.45,0,0.9134,0
1,1,1,1,1.0572,0,0,0,1857,88,0.9553,0,0,0,5894.26,0,0.8573,0
1,1,1,1,0.9067,0,0,0,1649,47,1.4216,0,0,3,6670.57,0,0.8361,0
1,0,1,1,0.9545,0,0,0,1331,141,1.4877,0,0,3,18353.4,0,0.8689,0
0,0,1,1,1.0661,0,0,0,3324,177,1.0767,0,0,3,10190.03,0,0.9345,0
1,1,0,1,1.0015,0,0,0,639,62,0.8868,0,0,2,11676.79,0,0.7345,0
1,1,1,1,1.0207,0,0,0,1525,129,0.7561,0,0,1,30613.04,0,0.8058,0
1,1,1,1,0.9885,0,0,1,78,0,0.7847,0,0,3,11669.98,0,0.7663,0
1,1,1,1,1.0122,0,1,0,2117,173,1.0413,0,0,0,61680.02,0,0.9187,0
1,1,1,1,0.986,0,0,0,2325,93,0.7684,0,0,3,18296.55,0,0.8788,0
1,1,1,1,1.0064,0,1,1,140,4,1.1373,0,0,3,29634.2,0,1.0,0
1,1,1,1,1.0105,0,0,0,1611,135,1.3886,0,0,0,22528.65,0,0.9357,0
1,1,1,1,0.9786,0,0,0,2217,115,0.6804,0,0,3,8365.07,0,0.8535,0
1,1,1,1,1.0308,0,0,1,149,4,1.2681,0,0,3,7098.3,0,0.9016,0
1,1,1,1,1.0591,0,0,0,1864,191,0.9825,0,0,2,48409.49,0,0.7433,0
1,1,1,1,0.9692,0,0,0,1440,107,1.2307,0,0,1,2096.24,0,0.9056,0
1,1,1,1,1.008,0,0,0,3018,87,0.7039,0,0,0,19131.5,0,0.7341,0
1,1,1,0,1.0202,0,0,0,263,106,1.054,0,0,1,20939.81,0,0.9331,0
1,1,1,1,1.0461,0,0,0,511,37,1.3484,0,0,0,951.21,1,0.8417,0
1,1,0,1,1.0332,0,0,0,2980,114,1.2732,0,0,3,14740.39,0,0.9993,0
0,0,1,1,0.9645,0,0,1,60,5,1.2199,0,0,0,26918.8,0,0.8439,0
1,1,1,1,0.9895,0,0,0,423,83,1.3594,0,0,1,22832.85,1,0.9019,0
1,1,1,1,1.0157,0,0,0,544,72,0.8444,0,0,3,2394.27,0,1.0,0
1,1,1,1,1.0608,0,0,0,685,41,1.5411,0,0,0,19530.29,0,0.6799,0
1,1,1,1,0.9781,0,0,0,3373,38,1.2762,0,0,2,27697.62,0,0.7339,0
1,1,1,1,0.9729,0,0,0,2991,82,1.5524,0,0,3,39083.17,0,0.8564,0
1,1,1,1,0.9458,0,0,0,1078,52,0.7673,0,0,3,85.3,0,0.6802,0
1,1,1,1,0.9374,0,0,0,2447,105,1.3987,0,0,0,19163.26,0,0.8078,0
0,0,0,1,1.0222,0,0,0,1497,100,0.8424,0,0,3,32068.8,0,0.8524,0
1,1,1,1,0.9319,0,0,0,1336,168,0.9076,0,0,0,2352.8,0,0.884,0
1,1,1,1,1.0547,0,0,0,893,101,0.5737,0,0,2,17300.37,0,0.6565,0
1,1,1,1,0.9476,0,0,0,2458,22,1.0012,0,1,2,19939.09,0,0.8486,0
1,0,1,1,1.0301,0,0,0,1695,14,1.1549,0,0,2,2608.7,0,0.9494,0
1,1,1,1,0.9227,0,0,0,3522,150,1.01,0,0,2,664.76,0,0.9713,0
1,1,1,1,1.003,0,0,0,2236,79,0.8699,0,0,1,3042.53,0,0.9185,0
1,1,1,1,0.956,0,0,0,2265,170,1.1168,0,0,3,22543.3,0,0.6648,0
1,1,1,1,0.9653,1,0,0,3563,90,0.8581,0,0,2,9605.83,0,0.6736,0
1,1,1,1,1.2646,0,0,0,1145,10,1.8994,1,1,0,3145.02,0,0.5619,1
1,1,1,1,0.9707,0,0,0,3324,62,1.6269,0,0,3,16027.0,0,0.9012,0
1,1,1,1,1.0373,0,1,0,551,200,1.2902,0,0,0,7236.03,0,0.9768,0
1,1,1,1,1.0047,0,0,0,2326,21,1.0819,0,0,3,21009.34,0,0.7963,0
1,1,1,1,0.9767,0,0,0,2120,152,0.7884,0,0,1,28997.41,0,1.0,0
1,1,1,1,1.0877,0,0,0,2146,63,0.9971,0,0,0,9707.43,0,0.9407,0
1,1,1,1,1.0421,0,0,0,908,35,1.045,0,0,2,674.14,0,0.8001,0
1,1,1,1,1.0599,0,0,0,2337,138,0.956,0,0,3,1557.45,0,0.7644,0
1,1,1,1,1.0097,0,0,0,883,58,1.3456,0,1,3,3172.45,0,0.8601,0
0,0,1,1,0.9357,0,0,1,131,3,1.1602,0,0,1,23015.3,0,0.702,0
1,1,1,1,0.9974,0,0,0,1579,44,0.9617,0,0,0,3560.6,0,0.6974,0
1,1,1,1,1.0433,0,0,0,3140,27,0.6577,0,0,2,6494.54,0,0.8752,0
1,1,1,1,1.0744,0,0,1,38,1,1.1808,0,0,0,4508.44,0,0.778,0
1,1,1,1,0.9422,0,0,0,2267,104,0.5169,0,0,0,5000.27,0,0.8929,0
1,1,1,1,0.922,0,0,0,1956,112,0.6163,1,0,3,5192.97,0,0.8648,0
0,0,0,0,0.8196,0,1,1,6,1,2.0,0,0,1,38770.36,0,0.6949,1
1,1,1,1,0.9929,0,0,0,952,51,1.2308,0,0,0,18564.64,0,0.8709,0
1,1,1,1,1.0434,0,0,0,3072,95,0.994,0,0,1,5119.79,0,1.0,0
1,1,1,1,1.0832,0,0,0,814,150,0.6539,0,0,2,12257.46,0,0.8987,0
1,1,1,1,0.9873,0,0,0,440,38,0.9259,0,0,3,4219.15,0,0.8019,0
1,1,1,1,1.0706,0,0,0,3144,83,1.1592,1,0,0,6479.36,0,0.7574,0
1,1,1,1,0.9896,0,0,0,1718,114,1.4414,0,0,0,20036.17,0,0.6473,0
1,1,1,1,1.0621,1,0,0,1957,196,0.9831,0,0,1,10465.4,0,0.9035,0
1,1,1,1,1.095,0,0,0,1903,53,1.0481,0,0,3,1440.63,0,0.8048,0
1,1,1,1,0.9292,0,0,0,1716,87,1.0043,0,0,2,5337.19,0,0.7532,0
1,1,1,1,0.9517,0,0,0,1924,174,1.1529,1,0,1,31100.83,0,0.8676,0
1,1,1,1,1.0112,0,0,0,1912,17,1.4665,0,0,2,1627.63,0,0.9281,0
1,1,1,1,1.15,0,0,0,3283,184,1.2633,0,0,3,10543.96,0,0.719,0
0,0,1,1,1.0558,0,0,0,2561,27,1.0375,0,0,0,5572.25,0,0.8772,0
1,1,1,1,0.9291,0,0,0,2687,37,0.7291,0,0,1,294.35,0,0.9011,0
0,0,0,0,0.9938,1,0,0,1210,44,1.4886,0,0,4,3075.67,0,0.2798,1
1,0,1,1,1.027,0,0,0,2762,26,1.0898,1,0,2,39811.17,0,0.9005,0
1,1,1,1,1.2555,1,1,0,346,29,2.9663,0,0,3,1703.2,0,0.5656,1
1,1,1,1,1.0098,1,1,1,68,2,2.4137,0,1,0,29426.17,0,0.6458,1
1,1,1,1,0.9729,0,0,0,2049,107,1.4714,0,0,2,2323.53,0,0.8796,0
1,1,1,1,1.0175,0,1,1,11,0,3.6366,0,0,0,5353.18,1,0.5432,1
1,1,0,1,0.9956,0,0,0,2216,7,0.3324,0,0,1,13770.7,0,1.0,0
1,1,1,1,0.9112,0,0,0,2918,181,1.1135,0,0,1,27634.86,0,0.8511,0
1,1,1,1,0.9838,0,0,0,1763,182,0.6972,0,0,3,12343.45,0,0.9532,0
1,1,1,1,1.1183,0,0,0,2254,166,0.8434,0,0,3,18190.74,0,0.8434,0
1,1,1,1,0.9619,0,0,0,1250,198,1.0666,0,0,3,14404.94,0,0.789,0
1,1,1,1,1.0366,0,1,0,3431,44,0.6524,0,0,2,9505.54,0,0.9058,0
1,1,1,1,0.9916,0,0,0,2562,12,1.1386,0,0,3,1999.62,0,0.7857,0
0,0,1,0,1.1113,0,0,1,3,1,5.1709,0,0,4,116247.2,0,0.6612,1
1,1,0,1,1.0296,0,0,0,1618,40,0.8157,0,0,3,13018.51,1,0.9424,0
1,1,1,1,1.0366,0,0,0,764,131,0.8731,0,0,3,1134.5,0,0.9938,0
1,1,1,1,0.9882,0,0,0,2121,90,0.9151,0,0,3,277.99,0,0.8739,0
1,1,1,1,1.0484,0,0,0,697,157,0.8473,0,0,1,682.95,0,0.8964,0
1,1,1,1,1.0179,0,0,0,1195,160,0.9833,0,0,1,3267.65,0,0.9295,0
1,1,1,1,1.0108,0,0,0,1744,118,1.0178,0,1,3,50697.01,0,0.7846,0
1,0,1,1,0.9931,0,0,1,52,2,1.1605,0,0,0,4825.63,0,0.817,0
1,1,1,1,0.9578,0,1,0,2439,158,1.9677,0,0,3,1325.79,0,0.9064,0
1,1,1,1,0.9389,0,0,0,1262,162,1.5807,0,0,0,25971.32,0,0.6968,0
1,1,1,1,0.9156,0,1,0,2843,85,1.5715,0,0,0,13741.87,0,1.0,0
0,0,1,1,0.9311,0,0,0,1452,154,0.869,0,0,1,12629.76,0,1.0,0
1,1,1,1,1.0094,0,0,0,1993,163,1.2518,0,0,1,10417.12,0,0.8473,0
1,1,1,1,0.9867,0,0,0,2883,59,0.6255,0,0,3,35153.35,0,0.9778,0
1,1,1,1,0.9927,0,0,0,514,161,0.6344,0,0,0,72559.31,0,1.0,0
1,1,1,1,1.0481,0,0,0,1069,135,0.3706,0,0,2,115.86,0,0.6491,0
1,1,1,1,1.0246,0,0,0,3131,110,0.3156,0,0,1,1760.09,0,0.7892,0
1,1,1,1,1.0024,0,0,1,116,5,0.673,0,0,2,1684.33,0,0.8813,0
1,1,1,1,0.9924,0,0,0,1587,160,0.5945,0,0,1,5933.41,0,0.9201,0
1,1,1,1,0.9861,0,0,0,618,67,1.1873,0,0,2,4158.71,0,0.8859,0
1,1,1,1,1.059,0,0,0,1389,190,0.3837,0,0,2,20181.9,0,0.7716,0
1,1,1,1,1.0827,0,0,0,342,164,1.0985,0,0,3,914.1,0,0.7209,0
1,1,1,1,0.964,0,1,0,1625,101,0.7408,0,0,1,57674.89,0,0.9301,0
1,1,1,1,1.1211,0,0,0,1670,194,0.7927,0,0,2,12140.84,0,0.8757,0
1,1,1,1,0.9339,0,0,1,114,1,0.7055,0,0,2,31826.28,0,0.6335,0
1,1,1,0,0.9919,0,0,1,83,4,1.3209,0,0,0,7418.9,0,0.9637,0
1,1,1,1,1.0244,0,0,0,1130,189,0.8399,0,0,1,13469.21,0,0.8868,0
0,0,0,1,1.3569,0,0,1,16,0,2.8604,0,1,1,40849.91,0,0.4822,1
1,1,1,1,0.9947,0,0,0,1796,129,0.9588,1,0,3,8249.74,0,0.8524,0
1,0,1,1,1.1907,0,1,0,1182,11,1.9723,1,1,8,85462.29,1,0.7374,1
1,1,0,1,0.9851,0,0,1,113,1,0.8155,0,0,3,7929.44,0,1.0,0
0,0,0,0,1.0345,0,0,1,47,1,0.3,1,1,2,2210.98,0,0.1492,1
1,1,1,1,0.9739,0,0,0,2914,13,0.8356,0,0,0,7285.04,0,0.7389,0
1,1,1,1,1.0227,0,0,0,2185,157,1.0823,0,0,0,8774.68,0,0.8406,0
1,1,1,1,0.9979,0,0,0,2868,97,0.7269,0,0,3,36866.6,0,0.9576,0
1,1,1,0,1.0008,0,0,0,886,124,0.9059,0,0,0,1009.09,0,0.9266,0
1,1,1,1,1.0436,0,0,0,1528,60,1.0626,0,0,1,14770.68,0,0.7995,0
1,1,0,1,1.0164,0,0,1,78,5,1.3545,0,0,3,9181.73,0,0.9266,0
1,1,1,0,0.7963,0,0,0,1314,41,1.3667,1,1,4,1226.2,0,0.5414,1
1,1,1,1,1.0732,0,0,0,2800,5,1.0562,0,0,2,4892.42,0,0.9897,0
1,0,1,1,1.0498,1,0,0,645,3,2.4807,1,0,3,5210.92,0,0.4454,1
1,1,1,1,1.0253,0,0,0,2851,81,0.7396,0,0,1,6466.18,0,0.8059,0
1,1,1,1,1.0088,0,0,0,1325,16,1.2674,1,0,3,17523.23,0,0.7618,0
1,1,1,1,1.0374,0,0,0,2187,73,1.1038,0,0,1,31062.5,0,0.6646,0
1,1,1,1,1.0126,0,0,0,1343,176,1.1411,0,0,3,10884.45,0,0.8747,0
1,1,1,1,1.0445,0,0,0,269,160,0.7108,0,0,2,2570.41,0,0.947,0
1,1,1,1,0.9831,0,0,0,1575,195,1.0974,0,0,1,38075.99,0,0.7544,0
1,1,1,1,0.9946,0,0,0,3646,160,1.3186,0,0,0,3314.09,0,0.8502,0
1,1,0,1,1.0155,0,0,0,3109,14,0.8175,0,0,0,54997.61,0,1.0,0
0,0,1,1,0.9928,0,0,0,3035,143,1.0713,0,0,0,14930.06,0,1.0,0
1,1,1,1,1.048,0,0,0,1682,79,0.9622,0,0,0,34772.12,0,0.8898,0
1,1,0,1,0.9805,0,1,0,1651,34,0.8292,0,0,3,24000.3,0,0.9153,0
1,1,1,1,0.9833,0,0,0,2584,119,0.2237,0,0,3,4384.1,0,0.9073,0
1,1,1,1,1.021,0,0,0,2414,32,1.3535,0,0,0,1767.57,0,0.8753,0
1,1,1,1,0.8761,0,0,0,1798,79,0.8681,0,0,2,3287.5,0,0.7451,0
1,1,1,1,0.9926,0,0,0,805,175,1.1254,0,1,0,295.94,0,0.9057,0
1,1,1,1,0.966,0,0,1,53,2,0.5577,0,0,1,9802.65,0,0.9056,0
1,1,1,1,0.928,0,0,0,693,77,0.8925,0,0,2,10579.24,0,0.722,0
1,1,1,1,1.3,1,0,0,733,41,1.1498,0,0,3,42052.88,0,0.6813,1
1,1,1,1,1.0093,0,0,0,2199,186,0.9988,0,0,3,3695.25,0,0.9337,0
1,1,1,1,0.9885,0,1,0,1426,22,1.4237,1,0,1,3215.54,1,0.853,0
1,1,1,1,1.014,0,0,0,2513,137,1.4338,0,0,2,13430.1,0,0.9918,0
1,1,0,1,1.0625,0,0,0,3076,151,0.6475,0,0,2,24663.08,0,0.7655,0
1,1,1,1,1.0463,0,0,0,370,50,1.087,1,0,0,2264.73,0,0.7673,0
1,1,0,1,0.9875,0,0,0,267,25,0.5103,0,0,0,5381.4,0,0.905,0
1,1,1,1,0.8826,0,0,0,2642,14,1.2598,0,0,3,21710.99,0,0.8584,0
0,0,0,1,0.9744,0,0,1,171,2,1.0839,1,0,2,20879.99,0,0.8761,0
1,1,1,1,1.0462,0,0,0,623,115,0.9547,0,0,2,59978.64,0,0.6102,0
1,1,1,0,1.1188,0,0,0,2555,139,1.0818,0,0,2,20835.51,0,0.7512,0
1,1,1,1,1.0687,0,0,0,357,109,1.6671,0,0,2,8336.26,0,0.9355,0
1,1,0,1,1.0617,0,0,0,892,174,0.9792,0,0,2,5232.82,0,0.9415,0
1,1,1,1,1.0047,0,0,0,2275,125,1.0066,0,0,3,5227.96,0,0.8329,0
0,0,1,0,0.9212,0,0,1,47,3,1.4122,0,0,0,6820.0,0,0.8544,0
1,1,1,1,1.0115,0,1,0,725,28,1.1484,0,0,0,3549.32,0,0.9459,0
1,1,1,1,1.0232,0,0,0,1669,99,0.855,0,0,3,12100.15,0,0.8471,0
1,1,1,1,0.9206,0,0,0,1166,101,1.445,0,0,2,13216.18,0,0.9941,0
1,1,1,1,1.0015,0,0,1,87,2,1.2657,0,0,2,64991.51,0,0.7911,0
1,1,1,1,1.0085,0,0,0,2321,182,1.1493,0,0,3,33617.63,0,0.6225,0
1,1,1,1,0.9552,0,0,0,3022,154,0.9963,0,0,3,16282.11,0,0.8714,0
1,1,1,1,1.0061,0,0,0,2848,24,0.8248,0,0,3,5905.83,0,0.8536,0
1,1,1,1,1.0067,0,0,0,1320,127,1.3334,0,0,0,26554.17,0,0.8691,0
1,1,1,1,1.0071,0,0,0,2129,91,0.8144,0,0,1,11203.87,0,0.818,0
1,0,1,1,0.9827,0,0,0,3011,176,0.8032,0,0,3,8175.25,0,0.9021,0
1,1,1,1,0.9647,0,0,0,3445,156,0.488,0,0,3,1557.37,0,0.9296,0
1,1,1,1,0.9595,0,0,0,905,123,0.9233,0,0,2,17726.13,0,0.7279,0
1,1,1,1,1.6596,0,0,0,891,10,1.2564,0,0,3,39432.14,0,0.5834,1
1,1,1,1,1.0425,0,0,0,2498,79,1.2598,0,0,1,17977.83,0,0.866,0
1,1,1,1,0.8989,0,0,0,3612,109,1.4131,0,0,2,44396.99,0,0.8051,0
1,1,1,1,1.0025,0,0,0,1598,134,0.2586,0,0,2,8642.92,0,0.8632,0
1,1,1,1,0.9957,0,0,0,942,70,1.3076,0,0,1,16719.83,0,0.7249,0
0,0,1,1,1.0109,0,0,0,1740,52,1.2886,0,0,3,6562.22,1,0.9146,0
1,1,1,1,0.9748,0,0,0,356,57,1.253,0,0,0,45979.52,0,0.6378,0
1,1,1,1,0.9742,0,1,0,3037,156,1.1529,0,0,3,5019.67,0,0.8579,0
1,1,1,1,0.9975,0,0,0,1134,75,1.2315,0,0,1,382.11,0,0.9088,0
1,1,1,1,0.935,0,0,0,2091,190,0.3831,0,0,0,207.09,0,0.7778,0
1,0,1,1,0.9444,0,0,1,89,1,0.8261,1,1,5,32461.93,0,0.5866,1
1,1,1,1,0.9975,0,0,0,3223,180,0.9346,0,0,2,2023.49,0,0.7285,0
1,1,1,1,1.1102,0,0,0,2603,187,1.4516,0,0,0,21779.78,0,0.8475,0
0,0,0,1,1.0476,0,1,0,617,14,0.7869,0,0,2,10871.52,0,0.2719,1
1,1,1,1,1.0111,0,0,0,1944,20,0.4195,0,1,3,11244.48,0,0.8546,0
1,1,1,1,1.0558,0,0,1,144,5,0.2,0,0,0,11243.62,0,0.8399,0
1,1,1,1,0.9771,0,0,0,2280,175,1.693,0,0,3,10136.61,0,1.0,0
1,1,1,1,0.9895,0,0,0,1937,35,0.9951,1,0,2,7145.76,0,0.9519,0
1,1,1,1,1.0243,0,0,0,2275,158,1.4593,0,0,0,5872.55,0,0.966,0
1,1,1,1,0.9759,0,0,0,1228,79,1.4818,0,1,1,1693.28,0,0.8287,0
1,1,1,1,1.0005,0,0,0,3536,105,0.387,0,0,3,2171.73,0,0.9344,0
1,1,1,1,0.9473,0,0,0,1279,34,1.0372,0,0,0,59177.23,0,0.6688,0
1,1,1,1,0.9966,0,0,0,2084,54,0.6165,0,0,0,7136.31,0,0.8972,0
1,1,1,1,1.0334,0,0,0,644,100,0.9534,0,0,1,65668.31,0,0.9988,0
1,1,1,1,0.9883,0,0,0,1766,178,0.761,0,0,1,34339.84,0,0.5123,0
0,0,1,1,1.034,0,1,1,28,1,2.4243,1,1,7,14697.5,0,0.9486,1
1,1,1,1,1.0819,0,0,0,1892,122,0.9933,0,0,2,1772.44,0,0.9297,0
1,1,1,0,1.1009,0,0,0,1578,101,0.9464,0,0,0,1605.41,0,0.8021,0
1,1,1,1,1.1055,0,0,0,1802,155,1.3932,0,0,0,8709.87,0,0.7912,0
1,1,1,1,0.9991,0,0,0,3147,94,1.2895,0,0,3,10244.18,0,0.8836,0
1,1,1,1,0.9722,0,0,0,2723,195,0.788,0,0,2,28265.57,0,0.7644,0
1,1,1,1,1.0603,0,0,1,41,5,1.0244,0,0,2,16309.18,0,0.8953,0
1,1,1,1,0.9531,0,0,0,896,131,0.7655,0,1,2,6390.25,0,0.7902,0
1,1,1,1,0.9278,0,0,0,3561,172,0.9591,0,0,2,10265.71,0,0.7977,0
1,1,1,1,0.9524,0,0,0,1333,148,0.3,0,0,3,47709.92,0,0.8588,0
1,1,1,1,1.0407,0,0,0,769,82,0.9004,0,0,0,33521.76,0,0.7902,0
1,1,1,1,1.0852,0,0,0,2252,152,0.9205,0,0,0,5111.6,0,0.91,0
1,1,1,1,1.0672,0,0,0,1844,39,0.7857,0,0,2,101920.66,0,1.0,0
1,1,1,1,1.0502,0,0,1,57,2,0.7931,0,0,1,10228.65,0,0.8933,0
1,1,1,1,0.9935,0,0,0,764,189,0.825,0,0,1,8751.75,0,0.9923,0
0,0,1,1,1.0797,0,0,0,2938,151,0.7145,0,1,0,9571.85,0,0.6993,0
1,1,1,1,1.0004,0,0,0,2368,8,0.9858,0,0,2,4369.08,0,0.7093,0
1,1,0,1,1.0032,0,0,0,273,25,0.8243,0,0,3,279.48,0,0.8623,0
1,1,1,1,0.9724,0,1,0,750,184,1.5138,0,0,0,1499.06,0,1.0,0
1,1,1,1,0.9768,0,0,0,2074,10,1.1164,0,0,3,16950.58,0,0.6548,0
1,1,1,1,1.0593,0,0,0,2257,40,1.0096,0,0,0,4283.4,0,0.8541,0
1,1,1,0,0.9408,0,0,0,753,120,0.5952,0,0,2,24409.39,0,0.7432,0
1,1,1,1,0.9212,0,0,0,3506,171,0.7531,0,0,0,9141.99,0,1.0,0
1,1,1,1,0.9598,0,0,0,2691,162,0.7878,0,0,0,1193.7,0,0.962,0
1,1,1,1,0.9459,0,0,0,2089,97,0.7431,0,0,1,4388.06,0,0.7623,0
1,1,1,1,0.9683,0,0,0,645,31,1.2447,0,0,1,16697.7,0,0.9828,0
1,1,1,1,0.9698,0,0,0,2636,112,0.9492,0,0,1,16567.7,0,0.9236,0
1,1,0,1,0.971,0,0,0,2385,89,1.1569,0,0,1,1233.76,0,0.9639,0
1,1,0,1,0.9837,0,0,0,1730,67,1.1399,0,0,0,15303.39,0,0.9085,0
1,1,1,1,1.1303,0,0,0,2270,145,0.3552,0,0,2,31773.29,0,0.9908,0
1,1,1,1,0.9382,0,0,0,3418,62,0.688,0,0,2,7413.99,0,0.7309,0
1,1,1,1,0.9972,0,0,0,3318,22,1.011,0,0,1,12375.57,0,0.7181,0
1,1,1,1,1.0023,0,0,0,1008,78,0.8576,0,0,1,821.01,0,0.6481,0
1,1,1,1,0.941,0,0,1,43,0,0.8479,0,0,1,917.97,0,0.8819,0
1,1,1,1,1.0406,0,0,0,2159,150,1.4018,0,0,0,17790.18,0,0.6959,0
1,1,1,1,0.9893,1,0,0,1508,170,1.3511,1,0,2,71692.45,0,0.8605,0
1,1,1,1,1.0007,0,0,0,616,26,1.2355,0,0,3,38199.86,0,0.861,0
1,1,1,1,0.9921,0,0,0,1633,9,1.339,0,0,3,3757.95,0,0.7074,0
1,1,1,1,1.0514,0,0,0,1122,193,0.6784,0,1,2,6046.59,0,0.8881,0
1,1,0,1,0.9384,0,0,0,2923,149,0.7492,0,0,2,15378.33,0,0.742,0
1,1,1,1,1.034,0,0,0,3263,27,0.6864,0,0,3,47929.79,0,0.7231,0
1,1,1,1,1.0448,0,0,0,3464,36,1.2738,0,0,3,1726.42,1,0.8193,0
1,1,1,1,0.8997,0,0,0,1824,11,0.358,0,0,1,21310.02,0,0.9234,0
1,1,1,1,0.9499,0,0,0,269,149,1.3065,0,0,0,7563.83,0,0.9122,0
1,1,1,1,1.0023,0,0,0,296,33,0.5638,0,0,0,405.17,0,0.889,0
1,1,1,1,0.9903,0,0,0,2996,74,1.0501,0,0,3,3900.68,0,1.0,0
1,1,1,1,1.0057,0,0,1,129,5,1.0684,0,0,0,1032.28,0,0.8887,0
1,1,1,1,1.0781,0,1,0,2027,114,0.5673,0,0,2,21821.56,0,0.9192,0
1,1,1,1,0.9633,0,0,0,2147,11,0.7472,0,0,2,24906.22,0,0.7083,0
1,1,1,1,1.0291,0,0,0,3595,118,1.1873,0,0,2,19534.45,0,0.7866,0
1,1,1,1,1.0273,0,0,0,1900,21,1.252,0,0,0,8703.16,0,0.7391,0
1,1,1,1,1.0505,0,0,0,2080,24,1.3964,0,0,0,22406.16,0,0.636,0
1,1,1,1,0.9585,1,0,0,3061,93,1.0731,0,0,0,2020.13,0,0.8844,0
1,1,1,1,1.0185,0,0,0,1008,69,1.4954,0,0,0,3643.09,0,0.9487,0
1,1,1,1,1.0431,0,0,0,728,8,0.3328,0,0,2,13003.83,0,0.6858,0
1,1,1,1,1.1807,1,1,0,633,41,1.0,0,1,7,4839.3,0,0.6477,1
1,1,1,1,1.0162,0,0,0,3178,11,1.0607,0,0,3,19413.29,0,0.8404,0
1,1,1,1,1.12,0,0,0,696,148,1.0292,0,0,1,3430.19,0,0.7968,0
0,0,1,1,1.052,0,0,1,92,4,1.1556,0,0,1,4738.67,0,0.7008,0
1,1,1,1,1.0549,0,0,0,567,168,0.5112,0,0,1,15205.21,0,0.6799,0
0,0,1,1,0.9832,0,1,1,43,5,1.5618,0,0,2,11384.14,0,0.9166,0
1,1,1,1,1.006,0,0,0,2554,29,1.6709,0,0,3,33053.92,0,0.8724,0
1,1,1,1,0.9915,0,0,0,414,147,1.1762,0,0,2,3457.35,0,0.8916,0
1,1,1,1,0.9711,1,0,0,1782,95,1.3631,1,0,3,32537.04,0,0.6556,0
1,1,1,0,1.0011,0,0,1,32,1,0.5443,1,1,1,118122.31,0,0.6779,1
1,1,1,1,0.9428,0,0,0,451,18,1.2749,0,0,0,29875.78,0,0.6725,0
1,1,1,1,1.0225,0,0,1,133,4,1.2453,0,0,2,22280.02,0,0.858,0
1,1,1,1,1.0325,0,0,0,3462,91,0.3574,0,0,0,31775.02,0,0.8242,0
1,1,1,1,1.0298,0,0,0,535,88,1.2781,0,0,2,24239.29,0,0.7093,0
1,1,1,1,0.9506,0,0,0,328,136,1.0323,0,0,1,24283.14,0,0.7545,0
1,1,1,1,1.0977,0,0,1,106,4,1.5606,0,0,3,15296.69,0,0.8966,0
1,1,1,1,0.9389,0,0,1,112,0,0.6723,0,0,3,24115.18,0,1.0,0
1,1,1,1,0.9212,0,0,0,565,137,1.4128,0,0,0,5127.59,0,0.7917,0
1,1,1,1,0.9415,0,0,0,2952,166,0.3776,0,0,2,6976.93,0,1.0,0
1,1,1,0,0.9856,0,0,0,1896,28,1.5234,0,0,1,9170.84,0,0.8095,0
1,1,1,1,0.9503,0,0,0,1828,7,1.0209,0,0,0,49503.43,0,0.8417,0
1,1,1,1,1.0488,0,0,0,936,106,1.2357,1,0,3,11662.93,0,0.796,0
1,1,1,1,1.0678,0,0,0,671,101,1.0312,0,0,1,13099.88,0,0.8912,0
1,1,0,1,1.0319,0,0,0,2354,199,1.2626,0,0,0,11765.81,0,0.835,0
1,1,1,1,1.0,0,0,0,1444,14,0.8861,0,0,0,20471.99,0,0.9349,0
1,1,1,1,0.9772,0,0,1,19,0,2.6534,0,0,5,137868.76,1,0.4748,1
1,1,1,1,1.0671,0,0,0,3243,143,1.2738,0,0,0,13834.24,0,0.8351,0
1,1,1,1,0.9727,0,0,0,663,72,1.1444,0,0,3,4733.42,0,0.8961,0
1,1,1,0,0.9641,0,0,0,3179,166,1.1862,0,0,3,31079.63,0,0.8677,0
1,1,1,1,1.0957,0,0,0,3354,126,0.5516,0,0,3,27744.77,0,0.757,0
1,1,1,1,1.0142,0,0,0,1086,87,0.59,0,0,3,27521.86,0,0.8406,0
1,1,1,1,0.9545,0,1,0,1269,190,0.4666,0,0,1,14062.96,0,0.8604,0
1,1,1,1,0.9839,0,0,1,144,3,1.0993,0,0,1,26824.54,0,0.8689,0
1,1,1,1,1.4003,0,0,0,657,3,2.2619,0,0,0,9998.45,0,0.7436,1
1,1,1,1,0.9799,0,0,0,537,182,1.059,0,0,0,17894.26,0,0.8143,0
1,1,1,1,0.9411,0,0,0,306,14,1.1985,0,0,2,1644.7,0,0.8109,0
1,1,1,1,1.0408,0,0,0,254,184,0.7796,0,0,0,3404.93,0,0.6655,0
1,1,1,1,0.9643,0,0,0,3633,118,1.5637,0,0,2,2962.65,0,0.8224,0
1,0,1,1,1.0543,0,0,0,3147,97,1.1375,0,0,3,11855.83,0,0.7259,0
1,1,0,1,1.0312,0,0,1,72,1,0.6832,1,0,0,47290.68,0,0.8728,0
1,1,1,1,1.0345,0,0,0,3037,46,1.1691,0,0,0,56353.29,0,0.9109,0
1,1,1,1,1.0436,0,0,0,1512,48,1.2591,0,0,0,12105.42,1,0.886,0
1,1,1,1,0.9555,0,0,0,3492,19,0.6021,0,0,1,2533.21,0,0.7837,0
1,1,1,1,1.0646,0,0,0,2189,95,1.173,0,1,0,19544.09,0,1.0,0
1,1,0,1,1.0118,0,0,0,3574,133,0.8292,0,0,0,15139.92,0,0.9046,0
1,1,1,1,0.9398,0,0,0,3515,162,1.1073,0,0,1,3390.62,0,0.9412,0
1,1,1,1,0.8921,0,0,0,2397,137,1.2108,0,0,1,8990.99,0,1.0,0
1,1,1,1,0.9661,0,0,0,611,22,0.4622,0,0,2,23375.41,0,0.7417,0
1,1,0,1,1.0137,0,0,0,1158,153,0.8963,0,0,2,2267.2,0,0.9264,0
1,1,1,1,1.025,0,0,0,2479,175,1.2871,0,0,1,13835.38,0,0.7476,0
1,1,1,1,0.9798,0,0,0,484,51,0.9556,0,0,0,8202.58,0,0.7853,0
1,1,1,1,1.0267,0,0,0,3591,136,1.1297,0,0,2,39568.03,0,0.7974,0
1,1,1,1,0.9793,0,0,0,632,7,0.6946,0,0,0,10158.44,0,0.9125,0
1,1,1,1,1.0042,0,1,0,1953,103,0.6976,0,0,1,3518.67,0,0.6481,0
1,1,1,1,0.9986,0,0,0,2500,122,1.0286,0,0,1,1411.15,0,0.8035,0
1,1,1,1,1.0078,0,0,0,2844,9,0.9392,0,0,0,31571.14,0,0.8381,0
1,1,1,1,1.0393,0,0,0,502,166,0.5229,0,0,3,471.81,0,0.907,0
1,1,1,1,1.0553,0,0,0,580,35,0.7446,0,0,3,7115.82,0,0.6696,0
0,0,1,1,1.0402,0,0,0,2719,77,1.0318,0,0,1,31886.67,0,0.8588,0
1,1,1,1,1.3525,0,0,1,5,1,1.5539,1,0,6,174380.04,0,0.2321,1
1,1,0,1,1.1664,0,0,0,1,0,1.7582,0,1,6,69282.76,0,0.7499,1
1,1,1,1,1.1295,0,0,1,104,0,1.604,0,0,1,12865.44,0,0.8116,0
1,1,1,1,1.0007,0,0,0,1745,51,1.2337,0,0,1,1918.89,0,0.8071,0
1,1,1,1,1.041,0,0,0,729,62,1.019,0,0,0,7277.95,0,0.7736,0
1,1,1,1,1.0035,0,0,0,634,131,0.7896,0,0,0,3260.3,0,0.7562,0
1,1,0,1,1.0922,0,0,0,211,145,0.4095,0,0,1,1440.57,0,0.8231,0
1,1,1,0,1.0998,0,0,0,815,156,0.8381,0,0,2,40368.76,0,0.7182,0
1,1,1,1,1.0305,0,0,0,2698,186,0.9203,0,0,3,16586.2,0,0.9394,0
1,1,1,1,1.1154,0,0,0,1593,44,1.1351,0,0,1,3281.41,0,0.75,0
1,1,1,1,0.9545,0,0,0,2845,190,0.391,0,0,2,3646.3,0,0.9488,0
1,1,1,1,1.0347,0,0,0,1268,162,1.1061,1,0,1,7067.58,0,0.8003,0
1,1,1,0,1.0224,0,0,0,436,48,0.9211,0,0,1,9276.52,0,0.7622,0
1,1,1,1,0.9867,0,0,0,1192,165,1.1617,0,0,2,50434.56,0,0.7913,0
1,1,1,1,0.9977,0,0,0,3250,134,0.7997,0,0,2,95.34,0,0.8724,0
1,1,1,0,1.0374,0,0,0,774,118,0.8701,0,0,2,3215.0,0,0.8055,0
1,1,1,1,1.0122,0,0,0,3261,29,0.7476,0,0,0,10433.59,0,0.6488,0
1,1,1,1,0.9737,0,0,0,313,143,1.0826,0,0,3,2600.69,0,0.7856,0
1,1,1,1,0.9716,0,0,0,335,67,1.3661,0,1,0,5997.41,0,0.7331,0
1,1,1,1,0.9453,0,0,0,2541,193,0.7483,0,0,3,1635.32,0,0.9103,0
1,1,1,1,0.9277,0,0,0,2463,197,0.8164,0,0,2,31887.41,0,0.8064,0
1,1,1,1,0.9995,0,0,1,132,5,0.8762,0,0,2,23153.8,0,0.9451,0
1,1,1,1,1.0644,0,0,0,1638,188,0.6605,0,0,0,18208.23,0,0.9592,0
1,1,1,1,0.9864,0,0,0,2316,170,0.8824,0,0,0,19170.14,0,0.7783,0
0,0,1,1,0.9807,0,1,0,276,148,1.1242,0,0,2,3635.8,0,0.8469,0
1,1,1,1,0.9744,0,0,0,737,134,1.0649,0,0,3,30590.82,0,0.9707,0
1,1,0,1,1.0859,0,0,0,3170,52,0.904,0,0,2,4830.67,0,0.9702,0
1,1,1,1,0.9897,0,0,0,2557,157,0.7122,0,0,0,10765.97,0,0.7714,0
1,1,0,1,1.0618,0,0,0,292,61,0.8884,0,0,3,39.1,0,0.9311,0
1,1,1,1,0.9598,0,0,0,964,146,1.1055,0,0,1,14090.51,0,0.6701,0
1,1,1,1,0.9948,0,0,0,1881,13,1.0437,0,0,3,23528.27,0,1.0,0
1,1,1,1,0.9969,0,0,0,2429,164,1.6594,0,0,1,29014.92,0,1.0,0
1,1,1,1,1.0497,0,0,0,2088,152,0.8883,0,0,2,27317.86,0,0.9133,0
1,1,1,1,1.0753,0,0,1,170,2,0.2061,0,0,2,30602.06,0,0.8309,0
1,1,0,0,1.1366,1,1,1,20,2,1.0,0,0,1,21532.26,0,0.599,1
1,1,1,1,0.9744,0,0,0,2253,120,0.7634,0,0,2,18555.81,0,0.9635,0
1,1,1,1,1.0085,0,0,0,1070,168,0.7991,0,0,2,38917.27,0,0.959,0
1,1,0,1,1.2994,0,1,0,106,20,3.5286,1,1,7,1598.11,0,0.2589,1
1,1,1,1,0.9762,0,0,0,720,150,0.5071,0,0,3,6514.98,0,0.9178,0
1,1,1,0,0.8836,0,0,0,3318,165,0.8698,0,0,2,9642.85,0,0.8489,0
1,1,1,1,1.1307,0,0,0,698,157,1.1634,0,0,1,13210.5,0,0.68,0
1,1,1,0,0.9805,0,0,0,374,74,0.7695,1,0,0,6456.99,0,0.8368,0
1,1,1,1,0.9769,0,0,0,3111,43,0.299,0,0,3,2192.4,0,0.9071,0
1,1,1,1,0.9615,0,0,0,1397,68,0.8687,1,0,2,3344.13,0,0.6852,0
1,1,1,1,0.9339,0,0,0,1216,177,1.4009,0,0,1,15531.6,0,0.7916,0
1,1,1,1,1.0963,0,0,1,119,5,1.0771,0,0,1,4311.98,0,0.6796,0
1,1,1,1,0.9487,0,0,0,672,72,1.1962,0,0,1,6833.71,0,0.7324,0
1,1,1,1,0.9355,0,0,0,1471,61,1.0143,0,1,1,1377.38,0,0.9232,0
1,1,1,0,0.9751,0,0,0,1992,133,0.8095,0,0,3,17569.54,0,0.8265,0
1,1,1,1,1.0134,0,0,0,585,21,1.0525,0,0,0,25285.73,0,0.8234,0
1,1,1,1,0.9634,0,0,0,974,190,1.0221,0,0,1,518.41,0,0.7635,0
1,1,1,1,0.9934,0,0,1,126,3,1.0661,0,0,1,3931.56,0,0.6661,0
1,1,1,1,0.9641,0,0,0,1557,191,0.8882,0,0,1,13161.24,0,0.705,0
1,1,1,1,1.0161,0,0,0,2454,124,0.9728,0,0,0,6169.17,0,0.8358,0
1,1,1,1,1.0284,0,0,0,588,155,1.2084,0,0,2,7884.52,0,1.0,0
0,0,1,1,0.9641,0,0,0,2591,50,1.0087,0,0,2,9885.58,0,0.7686,0
1,1,1,1,0.9578,0,0,0,3137,100,1.3102,0,0,1,4254.12,0,0.9324,0
1,0,1,1,0.9339,0,0,0,650,181,0.8408,0,0,3,1374.26,0,0.9991,0
0,0,1,1,1.0619,0,0,0,2476,137,1.197,0,0,3,6051.11,0,0.8293,0
1,1,1,1,0.9437,0,0,0,696,171,0.8324,0,0,0,9370.96,0,0.5838,0
1,1,1,1,1.0727,0,0,0,2518,98,1.1441,0,0,1,2387.26,0,1.0,0
1,1,1,1,1.0071,0,0,0,687,27,1.3648,0,0,1,24741.26,0,1.0,0
1,1,1,0,1.014,0,0,0,417,200,1.3731,0,0,1,5459.14,0,0.9059,0
1,1,0,1,0.9994,0,0,0,1430,194,0.6113,0,0,3,35605.18,0,0.7953,0
1,1,1,1,1.0667,0,0,0,2461,30,1.29,0,0,3,6217.52,0,0.9059,0
1,1,1,0,0.9755,0,0,0,2327,71,1.2244,0,0,3,6678.6,0,0.9773,0
1,1,1,1,1.0306,0,0,0,1851,98,0.4602,0,0,1,22428.01,0,0.8754,0
1,1,1,1,1.0937,0,0,0,2636,22,1.4657,0,0,2,54647.52,0,0.8533,0
1,1,1,1,1.0293,0,0,0,1778,170,1.2818,0,0,2,34132.65,0,0.7708,0
1,1,0,1,1.0388,0,0,0,1181,89,0.8816,0,0,0,1520.21,0,1.0,0
1,1,1,1,1.0316,0,0,0,2522,80,0.6769,0,0,3,7571.99,0,0.984,0
1,1,1,1,1.0093,0,0,0,1324,108,0.7641,0,0,3,17421.27,0,0.8228,0
1,1,1,1,0.9098,0,0,0,2527,187,1.0796,0,0,2,771.96,0,0.9481,0
1,1,1,1,1.0067,0,0,0,2422,33,1.2472,0,0,3,1216.27,0,0.9635,0
1,1,1,1,0.9616,0,0,0,3183,31,0.8658,0,0,0,25150.48,0,0.7212,0
1,1,1,1,1.0074,0,0,0,3493,114,1.144,0,0,1,2401.36,0,0.9792,0
1,1,1,1,0.9275,0,0,0,3634,66,0.9821,0,0,0,10969.53,0,0.8132,0
1,1,1,1,0.9365,0,0,0,3521,165,1.0862,0,0,0,12569.53,0,0.764,0
1,1,1,1,1.0392,0,0,0,1934,125,1.04,0,0,3,19874.46,0,0.8586,0
1,1,1,1,1.036,0,0,0,940,116,0.8327,1,0,3,26851.22,0,0.8805,0
1,1,1,1,0.9594,0,0,1,145,4,1.0452,0,0,3,360.21,0,0.9674,0
1,1,1,1,1.0864,0,0,1,54,2,1.4393,0,0,1,3982.66,0,0.7862,0
0,0,1,1,0.9572,0,0,0,2719,81,1.0649,0,0,3,2206.15,0,0.7532,0
1,1,1,1,0.9531,0,0,0,1100,173,1.0887,0,0,3,2484.97,0,0.9316,0
1,1,1,1,0.9887,0,0,0,2543,133,1.345,0,0,3,10680.85,0,0.8462,0
1,1,1,1,1.0031,0,0,0,3604,195,0.5892,0,0,2,8254.95,0,1.0,0
1,1,1,1,1.0964,0,0,1,42,5,1.4096,0,0,0,13739.18,0,0.7658,0
1,1,1,1,0.959,0,0,0,3183,155,1.0587,0,0,0,10672.12,0,1.0,0
1,1,1,1,1.1082,0,0,1,84,4,1.2007,0,0,2,13663.84,0,0.7764,0
1,1,0,1,0.9583,0,0,0,1186,74,1.1742,0,0,2,36181.58,0,0.955,0
1,1,1,1,0.9491,0,0,0,448,93,1.2351,0,0,3,16345.53,0,0.7446,0
1,1,1,1,1.0258,0,0,0,403,140,0.8893,0,0,0,24259.63,0,0.8779,0
1,1,1,1,0.9434,0,0,0,3005,38,0.9787,0,0,0,69072.01,0,0.8223,0
1,1,1,1,0.9396,0,0,0,1663,169,0.7871,0,0,1,2210.46,0,0.745,0
1,1,1,1,1.0219,0,0,0,3487,18,0.6338,0,1,2,6949.43,0,0.8924,0
1,1,1,1,1.0046,0,0,0,2817,80,0.9706,0,0,0,8884.73,0,0.8357,0
1,1,1,1,0.9591,0,0,0,1239,64,0.9897,0,0,3,12538.82,0,0.7061,0
1,1,1,1,0.8528,0,0,0,247,100,0.9772,0,0,2,14930.71,0,0.9696,0
1,1,1,1,1.0096,0,0,0,908,135,0.5742,0,0,2,38122.23,0,0.8986,0
1,1,1,1,1.0164,0,0,0,1127,32,1.5872,0,0,3,4739.67,0,0.7865,0
1,1,1,1,1.0441,0,0,0,3443,90,1.3144,0,0,3,19082.55,0,0.7791,0
1,1,1,1,0.9927,0,0,0,1634,148,0.6731,0,0,2,1567.0,0,0.9382,0
1,1,1,1,1.0489,0,0,1,147,2,1.0173,0,0,1,11962.43,0,0.7912,0
1,1,1,1,1.0013,0,0,0,407,141,1.156,0,0,3,3944.57,0,0.9325,0
1,1,1,1,0.968,0,0,0,2490,122,1.2505,0,0,1,14756.17,0,0.88,0
1,1,1,1,1.024,0,0,0,1702,94,1.0534,0,0,2,10806.85,0,0.7867,0
1,1,0,1,0.9077,0,0,0,600,45,0.8016,0,0,1,3733.08,0,0.8718,0
1,1,0,1,0.9417,0,0,0,2496,138,0.647,0,0,3,7738.07,0,0.7856,0
1,1,1,1,0.9576,0,0,1,169,0,0.9479,0,0,2,12160.04,0,1.0,0
1,1,1,1,1.1496,0,0,0,1766,9,2.613,0,0,9,100176.12,1,0.5533,1
1,1,1,1,0.9313,0,0,1,118,2,0.607,0,0,0,680.99,0,0.8485,0
1,1,1,1,1.071,0,0,0,2000,77,1.1452,0,0,2,7163.96,0,0.8006,0
1,1,1,1,0.9216,0,0,0,398,197,0.8364,0,0,1,25200.28,0,0.7031,0
1,1,1,1,0.9036,0,0,0,3079,199,1.1272,0,0,0,2772.98,0,1.0,0
1,1,1,1,1.0427,0,0,0,2047,103,1.326,0,0,1,1462.43,0,0.6114,0
1,1,1,1,0.9599,0,1,0,2193,150,0.7831,0,0,1,29266.84,0,0.949,0
1,1,1,1,0.8887,0,0,0,2693,31,1.1652,0,0,3,11900.27,0,0.7333,0
1,1,1,0,1.0633,0,0,1,39,4,0.9611,0,0,0,5590.66,0,0.7661,0
1,1,1,1,1.0431,0,0,0,3317,74,1.0143,0,0,2,2498.94,0,0.9492,0
1,1,1,1,1.0413,0,0,0,3336,175,0.5726,1,0,1,16712.91,0,0.9312,0
1,1,1,1,1.0459,0,0,0,2123,14,1.3908,0,0,1,4818.62,0,0.7091,0
1,1,1,1,0.9624,0,0,0,771,115,1.3527,0,0,3,27089.32,0,0.9912,0
1,1,1,1,0.9712,0,0,1,146,5,0.9608,0,0,3,5095.51,0,0.7013,0
1,1,1,1,0.9908,0,0,0,1333,144,0.707,0,0,2,8662.78,0,0.8623,0
1,1,1,1,0.9888,0,0,0,2875,43,1.1622,0,0,2,10774.76,0,0.9325,0
1,1,1,1,1.0035,0,0,0,3481,94,0.8686,0,0,2,10698.69,0,0.7485,0
1,1,1,1,1.0022,0,0,0,648,94,0.7822,0,0,1,42810.3,0,0.8506,0
1,0,1,1,1.0342,0,0,0,2734,90,1.4997,0,0,3,29986.03,0,0.8405,0
1,1,1,1,0.8962,0,0,0,269,159,1.2071,0,0,3,339.96,0,0.9797,0
1,1,1,1,0.9717,0,0,0,1723,160,1.1445,0,0,2,28277.98,0,0.9017,0
1,1,1,1,1.024,0,0,0,251,126,0.9985,0,0,0,16363.38,0,1.0,0
1,1,1,1,1.0048,0,0,0,383,172,1.2943,0,0,1,4858.37,0,0.6168,0
1,1,1,1,0.9814,0,0,0,3411,33,0.8293,0,0,1,2195.25,0,0.7619,0
1,1,0,0,1.042,0,0,0,3167,100,0.7425,1,0,1,17321.57,0,0.6623,0
1,1,1,1,0.9644,0,0,0,757,120,0.6434,0,0,3,9584.26,0,0.7022,0
1,1,1,1,0.9825,0,0,0,1303,187,0.9767,0,0,1,4815.12,0,0.9213,0
1,0,1,0,1.0515,0,0,0,2174,40,0.8929,0,0,0,5898.46,0,0.7991,0
1,1,1,1,1.0664,0,0,0,2167,46,0.9741,0,0,0,18569.95,0,0.5287,0
1,1,1,1,1.1037,0,0,1,121,3,1.0416,0,0,2,5513.79,0,0.7678,0
1,1,1,1,1.0053,0,0,0,3474,190,1.5988,0,0,2,8731.24,0,0.7353,0
1,1,1,1,0.9552,0,0,0,2303,17,0.757,0,0,3,2846.6,0,0.8276,0
1,1,1,0,0.9843,0,0,1,97,2,0.2368,0,0,0,15977.7,0,0.7892,0
0,0,1,1,1.0693,0,0,0,1731,69,1.1466,0,0,3,34041.24,0,0.7528,0
1,1,1,1,1.0459,1,0,0,2645,198,1.4792,0,0,1,2640.3,0,0.6667,0
1,1,1,1,0.9762,0,0,0,1161,6,1.3349,0,0,0,5199.77,0,0.9681,0
0,0,1,1,0.9981,0,0,1,157,1,0.6739,0,0,1,16871.53,0,0.9329,0
1,1,1,1,1.0057,0,0,0,671,165,1.3194,0,0,0,6361.12,0,0.9312,0
1,1,1,1,0.9577,0,0,0,1105,131,0.6547,0,0,3,31194.05,0,0.6733,0
0,0,1,1,1.0062,0,0,0,1849,83,0.9403,0,0,3,22429.02,0,1.0,0
1,1,1,1,0.9768,0,0,0,1309,6,1.2873,1,0,0,12001.27,0,0.865,0
1,1,1,1,0.9629,0,0,0,3015,160,0.718,0,0,3,10796.21,0,0.9226,0
1,1,1,1,1.0224,0,0,0,2367,181,0.9115,0,0,1,9051.37,0,0.9759,0
1,1,1,1,1.0214,0,0,0,1426,162,0.9146,1,0,3,3033.84,0,0.8242,0
1,1,1,0,0.9801,0,0,0,2225,108,1.1336,0,0,3,5318.11,0,0.8538,0
1,1,1,1,0.9825,0,0,0,3321,146,1.29,0,0,3,5194.51,0,0.7705,0
1,1,1,1,0.9266,0,0,1,47,4,1.0904,0,0,3,6842.35,0,0.7014,0
1,1,1,1,1.0021,0,0,0,504,178,1.2264,0,0,2,2629.47,0,0.7841,0
1,1,1,0,0.9517,0,0,0,381,188,1.0483,0,0,3,14700.75,0,0.8247,0
1,1,1,1,0.9444,0,0,0,293,73,0.7269,0,0,3,32122.05,0,0.8097,0
1,1,1,1,1.0284,0,0,0,188,52,1.1529,0,0,0,4020.16,0,0.7375,0
1,1,1,1,1.0012,0,0,0,2776,65,1.2433,0,0,2,5241.92,0,0.8375,0
1,1,1,1,1.0363,0,0,0,1863,128,0.8588,0,1,2,16616.66,0,0.9177,0
1,1,1,1,0.9463,0,0,0,1876,87,0.7556,0,0,2,33410.67,0,0.7165,0
0,0,1,1,0.9748,0,0,1,133,4,1.2533,0,0,1,60685.08,0,0.851,0
1,1,1,1,0.9885,0,0,0,2649,154,1.8617,0,0,1,3182.5,0,1.0,0
1,1,1,1,1.038,0,0,1,159,3,0.9215,0,0,0,25831.71,0,0.7698,0
1,1,1,1,1.0329,0,1,0,524,154,1.5606,0,0,0,54628.83,0,0.8919,0
1,1,1,1,1.0681,0,0,0,3312,121,1.433,1,0,0,4002.51,0,0.7427,0
0,0,1,1,0.9983,0,0,0,1530,93,0.7365,0,0,3,317.47,0,0.7371,0
1,1,1,1,1.0507,0,0,0,2770,21,0.6748,0,0,1,1925.19,0,0.8832,0
1,1,1,1,1.2233,0,1,0,775,46,3.1283,1,0,4,10282.99,1,0.5132,1
1,1,1,1,1.0161,0,0,0,2660,169,1.0084,0,0,0,4520.29,0,0.7455,0
1,1,1,1,1.0384,0,0,0,2413,100,0.7462,0,0,1,5035.04,0,0.9096,0
1,1,1,1,1.0118,0,0,1,31,5,1.1684,0,0,1,69169.91,0,0.7935,0
1,1,1,1,0.9711,0,0,0,622,80,1.1042,0,0,3,2827.03,0,0.8577,0
1,1,1,1,0.9831,0,0,1,170,2,1.2685,0,1,0,7491.41,0,0.8072,0
1,1,1,1,1.0423,0,0,0,967,173,0.5494,0,0,3,2028.86,0,0.7898,0
1,1,1,1,1.0407,0,0,0,915,24,1.0612,0,0,1,36453.62,0,1.0,0
1,1,1,1,0.9161,0,1,0,2118,132,0.7452,0,0,1,1137.41,0,0.9109,0
1,1,1,0,0.9408,0,0,0,1868,35,1.2565,0,0,3,6933.51,0,0.8577,0
1,1,1,1,0.9774,0,0,0,1833,116,1.0943,0,0,2,984.71,0,0.9351,0
1,1,1,1,1.0688,0,0,0,314,55,0.7782,0,0,3,22179.52,0,0.9618,0
1,1,1,1,1.4631,0,1,0,863,35,2.0422,0,0,11,101104.04,1,0.7659,1
1,1,1,1,1.0138,0,0,0,1729,116,1.3354,0,0,0,2030.63,0,0.8176,0
1,1,1,1,1.0233,0,0,0,1317,147,0.3844,0,0,2,626.07,0,0.993,0
1,1,0,1,1.0053,0,0,0,1889,94,0.6653,0,0,0,6695.98,0,0.6801,0
0,0,1,1,1.3935,0,1,0,206,39,1.002,0,0,1,14378.8,0,0.943,1
1,1,1,1,0.9957,0,0,1,140,4,1.2623,0,0,2,21027.86,0,0.8909,0
1,1,1,1,1.0228,0,0,0,3099,117,0.9378,0,0,0,50452.48,0,0.7819,0
1,1,1,1,0.9722,0,0,0,1611,69,0.5586,0,0,0,17087.46,0,0.7877,0
1,1,1,1,1.0462,0,0,0,2787,89,0.762,0,0,0,710.98,0,0.9405,0
1,1,1,1,0.9499,0,0,1,149,5,0.9747,0,0,0,26625.05,0,1.0,0
1,1,1,1,1.0456,0,0,0,2309,5,1.1245,0,0,0,8601.0,1,0.9018,0
1,1,1,1,0.9421,0,0,0,713,39,1.1704,0,0,2,971.61,0,0.9614,0
1,1,1,1,0.9622,0,0,0,651,73,1.2057,0,0,2,4366.71,0,0.9907,0
1,1,1,1,1.0374,0,0,0,2282,75,0.7598,0,0,1,3932.64,0,0.8364,0
1,1,0,1,1.0329,0,0,0,3626,30,0.9107,0,0,3,37395.82,0,0.8632,0
1,1,1,1,0.9854,0,0,0,1017,182,0.5981,0,0,0,13264.78,0,0.8127,0
1,1,1,1,0.9411,0,0,0,3530,117,1.0184,0,0,0,4965.83,0,0.7205,0
1,1,0,1,1.0188,0,0,0,1497,78,0.3083,0,0,0,10068.56,0,0.637,0
1,1,1,1,0.9968,0,0,0,2735,72,0.5247,0,0,1,2530.42,0,0.8654,0
1,1,1,1,1.0484,0,0,0,1678,186,0.7967,0,0,3,4919.83,0,0.6687,0
1,1,1,1,0.9922,0,0,0,2628,29,0.9024,0,0,2,12209.8,0,0.8872,0
1,1,1,1,1.1066,0,0,0,2116,155,0.9352,0,0,1,8282.37,0,0.7985,0
1,1,1,1,0.9655,0,0,0,2501,8,0.7153,0,0,1,20016.23,0,0.9525,0
1,1,1,1,0.9927,0,0,0,1712,43,1.093,0,0,2,5415.26,0,0.7498,0
1,1,1,1,0.9048,1,0,0,106,43,0.9949,1,0,2,32133.29,0,0.3955,1
1,1,1,1,1.0264,0,0,0,3384,42,0.8883,1,0,2,8705.97,0,0.7333,0
1,1,1,1,1.0651,0,0,0,2946,164,0.9778,0,0,3,22982.72,0,0.8823,0
1,1,1,1,0.9879,0,0,0,1796,152,0.8441,0,0,2,26558.42,0,0.9706,0
1,0,1,1,1.1014,0,0,0,1029,115,1.2808,0,0,3,10241.47,0,0.8196,0
1,1,1,1,1.0253,0,0,0,2483,139,1.3972,0,0,1,11762.81,0,0.8828,0
1,1,1,1,0.9294,0,0,0,855,128,1.0633,0,0,1,37571.64,0,0.9221,0
1,1,1,1,1.0038,0,0,0,1401,6,0.7086,0,0,1,4563.91,0,0.5786,0
1,1,1,1,1.0209,0,0,0,1956,177,0.5437,0,0,2,151.06,0,0.9938,0
1,1,1,1,1.0028,0,1,0,2425,59,0.9994,0,0,2,56713.43,0,0.8542,0
1,1,1,1,1.0593,0,0,0,2704,124,1.4353,0,0,0,18552.1,0,0.8246,0
1,1,1,1,1.0541,0,0,0,2514,195,0.756,0,0,3,67827.69,0,0.9004,0
1,1,1,0,0.9494,0,0,0,2078,67,0.8124,0,0,0,6696.31,0,0.7946,0
1,1,1,1,1.0166,0,0,0,2788,45,1.3562,0,0,2,35520.5,0,0.8178,0
1,1,1,1,1.15,0,0,0,2288,197,1.2078,0,0,0,724.64,0,0.9989,0
1,1,1,1,0.9825,0,0,0,3572,36,1.4457,0,0,3,3791.65,0,0.8779,0
1,1,1,1,1.0438,0,0,0,3612,63,1.644,0,0,2,18384.43,0,0.8346,0
1,1,1,1,0.9392,0,0,0,1042,182,0.5939,0,0,1,7821.88,0,0.7237,0
1,1,1,1,1.0064,0,0,0,806,36,1.0371,0,0,1,4026.45,0,0.7641,0
